DisNo.,Historic,Classification Key,Disaster Group,Disaster Subgroup,Disaster Type,Disaster Subtype,External IDs,Event Name,ISO,Country,Subregion,Region,Location,Origin,Associated Types,OFDA/BHA Response,Appeal,Declaration,AID Contribution ('000 US$),Magnitude,Magnitude Scale,Latitude,Longitude,River Basin,Start Year,Start Month,Start Day,End Year,End Month,End Day,Total Deaths,No. Injured,No. Affected,No. Homeless,Total Affected,Reconstruction Costs ('000 US$),"Reconstruction Costs, Adjusted ('000 US$)",Insured Damage ('000 US$),"Insured Damage, Adjusted ('000 US$)",Total Damage ('000 US$),"Total Damage, Adjusted ('000 US$)",CPI,Admin Units,GADM Admin Units,Entry Date,Last Update
1939-0017-AUS,Yes,nat-cli-wil-lan,Natural,Climatological,Wildfire,"Land fire (Brush, Bush, Pasture)",,,AUS,Australia,Australia and New Zealand,Oceania,Victoria (New South Wales),,,No,No,No,,5000,Km2,,,,1939,1,13,1939,1,13,71,,,3900,3900,,,,,,,4.430457951,,,2003-07-01,2025-09-04
1944-0028-AUS,Yes,nat-cli-wil-lan,Natural,Climatological,Wildfire,"Land fire (Brush, Bush, Pasture)",,,AUS,Australia,Australia and New Zealand,Oceania,Western District Victoria,,,No,No,No,,5000,Km2,,,,1944,,,1944,,,49,,,2100,2100,,,,,,,5.609788484,,,2003-07-01,2023-09-25
1955-0037-AUS,Yes,nat-hyd-flo-flo,Natural,Hydrological,Flood,Flood (General),,,AUS,Australia,Australia and New Zealand,Oceania,New South Wales,,,No,No,No,,,Km2,,,Hunter river,1955,2,23,1955,3,1,25,,15000,,15000,,,,,,,8.535527738,,,2003-07-01,2025-09-10
1967-0018-AUS,Yes,nat-cli-wil-lan,Natural,Climatological,Wildfire,"Land fire (Brush, Bush, Pasture)",,,AUS,Australia,Australia and New Zealand,Oceania,Hobart (Tasmania),,,Yes,No,No,,,Km2,,,,1967,2,7,1967,2,7,62,100,3000,,3100,,,,,68500,644147,10.63421099,,,2003-07-01,2023-09-25
1967-9012-AUS,Yes,nat-cli-dro-dro,Natural,Climatological,Drought,Drought,,,AUS,Australia,Australia and New Zealand,Oceania,South-East,,,No,No,No,,,Km2,,,,1967,,,1969,,,600,,,,,,,,,600000,5642168,10.63421099,,,2006-09-14,2025-03-06
1968-0080-AUS,Yes,nat-cli-wil-lan,Natural,Climatological,Wildfire,"Land fire (Brush, Bush, Pasture)",,,AUS,Australia,Australia and New Zealand,Oceania,New South Wales,,,Yes,No,No,,,Km2,,,,1968,11,,1968,11,,12,,1000,800,1800,,,,,1000,9018,11.08848066,,,2003-07-01,2023-09-25
1970-0109-AUS,Yes,nat-met-sto-tro,Natural,Meteorological,Storm,Tropical cyclone,,Ada,AUS,Australia,Australia and New Zealand,Oceania,Queensland,,,No,No,No,,,Kph,,,,1970,1,,1970,1,,13,,,,,,,,,72475,585566,12.37691039,,,2003-07-01,2023-09-25
1971-0015-AUS,Yes,nat-hyd-flo-riv,Natural,Hydrological,Flood,Riverine flood,,,AUS,Australia,Australia and New Zealand,Oceania,"South Wales, Queensland, Victoria",,,No,No,No,,,Km2,,,,1971,2,9,1971,2,9,27,,,,,,,,,20000,154940,12.90822653,,,2003-07-01,2023-09-25
1971-0096-AUS,Yes,nat-met-sto-tro,Natural,Meteorological,Storm,Tropical cyclone,,Althea,AUS,Australia,Australia and New Zealand,Oceania,Townsville area (Queensland),,,No,No,No,,,Kph,,,,1971,12,24,1971,12,24,3,,,,,,,,,119219,923589,12.90822653,,,2003-07-01,2023-09-25
1973-0051-AUS,Yes,nat-hyd-flo-flo,Natural,Hydrological,Flood,Flood (General),,,AUS,Australia,Australia and New Zealand,Oceania,"Queensland, New South Wales",,,Yes,No,No,,,Km2,,,,1973,12,,1974,1,,12,,11000,1000,12000,,,,,71000,501620,14.15414734,,,2003-07-01,2023-09-25
1974-0061-AUS,Yes,nat-met-sto-tro,Natural,Meteorological,Storm,Tropical cyclone,,Tracy,AUS,Australia,Australia and New Zealand,Oceania,Darwin,,,Yes,No,No,,,Kph,,,,1974,12,25,1974,12,25,65,640,45000,,45640,,,,,800000,5089427,15.71886237,,,2003-07-01,2023-09-25
1974-0091-AUS,Yes,nat-met-sto-tro,Natural,Meteorological,Storm,Tropical cyclone,,Wanda,AUS,Australia,Australia and New Zealand,Oceania,Brisbane (Queensland),,,No,No,No,,,Kph,,,,1974,1,,1974,1,,11,,,,,,,,,296717,1887649,15.71886237,,,2003-07-01,2023-09-25
1974-0096-AUS,Yes,nat-hyd-flo-flo,Natural,Hydrological,Flood,Flood (General),,,AUS,Australia,Australia and New Zealand,Oceania,Brisbane,,,No,No,No,,,Km2,,,,1974,1,,1974,1,,14,,,,,,,,,5972,37993,15.71886237,,,2003-07-01,2023-09-25
1974-9100-AUS,Yes,nat-cli-dro-dro,Natural,Climatological,Drought,Drought,,,AUS,Australia,Australia and New Zealand,Oceania,Central New South Wales,,,No,No,No,,45000,Km2,,,,1974,12,,1975,1,,,,,,,,,,,,,15.71886237,,,2006-02-13,2025-03-06
1976-0067-AUS,Yes,nat-hyd-flo-flo,Natural,Hydrological,Flood,Flood (General),,,AUS,Australia,Australia and New Zealand,Oceania,Queanreyan,,,No,No,No,,,Km2,,,,1976,10,,1976,10,,,,10000,,10000,,,,,,,18.14164401,,,2003-07-01,2023-09-25
1976-0131-AUS,Yes,nat-met-sto-sto,Natural,Meteorological,Storm,Storm (General),,,AUS,Australia,Australia and New Zealand,Oceania,Sydney,,,No,No,No,,,Kph,,,,1976,11,10,1976,11,10,,,,,,,,,,38024,209595,18.14164401,,,2003-07-01,2023-09-25
1976-9126-AUS,Yes,nat-cli-dro-dro,Natural,Climatological,Drought,Drought,,,AUS,Australia,Australia and New Zealand,Oceania,"Victoria, South Australia, Southern Inland New South Wales",,,No,No,No,,,Km2,,,,1976,,,1976,,,,,,,,,,,,,,18.14164401,,,2006-02-13,2025-03-06
1976-9127-AUS,Yes,nat-cli-dro-dro,Natural,Climatological,Drought,Drought,,,AUS,Australia,Australia and New Zealand,Oceania,Southwest of Western Australia,,,No,No,No,,,Km2,,,,1976,5,,1976,8,,,,,,,,,,,,,18.14164401,,,2006-02-13,2025-03-06
1977-0227-AUS,Yes,nat-cli-wil-lan,Natural,Climatological,Wildfire,"Land fire (Brush, Bush, Pasture)",,,AUS,Australia,Australia and New Zealand,Oceania,"Blue Mountains, New South Wales",,,No,No,No,,,Km2,,,,1977,12,,1977,12,,3,,,,,,,,,2168,11221,19.32115691,,,2003-07-01,2023-09-25
1978-0049-AUS,Yes,nat-met-sto-tro,Natural,Meteorological,Storm,Tropical cyclone,,Alby,AUS,Australia,Australia and New Zealand,Oceania,Western,,,No,No,No,,,Kph,,,,1978,4,,1978,4,,5,,100,,100,,,,,1000000,4808721,20.79554994,,,2005-04-05,2023-09-25
1978-0198-AUS,Yes,nat-hyd-flo-flo,Natural,Hydrological,Flood,Flood (General),,,AUS,Australia,Australia and New Zealand,Oceania,"Sydney, Penrith (New South Wale)",,,No,No,No,,,Km2,,,,1978,3,,1978,3,,6,,,,,,,,,17258,82989,20.79554994,,,2003-07-01,2023-09-25
1978-0199-AUS,Yes,nat-hyd-flo-flo,Natural,Hydrological,Flood,Flood (General),,,AUS,Australia,Australia and New Zealand,Oceania,Eastern parts of Victoria,,,No,No,No,,,Km2,,,,1978,5,,1978,5,,1,,,,,,,,,3452,16600,20.79554994,,,2003-07-01,2023-09-25
1978-9200-AUS,Yes,nat-cli-dro-dro,Natural,Climatological,Drought,Drought,,,AUS,Australia,Australia and New Zealand,Oceania,"Southern Queensland, New South Wales, Victoria, Northeast Tasmania",,,No,No,No,,,Km2,,,,1978,,,1978,,,,,,,,,,,,,,20.79554994,,,2006-02-13,2025-03-12
1979-0242-AUS,Yes,nat-met-sto-tro,Natural,Meteorological,Storm,Tropical cyclone,,Hazel,AUS,Australia,Australia and New Zealand,Oceania,Western Australia,,,No,No,No,,,Kph,,,,1979,3,,1979,3,,15,,,,,,,,,31286,135227,23.13598094,,,2003-07-01,2023-09-25
1981-0184-AUS,Yes,nat-hyd-flo-riv,Natural,Hydrological,Flood,Riverine flood,,,AUS,Australia,Australia and New Zealand,Oceania,Queensland,,,No,No,No,,,Km2,,,,1981,1,,1981,1,,2,,,,,,,,,11279,38912,28.98572483,,,2003-07-01,2023-09-25
1981-9188-AUS,Yes,nat-cli-dro-dro,Natural,Climatological,Drought,Drought,,,AUS,Australia,Australia and New Zealand,Oceania,"Queensland, New South Wales, Victoria States",,,No,No,No,,,Km2,,,,1981,,,1982,,,,,80000,,80000,,,,,6000000,20699845,28.98572483,,,2006-02-13,2025-03-12
1982-0255-AUS,Yes,nat-met-sto-tro,Natural,Meteorological,Storm,Tropical cyclone,,Dominic,AUS,Australia,Australia and New Zealand,Oceania,North Queensland,,,No,No,No,,,Kph,,,,1982,4,,1982,4,,1,,,,,,,,,6864,22313,30.76296178,,,2003-07-01,2023-09-25
1982-0264-AUS,Yes,nat-met-sto-lig,Natural,Meteorological,Storm,Lightning/Thunderstorms,,,AUS,Australia,Australia and New Zealand,Oceania,"Victoria, Melbourne",,,No,No,No,,139,Kph,,,,1982,11,15,1982,11,15,,,,,,,,,,12454,40484,30.76296178,,,2003-07-01,2023-09-25
1982-0266-AUS,Yes,nat-met-sto-lig,Natural,Meteorological,Storm,Lightning/Thunderstorms,,,AUS,Australia,Australia and New Zealand,Oceania,Southern Queensland,,,No,No,No,,,Kph,,,,1982,12,15,1982,12,15,,,,,,,,,,11767,38251,30.76296178,,,2003-07-01,2023-09-25
1983-0045-AUS,Yes,nat-cli-wil-lan,Natural,Climatological,Wildfire,"Land fire (Brush, Bush, Pasture)",,,AUS,Australia,Australia and New Zealand,Oceania,"South Australia, Victoria",,,Yes,No,No,,,Km2,,,,1983,2,16,1983,2,16,75,,,11000,11000,,,,,400000,1259795,31.75119967,,,2003-07-01,2023-09-25
1984-0109-AUS,Yes,nat-hyd-flo-fla,Natural,Hydrological,Flood,Flash flood,,,AUS,Australia,Australia and New Zealand,Oceania,Sydney area,,,No,No,No,,,Km2,,,,1984,11,9,1984,11,9,36,,,,,,,,,3000,9059,33.11667587,,,2003-07-01,2023-09-25
1985-0004-AUS,Yes,nat-cli-wil-lan,Natural,Climatological,Wildfire,"Land fire (Brush, Bush, Pasture)",,,AUS,Australia,Australia and New Zealand,Oceania,Southeastern,,,No,No,No,,,Km2,,,,1985,1,,1985,1,,5,100,,,100,,,,,15000,43743,34.2908695,,,2003-07-01,2023-09-25
1985-0023-AUS,Yes,nat-met-sto-hai,Natural,Meteorological,Storm,Hail,,,AUS,Australia,Australia and New Zealand,Oceania,"Brisbane, Queensland",,,No,No,No,,,Kph,,,,1985,1,18,1985,1,18,27,,,,,,,68400,199470,122000,355780,34.2908695,,,2010-07-29,2023-09-25
1985-0331-AUS,Yes,nat-cli-wil-lan,Natural,Climatological,Wildfire,"Land fire (Brush, Bush, Pasture)",,,AUS,Australia,Australia and New Zealand,Oceania,New South Wales,,,No,No,No,,,Km2,,,,1985,2,,1985,2,,6,,,,,,,,,18169,52985,34.2908695,,,2003-07-01,2023-09-25
1986-0029-AUS,Yes,nat-met-sto-tro,Natural,Meteorological,Storm,Tropical cyclone,,Winifred,AUS,Australia,Australia and New Zealand,Oceania,North Queensland,,,No,No,No,,,Kph,,,,1986,2,,1986,2,,3,12,,1000,1012,,,,,70000,200334,34.94173347,,,2003-07-01,2023-09-25
1986-0121-AUS,Yes,nat-met-sto-sto,Natural,Meteorological,Storm,Storm (General),,,AUS,Australia,Australia and New Zealand,Oceania,"Sydney, New South Wales",,,No,No,No,,,Kph,,,,1986,10,3,1986,10,3,,,,,,,,11200,32053,51000,145957,34.94173347,,,2003-07-01,2023-09-25
1986-0216-AUS,Yes,nat-met-sto-sto,Natural,Meteorological,Storm,Storm (General),,,AUS,Australia,Australia and New Zealand,Oceania,"Sydney, New South Wales",,,No,No,No,,,Kph,,,,1986,8,,1986,8,,4,,,,,,,,,68055,194767,34.94173347,,,2003-07-01,2023-09-25
1986-0231-AUS,Yes,nat-hyd-flo-flo,Natural,Hydrological,Flood,Flood (General),,,AUS,Australia,Australia and New Zealand,Oceania,"Central, South",,,No,No,No,,,Km2,,,,1986,8,3,1986,8,3,8,,,,,,,,,64200,183734,34.94173347,,,2003-07-01,2023-09-25
1988-0658-AUS,Yes,nat-met-sto-tro,Natural,Meteorological,Storm,Tropical cyclone,,Charlie,AUS,Australia,Australia and New Zealand,Oceania,Queensland,,,No,No,No,,,Kph,,,,1988,3,,1988,3,,1,,,,,,,,,20417,54158,37.69923694,,,2003-07-01,2023-09-25
1988-0659-AUS,Yes,nat-hyd-flo-fla,Natural,Hydrological,Flood,Flash flood,,,AUS,Australia,Australia and New Zealand,Oceania,Alice Springs,,,No,No,No,,,Km2,,,,1988,3,,1988,3,,6,,,,,,,,,,,37.69923694,,,2003-07-01,2023-09-25
1988-0685-AUS,Yes,nat-hyd-flo-flo,Natural,Hydrological,Flood,Flood (General),,,AUS,Australia,Australia and New Zealand,Oceania,,,,No,No,No,,,Km2,,,,1988,,,1988,,,10,,,,,,,,,,,37.69923694,,,2003-07-01,2023-09-25
1989-0396-AUS,Yes,nat-hyd-flo-flo,Natural,Hydrological,Flood,Flood (General),,,AUS,Australia,Australia and New Zealand,Oceania,"South Queensland, North New South Wales",,,No,No,No,,,Km2,,,,1989,4,,1989,4,,9,,,,,,,,,,,39.51898281,,,2003-07-01,2023-09-25
1989-0398-AUS,Yes,nat-met-sto-tro,Natural,Meteorological,Storm,Tropical cyclone,,Aivu,AUS,Australia,Australia and New Zealand,Oceania,"South New Gales, Queensland",,,No,No,No,,250,Kph,,,,1989,3,31,1989,4,5,10,,,,,,,94300,238620,94300,238620,39.51898281,,,2003-07-01,2023-09-25
1989-0399-AUS,Yes,nat-met-sto-tro,Natural,Meteorological,Storm,Tropical cyclone,,Orson,AUS,Australia,Australia and New Zealand,Oceania,,,,No,No,No,,250,Kph,,,,1989,4,17,1989,4,24,2,,,,,,,,,13611,34442,39.51898281,,,2003-07-01,2023-09-25
1990-0087-AUS,Yes,nat-hyd-flo-riv,Natural,Hydrological,Flood,Riverine flood,,,AUS,Australia,Australia and New Zealand,Oceania,From South Queensland to Central New South Wales,Heavy rain,,No,No,No,,,Km2,,,"Warrego River, Bogan River",1990,4,18,1990,4,24,6,,6000,,6000,,,,,195500,469363,41.65219605,,,2005-11-28,2023-09-25
1990-0269-AUS,Yes,nat-cli-wil-lan,Natural,Climatological,Wildfire,"Land fire (Brush, Bush, Pasture)",,,AUS,Australia,Australia and New Zealand,Oceania,"South New South Wales, North Victoria",,,No,No,No,,500,Km2,,,,1990,1,3,1990,1,3,,,,,,,,,,,,41.65219605,,,2003-07-01,2023-09-25
1990-0422-AUS,Yes,nat-met-sto-tro,Natural,Meteorological,Storm,Tropical cyclone,,Joy,AUS,Australia,Australia and New Zealand,Oceania,Queensland,,,No,No,No,,,Kph,,,,1990,12,25,1990,12,25,,,,,,,,,,155600,373570,41.65219605,,,2003-07-01,2023-09-25
1990-0724-AUS,Yes,nat-hyd-flo-coa,Natural,Hydrological,Flood,Coastal flood,,,AUS,Australia,Australia and New Zealand,Oceania,"Queensland Coast, Rockhampton",Extra-tropical cyclone,,No,No,Yes,,96490,Km2,,,Fitzroy,1990,12,25,1991,1,16,6,,800,,800,,,,,80000,192067,41.65219605,,,2006-07-18,2024-08-29
1991-0140-AUS,Yes,nat-met-sto-sev,Natural,Meteorological,Storm,Severe weather,,,AUS,Australia,Australia and New Zealand,Oceania,"Sydney, New South Wales",,,No,No,No,,,Kph,,,,1991,1,,1991,1,,,,,,,,,43000,99041,,,43.41615747,,,2003-07-01,2023-09-25
1991-0699-AUS,Yes,nat-met-sto-sto,Natural,Meteorological,Storm,Storm (General),,,AUS,Australia,Australia and New Zealand,Oceania,,,,No,No,No,,,Kph,,,,1991,11,8,1991,11,8,,,390,18,408,,,,,1560,3593,43.41615747,,,2003-07-01,2023-09-25
1991-9697-AUS,Yes,nat-cli-dro-dro,Natural,Climatological,Drought,Drought,,,AUS,Australia,Australia and New Zealand,Oceania,"Western, South",,,No,No,No,,,Km2,,,,1991,,,1991,,,,,,,,,,,,473000,1089456,43.41615747,,,2006-02-13,2025-03-14
1992-0178-AUS,Yes,nat-met-sto-hai,Natural,Meteorological,Storm,Hail,,,AUS,Australia,Australia and New Zealand,Oceania,Sydney region,,,No,No,No,,,Kph,,,,1992,2,12,1992,2,12,,,,,,,,48100,107531,103100,230488,44.73115338,,,2003-07-01,2023-09-25
1992-0380-AUS,Yes,nat-met-sto-sev,Natural,Meteorological,Storm,Severe weather,,,AUS,Australia,Australia and New Zealand,Oceania,Victoria,,,No,No,No,,,Kph,,,,1992,12,18,1992,12,18,2,,120,,120,,,,,274900,614561,44.73115338,,,2003-07-01,2023-09-25
1992-9543-AUS,Yes,nat-cli-dro-dro,Natural,Climatological,Drought,Drought,,,AUS,Australia,Australia and New Zealand,Oceania,Queensland,,,No,No,Yes,,,Km2,,,,1992,12,,1995,12,,,,7000000,,7000000,,,,,1500000,3353368,44.73115338,,,2012-10-12,2025-03-14
1993-0214-AUS,Yes,nat-hyd-flo-fla,Natural,Hydrological,Flood,Flash flood,,,AUS,Australia,Australia and New Zealand,Oceania,Victoria and New South Wales states,Brief torrential rain,,No,No,No,,4160,Km2,,,,1993,10,3,1993,10,15,1,30,15000,5500,20530,,,,,4600,9989,46.05146103,,,2005-11-18,2023-09-25
1993-0515-AUS,Yes,nat-met-ext-hea,Natural,Meteorological,Extreme temperature,Heat wave,,,AUS,Australia,Australia and New Zealand,Oceania,South-east Australia,,,No,No,No,,,°C,,,,1993,2,,1993,2,,17,500,3000000,,3000500,,,,,,,46.05146103,,,2003-07-01,2023-09-25
1993-0516-AUS,Yes,nat-met-sto-tor,Natural,Meteorological,Storm,Tornado,,,AUS,Australia,Australia and New Zealand,Oceania,Manduarh,,,No,No,No,,,Kph,,,,1993,9,,1993,9,,,20,10000,25,10045,,,,,,,46.05146103,,,2003-07-01,2023-09-25
1993-0517-AUS,Yes,nat-met-sto-sto,Natural,Meteorological,Storm,Storm (General),,,AUS,Australia,Australia and New Zealand,Oceania,"Melbourne, Shepparton",,,No,No,No,,,Kph,,,,1993,12,,1993,12,,,5,2000,20,2025,,,,,,,46.05146103,,,2003-07-01,2023-09-25
1994-0001-AUS,Yes,nat-cli-wil-lan,Natural,Climatological,Wildfire,"Land fire (Brush, Bush, Pasture)",,,AUS,Australia,Australia and New Zealand,Oceania,Nouvelle Galle du Sud,,,No,No,No,,8000,Km2,,,,1994,1,6,1994,1,6,4,120,25000,900,26020,,,,,150000,317445,47.25222839,,,2003-07-01,2023-09-25
1994-0127-AUS,Yes,nat-met-sto-sev,Natural,Meteorological,Storm,Severe weather,,,AUS,Australia,Australia and New Zealand,Oceania,"Narrogin, Albany, Katanning, Geraldton, Dongara, Moora Perth",,,No,No,No,,140,Kph,,,,1994,5,25,1994,5,25,2,20,240000,200,240220,,,,,77600,164225,47.25222839,,,2010-03-25,2023-09-25
1994-0210-AUS,Yes,nat-cli-wil-lan,Natural,Climatological,Wildfire,"Land fire (Brush, Bush, Pasture)",,,AUS,Australia,Australia and New Zealand,Oceania,New South Wales & Queenland,,,No,No,No,,,Km2,,,,1994,9,20,1994,9,20,,41,20000,100,20141,,,,,,,47.25222839,,,2003-07-01,2023-09-25
1994-0310-AUS,Yes,nat-met-sto-tro,Natural,Meteorological,Storm,Tropical cyclone,,Hurricane,AUS,Australia,Australia and New Zealand,Oceania,,,,No,No,No,,,Kph,,,,1994,1,19,1994,1,19,22,,,,,,,,,,,47.25222839,,,2003-07-01,2023-09-25
1994-0555-AUS,Yes,nat-met-sto-sto,Natural,Meteorological,Storm,Storm (General),,,AUS,Australia,Australia and New Zealand,Oceania,"Victoria, South Wales",,,No,No,No,,150,Kph,,,,1994,11,7,1994,11,7,1,54,2500000,50,2500104,,,,,,,47.25222839,,,2003-07-01,2023-09-25
1994-0641-AUS,Yes,nat-met-ext-hea,Natural,Meteorological,Extreme temperature,Heat wave,,,AUS,Australia,Australia and New Zealand,Oceania,Townsville,,,No,No,No,,,°C,,,,1994,1,,1994,1,,5,150,100000,,100150,,,,,,,47.25222839,,,2003-07-01,2023-09-25
1994-0644-AUS,Yes,nat-met-sto-lig,Natural,Meteorological,Storm,Lightning/Thunderstorms,,,AUS,Australia,Australia and New Zealand,Oceania,Sydney,,,No,No,No,,,Kph,,,,1994,11,,1994,11,,2,20,120000,70,120090,,,,,,,47.25222839,,,2003-07-01,2023-09-25
1994-0645-AUS,Yes,nat-met-ext-hea,Natural,Meteorological,Extreme temperature,Heat wave,,,AUS,Australia,Australia and New Zealand,Oceania,Southern NSW,,,No,No,No,,44,°C,,,,1994,12,,1994,12,,,34,1000000,,1000034,,,,,,,47.25222839,,,2003-07-01,2023-09-25
1995-0440-AUS,Yes,nat-met-sto-tro,Natural,Meteorological,Storm,Tropical cyclone,,Bobby,AUS,Australia,Australia and New Zealand,Oceania,Onslow,,,No,No,No,,104,Kph,,,,1995,2,,1995,2,,7,15,7000,30,7045,,,,,98000,201738,48.57784776,,,2003-07-01,2023-09-25
1995-0441-AUS,Yes,nat-met-sto-tor,Natural,Meteorological,Storm,Tornado,,,AUS,Australia,Australia and New Zealand,Oceania,"Merimbula, Pambula",,,No,No,No,,150,Kph,,,,1995,4,,1995,4,,,34,4500,120,4654,,,,,18700,38495,48.57784776,,,2003-07-01,2023-09-25
1995-0443-AUS,Yes,nat-met-ext-hea,Natural,Meteorological,Extreme temperature,Heat wave,,,AUS,Australia,Australia and New Zealand,Oceania,Western Sydney,,,No,No,No,,,°C,,,,1995,11,,1995,11,,1,100,500000,,500100,,,,,,,48.57784776,,,2003-07-01,2023-09-25
1995-0444-AUS,Yes,nat-met-sto-sto,Natural,Meteorological,Storm,Storm (General),,,AUS,Australia,Australia and New Zealand,Oceania,"South East & Brisbane, Granite Belt Region",,,No,No,No,,100,Kph,,,,1995,12,,1995,12,,1,15,400000,30,400045,,,,,84000,172918,48.57784776,,,2003-07-01,2023-09-25
1995-0445-AUS,Yes,nat-met-sto-sto,Natural,Meteorological,Storm,Storm (General),,,AUS,Australia,Australia and New Zealand,Oceania,"Maitland, Metford, Thornton, Tarree (Hunter Valley & Mid-North Coast)",,,No,No,No,,,Kph,,,,1995,12,,1995,12,,,5,20000,20,20025,,,,,28000,57639,48.57784776,,,2003-07-01,2023-09-25
1996-0195-AUS,Yes,nat-met-sto-sto,Natural,Meteorological,Storm,Storm (General),,,AUS,Australia,Australia and New Zealand,Oceania,Sydney,,,No,No,No,,120,Kph,,,,1996,8,31,1996,8,31,6,20,450000,200,450220,,,,,47000,93997,50.00176806,,,2003-07-01,2023-09-25
1996-0225-AUS,Yes,nat-hyd-mmw-lan,Natural,Hydrological,Mass movement (wet),Landslide (wet),,,AUS,Australia,Australia and New Zealand,Oceania,Gracetown,,,No,No,No,,,,,,,1996,9,27,1996,9,27,9,1,100,,101,,,,,,,50.00176806,,,2003-07-01,2023-09-25
1996-0272-AUS,Yes,nat-hyd-flo-fla,Natural,Hydrological,Flood,Flash flood,,,AUS,Australia,Australia and New Zealand,Oceania,Coffs Harbour,,,No,No,No,,,Km2,,,,1996,11,25,1996,11,25,1,6,2700,400,3106,,,,,131000,261991,50.00176806,,,2003-07-01,2023-09-25
1996-0316-AUS,Yes,nat-met-sto-sto,Natural,Meteorological,Storm,Storm (General),,,AUS,Australia,Australia and New Zealand,Oceania,"Dubbo, Young, Bathurst & Southern Sydney",,,No,No,No,,100,Kph,,,,1996,2,,1996,2,,,21,60000,50,60071,,,,,9333,18665,50.00176806,,,2003-07-01,2023-09-25
1996-0317-AUS,Yes,nat-met-sto-sto,Natural,Meteorological,Storm,Storm (General),,,AUS,Australia,Australia and New Zealand,Oceania,Sydney,,,No,No,No,,100,Kph,,,,1996,2,,1996,2,,,4,70000,10,70014,,,,,39200,78397,50.00176806,,,2003-07-01,2023-09-25
1996-0318-AUS,Yes,nat-met-sto-tro,Natural,Meteorological,Storm,Tropical cyclone,,Olivia,AUS,Australia,Australia and New Zealand,Oceania,,,,No,No,No,,222,Kph,,,,1996,4,,1996,4,,,10,1500,250,1760,,,,,46700,93397,50.00176806,,,2003-07-01,2023-09-25
1996-0320-AUS,Yes,nat-hyd-flo-riv,Natural,Hydrological,Flood,Riverine flood,,,AUS,Australia,Australia and New Zealand,Oceania,"Brisbane (South Queensland), Grafton (Northern New South Wales)",Heavy rains,,No,No,No,,330400,Km2,,,,1996,5,2,1996,5,9,4,20,10000,100,10120,,,,,205300,410585,50.00176806,,,2006-07-11,2023-09-25
1996-0321-AUS,Yes,nat-met-sto-sto,Natural,Meteorological,Storm,Storm (General),,,AUS,Australia,Australia and New Zealand,Oceania,Armidale,,,No,No,No,,160,Kph,,,,1996,9,29,1996,9,29,,10,25000,120,25130,,,,,317300,634578,50.00176806,,,2005-12-02,2023-09-25
1996-0322-AUS,Yes,nat-met-sto-lig,Natural,Meteorological,Storm,Lightning/Thunderstorms,,,AUS,Australia,Australia and New Zealand,Oceania,Singleton district,,,No,No,No,,,Kph,,,,1996,12,,1996,12,,1,11,15000,600,15611,,,,,140000,279990,50.00176806,,,2003-07-01,2023-09-25
1997-0015-AUS,Yes,nat-hyd-flo-riv,Natural,Hydrological,Flood,Riverine flood,,,AUS,Australia,Australia and New Zealand,Oceania,Queensland State,,,No,No,No,,,Km2,,,,1997,2,4,1997,2,4,,,400,,400,,,,,,,51.17064996,,,2003-07-01,2023-09-25
1997-0153-AUS,Yes,nat-hyd-mmw-lan,Natural,Hydrological,Mass movement (wet),Landslide (wet),,,AUS,Australia,Australia and New Zealand,Oceania,Thredbo,,,No,No,No,,,,,,,1997,7,31,1997,7,31,19,,,,,,,,,,,51.17064996,,,2003-07-01,2023-09-25
1997-0246-AUS,Yes,nat-cli-wil-lan,Natural,Climatological,Wildfire,"Land fire (Brush, Bush, Pasture)",,,AUS,Australia,Australia and New Zealand,Oceania,North West,,,No,No,No,,1000,Km2,,,,1997,10,7,1997,10,7,,,,,,,,,,,,51.17064996,,,2003-07-01,2023-09-25
1997-0285-AUS,Yes,nat-cli-wil-lan,Natural,Climatological,Wildfire,"Land fire (Brush, Bush, Pasture)",,,AUS,Australia,Australia and New Zealand,Oceania,"From Tare To Bega, Coonabaraban",,,No,No,No,,2500,Km2,,,,1997,11,28,1997,11,28,2,,,,,,,,,6700,13093,51.17064996,,,2003-07-01,2023-09-25
1998-0011-AUS,Yes,nat-hyd-flo-coa,Natural,Hydrological,Flood,Coastal flood,,,AUS,Australia,Australia and New Zealand,Oceania,Towsville Area,Tropical cyclone,,No,No,No,,,Km2,,,,1998,1,1,1998,2,1,2,,200,,200,,,42900,82556,61300,117964,51.9649683,,,2005-12-02,2023-09-25
1998-0022-AUS,Yes,nat-hyd-flo-coa,Natural,Hydrological,Flood,Coastal flood,,,AUS,Australia,Australia and New Zealand,Oceania,Katherine,Tropical cyclone,,No,No,No,,,Km2,,,,1998,1,25,1998,1,28,2,,1175,,1175,,,42900,82556,100000,192437,51.9649683,,,2005-12-02,2023-09-25
1998-0059-AUS,Yes,nat-hyd-flo-riv,Natural,Hydrological,Flood,Riverine flood,,,AUS,Australia,Australia and New Zealand,Oceania,"Queensland, Burketown",,,No,No,No,,100000,Km2,,,,1998,3,5,1998,3,5,,,7000,,7000,,,,,,,51.9649683,,,2003-07-01,2023-09-25
1998-0192-AUS,Yes,nat-hyd-flo-fla,Natural,Hydrological,Flood,Flash flood,,,AUS,Australia,Australia and New Zealand,Oceania,Victoria State,Brief torrential rain,,No,No,No,,,Km2,,,Entrance Orbost Wuk Wuk Conn Snowy Buchan Mitchell Tambo Swift Creek rivers,1998,6,22,1998,6,24,1,,300,,300,,,,,,,51.9649683,,,2005-10-26,2023-09-25
1998-0227-AUS,Yes,nat-hyd-flo-riv,Natural,Hydrological,Flood,Riverine flood,,,AUS,Australia,Australia and New Zealand,Oceania,Narrabri,,,No,No,No,,1000,Km2,,,,1998,7,17,1998,9,8,14,,200,,200,,,,,100000,192437,51.9649683,,,2005-12-02,2023-09-25
1998-0261-AUS,Yes,nat-hyd-flo-riv,Natural,Hydrological,Flood,Riverine flood,,,AUS,Australia,Australia and New Zealand,Oceania,Wollongong (New South Wales),Heavy rains,,No,No,No,,,Km2,,,,1998,7,21,1998,9,9,1,,6300,,6300,,,,,122700,236121,51.9649683,,,2006-07-09,2023-09-25
1999-0001-AUS,Yes,nat-cli-wil-lan,Natural,Climatological,Wildfire,"Land fire (Brush, Bush, Pasture)",,,AUS,Australia,Australia and New Zealand,Oceania,"Victoria, South Australia",,,No,No,No,,1000,Km2,,,,1999,1,,1999,1,,1,,2000,,2000,,,,,,,53.10197229,,,2003-07-01,2023-09-25
1999-0051-AUS,Yes,nat-met-sto-tro,Natural,Meteorological,Storm,Tropical cyclone,,Rona,AUS,Australia,Australia and New Zealand,Oceania,Queensland State,,Flood,No,No,Yes,,170,Kph,,,,1999,2,2,1999,2,11,5,,2000,,2000,,,,,300000,564951,53.10197229,,,2006-07-09,2023-09-25
1999-0092-AUS,Yes,nat-met-sto-tro,Natural,Meteorological,Storm,Tropical cyclone,,Vance,AUS,Australia,Australia and New Zealand,Oceania,Exmouth,,,No,No,No,,300,Kph,,,,1999,3,19,1999,3,23,1,,2000,672,2672,,,,,200000,376634,53.10197229,,,2005-12-02,2023-09-25
1999-0104-AUS,Yes,nat-met-sto-hai,Natural,Meteorological,Storm,Hail,,,AUS,Australia,Australia and New Zealand,Oceania,Sydney,,Hail,No,No,No,,,Kph,,,,1999,4,14,1999,4,14,1,24,6000,,6024,,,1100000,2071486,1500000,2824754,53.10197229,,,2006-07-07,2023-09-25
1999-0739-AUS,Yes,nat-met-sto-sto,Natural,Meteorological,Storm,Storm (General),,John,AUS,Australia,Australia and New Zealand,Oceania,"Whim Creek, Roeburne",,,No,No,No,,300,Kph,,,,1999,7,14,1999,7,15,,1,,,1,,,,,196300,369666,53.10197229,,,2006-07-07,2023-09-25
2025-0165-AUS,No,nat-met-sto-tro,Natural,Meteorological,Storm,Tropical cyclone,,Tropical cyclone 'Alfred',AUS,Australia,Australia and New Zealand,Oceania,"Queensland state, New South Wales North Coast",,,No,No,No,,108,Kph,,,,2025,2,28,2025,3,10,1,13,,,13,,,1200000,,3500000,,,,,2025-03-11,2026-01-13
2020-0595-AUS,No,nat-met-sto-hai,Natural,Meteorological,Storm,Hail,,,AUS,Australia,Australia and New Zealand,Oceania,Brisbane,,,No,No,Yes,,,Kph,,,,2020,10,31,2020,10,31,,,,,,,,,,1200000,1454445,82.50568385,"[{""adm2_code"":154654,""adm2_name"":""Brisbane (C)""}]","[{""gid_2"":""AUS.7.8_1"",""migration_date"":""2025-12-20"",""migration_method"":""jaccard2"",""name_2"":""Brisbane""}]",2021-02-16,2025-12-20
2025-0075-AUS,No,nat-hyd-flo-flo,Natural,Hydrological,Flood,Flood (General),,,AUS,Australia,Australia and New Zealand,Oceania,"Townsville, Cardwell and Ingham (Queensland state)",,,No,No,No,,,Km2,,,,2024,2,29,2025,2,5,2,,6000,,6000,,,,,310000,310000,100,,,2025-02-07,2026-02-04
2025-0383-AUS,No,nat-met-sto-sev,Natural,Meteorological,Storm,Severe weather,,,AUS,Australia,Australia and New Zealand,Oceania,Hunter and Mid North Coast regions (New South Wales state),,Flood,No,No,Yes,,,Kph,,,,2025,5,18,2025,5,31,5,,50000,,50000,,,,,270000,,,,,2025-05-20,2026-02-04
2026-0018-AUS,No,nat-cli-wil-wil,Natural,Climatological,Wildfire,Wildfire (General),,,AUS,Australia,Australia and New Zealand,Oceania,Victoria (New South Wales),Warm temperatures and powerful winds,Heat wave,No,No,Yes,,,Km2,,,,2026,1,6,2026,1,28,1,,780,,780,,,,,,,,,,2026-01-09,2026-02-16
2021-0125-AUS,No,nat-met-sto-tro,Natural,Meteorological,Storm,Tropical cyclone,,Tropial cylone 'Niran',AUS,Australia,Australia and New Zealand,Oceania,Queensland and New South Wales,,Flood,No,No,No,,120,Kph,,,,2021,2,25,2021,3,4,,,6000,,6000,,,,,155000,179436,86.38165694,"[{""adm1_code"":470,""adm1_name"":""New South Wales""},{""adm1_code"":473,""adm1_name"":""Queensland""}]","[{""gid_1"":""AUS.5_1"",""migration_date"":""2025-12-20"",""migration_method"":""jaccard1"",""name_1"":""New South Wales""},{""gid_1"":""AUS.7_1"",""migration_date"":""2025-12-20"",""migration_method"":""jaccard1"",""name_1"":""Queensland""}]",2021-03-15,2025-12-20
2006-0139-AUS,No,nat-met-sto-tro,Natural,Meteorological,Storm,Tropical cyclone,GLIDE:TC-2006-000036,Larry,AUS,Australia,Australia and New Zealand,Oceania,Cairns district (Queensland province),,Flood,No,No,Yes,,290,Kph,-17.91,145.54,,2006,3,20,2006,4,2,,30,,7000,7030,,,335000,521280,1180000,1836152,64.26483222,"[{""adm2_code"":154657,""adm2_name"":""Cairns (R)""}]","[{""gid_2"":""AUS.7.13_1"",""migration_date"":""2025-12-20"",""migration_method"":""jaccard2"",""name_2"":""Cairns""}]",2007-03-09,2025-12-20
2017-0562-AUS,No,nat-met-sto-hai,Natural,Meteorological,Storm,Hail,,,AUS,Australia,Australia and New Zealand,Oceania,,,,No,No,No,,,Kph,,,,2017,3,6,2017,3,9,,,6000,,6000,,,390000,499098,490000,627072,78.14100176,,,2018-03-14,2023-09-25
2018-0459-AUS,No,nat-met-ext-hea,Natural,Meteorological,Extreme temperature,Heat wave,,,AUS,Australia,Australia and New Zealand,Oceania,,,,No,No,No,,49.3,°C,,,,2018,12,,2019,1,,,,,,,,,,,,,80.04959626,,,2019-01-02,2023-09-25
2023-0129-AUS,No,nat-hyd-flo-flo,Natural,Hydrological,Flood,Flood (General),,,AUS,Australia,Australia and New Zealand,Oceania,"Daguragu, Kalkarindji, Pigeon Hole and Palumpa in the Victoria Daly Region",Heavy rains,,No,No,No,,,Km2,,,Victoria river,2023,3,1,2023,3,3,,,700,,700,,,,,,,97.13499264,,,2023-03-15,2023-09-26
2023-0138-AUS,No,nat-hyd-flo-flo,Natural,Hydrological,Flood,Flood (General),,,AUS,Australia,Australia and New Zealand,Oceania,"Burketown, Riversleigh, Gregory Downs, Doomadgee, and Normanton Towns (northern Queensland)",Heavy rains,,No,No,No,,,Km2,,,,2023,3,10,2023,3,14,,,170,,170,,,,,,,97.13499264,,,2023-03-16,2023-09-26
2023-0815-AUS,No,nat-hyd-flo-flo,Natural,Hydrological,Flood,Flood (General),,,AUS,Australia,Australia and New Zealand,Oceania,"New South Wales, Victoria, South Australia and south-eastern Queensland States",Heavy rains,Lightening|Storm,No,No,No,,,Km2,,,,2023,11,27,2023,11,30,,,390,,390,,,,,,,97.13499264,,,2023-11-30,2023-12-01
2023-0828-AUS,No,nat-met-sto-tro,Natural,Meteorological,Storm,Tropical cyclone,,Cyclone 'Jasper',AUS,Australia,Australia and New Zealand,Oceania,"Cairns, Port Douglas, Daintree, Cooktown, Wujal Wujal and Hope Vale (Queensland)",,Flood,No,No,No,,220,Kph,,,,2023,12,13,2023,12,15,,,300,,300,,,,,,,97.13499264,,,2023-12-13,2025-03-18
2023-0856-AUS,No,nat-met-sto-sto,Natural,Meteorological,Storm,Storm (General),,,AUS,Australia,Australia and New Zealand,Oceania,"New South Wales, Queensland, Victoria provinces (Queensland)",,Flood|Lightening|Transport accident,No,No,No,,,Kph,,,,2023,12,23,2023,12,27,10,,2100,,2100,,,,,,,97.13499264,,,2024-01-02,2025-03-18
2024-0199-AUS,No,nat-hyd-flo-fla,Natural,Hydrological,Flood,Flash flood,,,AUS,Australia,Australia and New Zealand,Oceania,Greater Sidney area (eastern New South Wales State); Queensland,Heavy rains,"Slide (land, mud, snow, rock)|Storm",No,No,No,,,Km2,,,,2024,4,5,2024,4,9,,6,200,,206,,,,,260000,260000,100,,,2024-04-09,2025-01-29
2024-0746-AUS,No,nat-met-sto-sev,Natural,Meteorological,Storm,Severe weather,,,AUS,Australia,Australia and New Zealand,Oceania,Victoria and Tasmania states,Heavy rains,Flood|Lightening,No,No,No,,,Kph,,,,2024,8,28,2024,9,2,1,2,4400,,4402,,,,,,,100,,,2024-10-15,2025-03-18
2025-0047-AUS,No,nat-cli-wil-wil,Natural,Climatological,Wildfire,Wildfire (General),,,AUS,Australia,Australia and New Zealand,Oceania,"Dimbola and Wail towns, Little Desert National Park (Shire of Hindmarshand of the Wimmera region, Victoria state)",,,No,No,No,,,Km2,,,,2025,1,27,2025,1,29,,,260,,260,,,,,,,,,,2025-01-29,2025-02-13
2025-1019-AUS,No,nat-cli-wil-wil,Natural,Climatological,Wildfire,Wildfire (General),,,AUS,Australia,Australia and New Zealand,Oceania,Glenlusk and Levendale (Tasmania); Markwood (Victoria); Koolewong and Bulahdelah (New South Wales),Heatwave and windy conditions,Heat wave,No,No,No,,,Km2,,,,2025,12,5,2025,12,10,1,,42,117,159,,,,,,,,,,2025-12-05,2025-12-12
2000-0214-AUS,No,nat-met-sto-tro,Natural,Meteorological,Storm,Tropical cyclone,,Tessi,AUS,Australia,Australia and New Zealand,Oceania,Townsville district (Queensland province),,,No,No,No,,130,Kph,,,,2000,4,3,2000,4,3,,,400,,400,,,,,60000,109299,54.89515197,"[{""adm2_code"":154698,""adm2_name"":""Townsville (C)""}]","[{""gid_2"":""AUS.7.67_1"",""migration_date"":""2025-12-20"",""migration_method"":""jaccard2"",""name_2"":""Townsville""}]",2003-07-01,2025-12-20
2021-0058-AUS,No,nat-cli-wil-lan,Natural,Climatological,Wildfire,"Land fire (Brush, Bush, Pasture)",,,AUS,Australia,Australia and New Zealand,Oceania,Perth region,,,No,No,No,,,Km2,,,,2021,2,1,2021,2,7,,,,243,243,,,46000,53252,120000,138918,86.38165694,"[{""adm2_code"":5533,""adm2_name"":""Perth (C)""}]","[{""gid_2"":""AUS.11.101_1"",""migration_date"":""2025-12-20"",""migration_method"":""jaccard2"",""name_2"":""Perth""}]",2021-02-05,2025-12-20
2022-0103-AUS,No,nat-hyd-flo-flo,Natural,Hydrological,Flood,Flood (General),GLIDE:FF-2022-000187,,AUS,Australia,Australia and New Zealand,Oceania,"Mount Glorious, Bracken Ridge, Clontarf, Cooran, Pomona, Alderley, Lower Springbrook, Brisbane, Gympie , Sunshine Coast, Gold Coast i(south-eastern Queensland); Uki, Kunghur, Rosebank, Rous River, Nimbin, Mullumbimby, Bentley, Nana Glen , Blackbutt , Sydney , Warragamba (New South Wales)",Heavy rains,,No,No,Yes,,,Km2,,,Brisbane and Mary Rivers,2022,2,22,2022,3,3,22,,54000,,54000,,,3900000,4180306,6600000,7074364,93.29460735,"[{""adm1_code"":470,""adm1_name"":""New South Wales""},{""adm2_code"":154667,""adm2_name"":""Gold Coast (C)""},{""adm2_code"":154693,""adm2_name"":""Sunshine Coast (R)""}]","[{""gid_1"":""AUS.5_1"",""migration_date"":""2025-12-20"",""migration_method"":""jaccard1"",""name_1"":""New South Wales""},{""gid_2"":""AUS.7.28_1"",""migration_date"":""2025-12-20"",""migration_method"":""jaccard2"",""name_2"":""Gold Coast""},{""gid_2"":""AUS.7.62_1"",""migration_date"":""2025-12-20"",""migration_method"":""jaccard2"",""name_2"":""Sunshine Coast""}]",2022-02-24,2025-12-20
2022-0396-AUS,No,nat-hyd-flo-flo,Natural,Hydrological,Flood,Flood (General),GLIDE:FL-2022-000252,,AUS,Australia,Australia and New Zealand,Oceania,"New South Wales (south-east Australia), including Sydney City",Heavy rains,,No,No,Yes,,,Km2,,,"Hawkesbury, Nepean and Colo Rivers",2022,7,1,2022,7,8,1,,85000,,85000,,,,,466000,499493,93.29460735,"[{""adm1_code"":470,""adm1_name"":""New South Wales""}]","[{""gid_1"":""AUS.5_1"",""migration_date"":""2025-12-20"",""migration_method"":""jaccard1"",""name_1"":""New South Wales""}]",2022-07-05,2025-12-20
2000-0097-AUS,No,nat-met-sto-tro,Natural,Meteorological,Storm,Tropical cyclone,,Steve,AUS,Australia,Australia and New Zealand,Oceania,"Cairns, Tablelands districts (Queensland province), New South Wales province",,Flood,No,No,Yes,,120,Kph,,,,2000,2,27,2000,3,13,1,,200,,200,,,10000,18217,90000,163949,54.89515197,"[{""adm1_code"":470,""adm1_name"":""New South Wales""},{""adm2_code"":154657,""adm2_name"":""Cairns (R)""},{""adm2_code"":154694,""adm2_name"":""Tablelands (R)""}]","[{""gid_1"":""AUS.5_1"",""migration_date"":""2025-12-20"",""migration_method"":""jaccard1"",""name_1"":""New South Wales""},{""gid_2"":""AUS.7.13_1"",""migration_date"":""2025-12-20"",""migration_method"":""jaccard2"",""name_2"":""Cairns""},{""gid_2"":""AUS.7.63_1"",""migration_date"":""2025-12-20"",""migration_method"":""jaccard2"",""name_2"":""Tablelands""}]",2005-07-08,2025-12-20
2000-0843-AUS,No,nat-met-sto-tro,Natural,Meteorological,Storm,Tropical cyclone,,Sam,AUS,Australia,Australia and New Zealand,Oceania,"Bidyadanga area (Broome district, Western Australia province)",,,No,No,No,,280,Kph,,,,2000,12,7,2000,12,7,,,750,,750,,,,,,,54.89515197,"[{""adm2_code"":5445,""adm2_name"":""Broome (S)""}]","[{""gid_2"":""AUS.11.13_1"",""migration_date"":""2025-12-20"",""migration_method"":""jaccard2"",""name_2"":""Broome""}]",2003-07-01,2025-12-20
2001-0028-AUS,No,nat-hyd-flo-flo,Natural,Hydrological,Flood,Flood (General),,,AUS,Australia,Australia and New Zealand,Oceania,"Granville, Wenworthville villages (Parramatta district, New South Wales province), Merrylands village (Holroyd district, New South Wales province), Dural village (Hornsby district, New South Wales province), North Richmond village (Hawkesbury district, New South Wales province)",,,No,No,No,,100,Km2,,,,2001,1,,2001,1,,1,30,300,,330,,,,,12000,21259,56.44657635,"[{""adm2_code"":5017,""adm2_name"":""Hawkesbury (C)""},{""adm2_code"":5020,""adm2_name"":""Holroyd (C)""},{""adm2_code"":5021,""adm2_name"":""Hornsby (A)""},{""adm2_code"":5066,""adm2_name"":""Parramatta (C)""}]","[{""gid_2"":""AUS.5.106_1"",""migration_date"":""2025-12-20"",""migration_method"":""jaccard2"",""name_2"":""Parramatta""},{""gid_2"":""AUS.5.63_1"",""migration_date"":""2025-12-20"",""migration_method"":""jaccard2"",""name_2"":""Hawkesbury""},{""gid_2"":""AUS.5.65_1"",""migration_date"":""2025-12-20"",""migration_method"":""jaccard2"",""name_2"":""Holroyd""},{""gid_2"":""AUS.5.66_1"",""migration_date"":""2025-12-20"",""migration_method"":""jaccard2"",""name_2"":""Hornsby""}]",2003-07-01,2025-12-20
2001-0030-AUS,No,nat-met-sto-sto,Natural,Meteorological,Storm,Storm (General),,,AUS,Australia,Australia and New Zealand,Oceania,Sydney district (New South Wales province),,,No,No,No,,112,Kph,,,,2001,1,16,2001,1,16,1,,,,,,,,,6600,11692,56.44657635,"[{""adm2_code"":154637,""adm2_name"":""Sydney (C)""}]","[{""gid_2"":""AUS.5.122_1"",""migration_date"":""2025-12-20"",""migration_method"":""jaccard2"",""name_2"":""Sydney""}]",2003-07-01,2025-12-20
2001-0045-AUS,No,nat-met-sto-sto,Natural,Meteorological,Storm,Storm (General),,,AUS,Australia,Australia and New Zealand,Oceania,"Brisbane district (Queensland province), Kiama, Shellharbour, Wingecarribee, Wollongong, Hornsby, Ku-ring-gai, Waverley, Richmond Valley, Armidale Dumaresq, Tamworth Regional, Clarence Valley, Kyogle districts (New South Wales province)",,,No,No,No,,,Kph,,,,2001,1,18,2001,1,18,1,27,,,27,,,,,,,56.44657635,"[{""adm2_code"":5021,""adm2_name"":""Hornsby (A)""},{""adm2_code"":5029,""adm2_name"":""Kiama (A)""},{""adm2_code"":5031,""adm2_name"":""Ku-ring-gai (A)""},{""adm2_code"":5032,""adm2_name"":""Kyogle (A)""},{""adm2_code"":5080,""adm2_name"":""Shellharbour (C)""},{""adm2_code"":5105,""adm2_name"":""Waverley (A)""},{""adm2_code"":5111,""adm2_name"":""Wingecarribee (A)""},{""adm2_code"":5113,""adm2_name"":""Wollongong (C)""},{""adm2_code"":143250,""adm2_name"":""Armidale Dumaresq (A)""},{""adm2_code"":154617,""adm2_name"":""Clarence Valley (A)""},{""adm2_code"":154636,""adm2_name"":""Richmond Valley (A)""},{""adm2_code"":154638,""adm2_name"":""Tamworth Regional (A)""},{""adm2_code"":154654,""adm2_name"":""Brisbane (C)""}]","[{""gid_2"":""AUS.5.113_1"",""migration_date"":""2025-12-20"",""migration_method"":""jaccard2"",""name_2"":""Richmond Valley""},{""gid_2"":""AUS.5.116_1"",""migration_date"":""2025-12-20"",""migration_method"":""jaccard2"",""name_2"":""Shellharbour""},{""gid_2"":""AUS.5.123_1"",""migration_date"":""2025-12-20"",""migration_method"":""jaccard2"",""name_2"":""Tamworth Regional""},{""gid_2"":""AUS.5.142_1"",""migration_date"":""2025-12-20"",""migration_method"":""jaccard2"",""name_2"":""Waverley""},{""gid_2"":""AUS.5.147_1"",""migration_date"":""2025-12-20"",""migration_method"":""jaccard2"",""name_2"":""Wingecarribee""},{""gid_2"":""AUS.5.149_1"",""migration_date"":""2025-12-20"",""migration_method"":""jaccard2"",""name_2"":""Wollongong""},{""gid_2"":""AUS.5.2_1"",""migration_date"":""2025-12-20"",""migration_method"":""jaccard2"",""name_2"":""Armidale Dumaresq""},{""gid_2"":""AUS.5.33_1"",""migration_date"":""2025-12-20"",""migration_method"":""jaccard2"",""name_2"":""Clarence Valley""},{""gid_2"":""AUS.5.66_1"",""migration_date"":""2025-12-20"",""migration_method"":""jaccard2"",""name_2"":""Hornsby""},{""gid_2"":""AUS.5.73_1"",""migration_date"":""2025-12-20"",""migration_method"":""jaccard2"",""name_2"":""Kiama""},{""gid_2"":""AUS.5.75_1"",""migration_date"":""2025-12-20"",""migration_method"":""jaccard2"",""name_2"":""Ku-ring-gai""},{""gid_2"":""AUS.5.76_1"",""migration_date"":""2025-12-20"",""migration_method"":""jaccard2"",""name_2"":""Kyogle""},{""gid_2"":""AUS.7.8_1"",""migration_date"":""2025-12-20"",""migration_method"":""jaccard2"",""name_2"":""Brisbane""}]",2003-07-01,2025-12-20
2001-0130-AUS,No,nat-hyd-flo-riv,Natural,Hydrological,Flood,Riverine flood,,,AUS,Australia,Australia and New Zealand,Oceania,"Maclean, Yamba villages (Clarence Valley district, New South Wales province), Lismore, Woodburn villages (Lismore district, New South Wales province), Mullumbimby village (Byron district, New South Wales province), Murwillumbah area (Tweed district, New South Wales province), Smithtown, Gladstone areas (Kempsey district, New South Wales province), Coffs Harbour, Ballina, Kyogle, New South Wales",Heavy rain,,No,No,No,,30880,Km2,,,"Macleay, Clarence, Bellinger, Nambucca, Orara",2001,3,8,2001,3,15,3,1,3000,,3001,,,,,200000,354317,56.44657635,"[{""adm2_code"":4946,""adm2_name"":""Ballina (A)""},{""adm2_code"":4968,""adm2_name"":""Byron (A)""},{""adm2_code"":5028,""adm2_name"":""Kempsey (A)""},{""adm2_code"":5032,""adm2_name"":""Kyogle (A)""},{""adm2_code"":5038,""adm2_name"":""Lismore (C)""},{""adm2_code"":5094,""adm2_name"":""Tweed (A)""},{""adm2_code"":154617,""adm2_name"":""Clarence Valley (A)""},{""adm2_code"":154620,""adm2_name"":""Coffs Harbour (C)""}]","[{""gid_2"":""AUS.5.129_1"",""migration_date"":""2025-12-20"",""migration_method"":""jaccard2"",""name_2"":""Tweed""},{""gid_2"":""AUS.5.24_1"",""migration_date"":""2025-12-20"",""migration_method"":""jaccard2"",""name_2"":""Byron""},{""gid_2"":""AUS.5.33_1"",""migration_date"":""2025-12-20"",""migration_method"":""jaccard2"",""name_2"":""Clarence Valley""},{""gid_2"":""AUS.5.35_1"",""migration_date"":""2025-12-20"",""migration_method"":""jaccard2"",""name_2"":""Coffs Harbour""},{""gid_2"":""AUS.5.5_1"",""migration_date"":""2025-12-20"",""migration_method"":""jaccard2"",""name_2"":""Ballina""},{""gid_2"":""AUS.5.72_1"",""migration_date"":""2025-12-20"",""migration_method"":""jaccard2"",""name_2"":""Kempsey""},{""gid_2"":""AUS.5.76_1"",""migration_date"":""2025-12-20"",""migration_method"":""jaccard2"",""name_2"":""Kyogle""},{""gid_2"":""AUS.5.82_1"",""migration_date"":""2025-12-20"",""migration_method"":""jaccard2"",""name_2"":""Lismore""}]",2005-09-16,2025-12-20
2001-0655-AUS,No,nat-cli-wil-lan,Natural,Climatological,Wildfire,"Land fire (Brush, Bush, Pasture)",,,AUS,Australia,Australia and New Zealand,Oceania,New South Wales province,,,No,No,No,,280,Km2,,,,2001,10,,2001,10,,,,,,,,,,,,,56.44657635,"[{""adm1_code"":470,""adm1_name"":""New South Wales""}]","[{""gid_1"":""AUS.5_1"",""migration_date"":""2025-12-20"",""migration_method"":""jaccard1"",""name_1"":""New South Wales""}]",2003-07-01,2025-12-20
2002-0765-AUS,No,nat-cli-wil-lan,Natural,Climatological,Wildfire,"Land fire (Brush, Bush, Pasture)",,,AUS,Australia,Australia and New Zealand,Oceania,"Sydney (Ashfield (A), Auburn (C), Bankstown (C), Botany Bay (C), Burwood (A), Canada Bay (A), Canterbury (C), Holroyd (C), Hunters Hill (A), Hurstville (C), Kogarah (C), Ku-ring-gai (A), Lane Cove (A), Leichhardt (A), Manly (A), Marrickville (A), Mosman (A), North Sydney (A), Parramatta (C), Pittwater (A), Randwick (C), Rockdale (C), Ryde (C), Strathfield (A), Sutherland Shire (A), Sydney (C), Warringah (A), Waverley (A), Willoughby (C), Woollahra (A) districts, New South Wales province)",,,No,No,No,,,Km2,,,,2002,10,8,2002,12,6,2,4,,240,244,,,,,50000,87196,57.34184015,"[{""adm2_code"":4944,""adm2_name"":""Ashfield (A)""},{""adm2_code"":4945,""adm2_name"":""Auburn (C)""},{""adm2_code"":4948,""adm2_name"":""Bankstown (C)""},{""adm2_code"":4963,""adm2_name"":""Botany Bay (C)""},{""adm2_code"":4967,""adm2_name"":""Burwood (A)""},{""adm2_code"":4972,""adm2_name"":""Canterbury (C)""},{""adm2_code"":5020,""adm2_name"":""Holroyd (C)""},{""adm2_code"":5023,""adm2_name"":""Hunters Hill (A)""},{""adm2_code"":5024,""adm2_name"":""Hurstville (C)""},{""adm2_code"":5030,""adm2_name"":""Kogarah (C)""},{""adm2_code"":5031,""adm2_name"":""Ku-ring-gai (A)""},{""adm2_code"":5035,""adm2_name"":""Lane Cove (A)""},{""adm2_code"":5044,""adm2_name"":""Manly (A)""},{""adm2_code"":5045,""adm2_name"":""Marrickville (A)""},{""adm2_code"":5048,""adm2_name"":""Mosman (A)""},{""adm2_code"":5060,""adm2_name"":""North Sydney (A)""},{""adm2_code"":5066,""adm2_name"":""Parramatta (C)""},{""adm2_code"":5069,""adm2_name"":""Pittwater (A)""},{""adm2_code"":5073,""adm2_name"":""Randwick (C)""},{""adm2_code"":5075,""adm2_name"":""Rockdale (C)""},{""adm2_code"":5076,""adm2_name"":""Ryde (C)""},{""adm2_code"":5085,""adm2_name"":""Strathfield (A)""},{""adm2_code"":5086,""adm2_name"":""Sutherland Shire (A)""},{""adm2_code"":5104,""adm2_name"":""Warringah (A)""},{""adm2_code"":5105,""adm2_name"":""Waverley (A)""},{""adm2_code"":5109,""adm2_name"":""Willoughby (C)""},{""adm2_code"":5114,""adm2_name"":""Woollahra (A)""},{""adm2_code"":143252,""adm2_name"":""Canada Bay (A)""},{""adm2_code"":154629,""adm2_name"":""Leichhardt (A)""},{""adm2_code"":154637,""adm2_name"":""Sydney (C)""}]","[{""gid_2"":""AUS.5.101_1"",""migration_date"":""2025-12-20"",""migration_method"":""jaccard2"",""name_2"":""North Sydney""},{""gid_2"":""AUS.5.106_1"",""migration_date"":""2025-12-20"",""migration_method"":""jaccard2"",""name_2"":""Parramatta""},{""gid_2"":""AUS.5.108_1"",""migration_date"":""2025-12-20"",""migration_method"":""jaccard2"",""name_2"":""Pittwater""},{""gid_2"":""AUS.5.112_1"",""migration_date"":""2025-12-20"",""migration_method"":""jaccard2"",""name_2"":""Randwick""},{""gid_2"":""AUS.5.114_1"",""migration_date"":""2025-12-20"",""migration_method"":""jaccard2"",""name_2"":""Rockdale""},{""gid_2"":""AUS.5.115_1"",""migration_date"":""2025-12-20"",""migration_method"":""jaccard2"",""name_2"":""Ryde""},{""gid_2"":""AUS.5.120_1"",""migration_date"":""2025-12-20"",""migration_method"":""jaccard2"",""name_2"":""Strathfield""},{""gid_2"":""AUS.5.121_1"",""migration_date"":""2025-12-20"",""migration_method"":""jaccard2"",""name_2"":""Sutherland""},{""gid_2"":""AUS.5.122_1"",""migration_date"":""2025-12-20"",""migration_method"":""jaccard2"",""name_2"":""Sydney""},{""gid_2"":""AUS.5.140_1"",""migration_date"":""2025-12-20"",""migration_method"":""jaccard2"",""name_2"":""Warringah""},{""gid_2"":""AUS.5.142_1"",""migration_date"":""2025-12-20"",""migration_method"":""jaccard2"",""name_2"":""Waverley""},{""gid_2"":""AUS.5.146_1"",""migration_date"":""2025-12-20"",""migration_method"":""jaccard2"",""name_2"":""Willoughby""},{""gid_2"":""AUS.5.150_1"",""migration_date"":""2025-12-20"",""migration_method"":""jaccard2"",""name_2"":""Woollahra""},{""gid_2"":""AUS.5.19_1"",""migration_date"":""2025-12-20"",""migration_method"":""jaccard2"",""name_2"":""Botany Bay""},{""gid_2"":""AUS.5.23_1"",""migration_date"":""2025-12-20"",""migration_method"":""jaccard2"",""name_2"":""Burwood""},{""gid_2"":""AUS.5.28_1"",""migration_date"":""2025-12-20"",""migration_method"":""jaccard2"",""name_2"":""Canada Bay""},{""gid_2"":""AUS.5.29_1"",""migration_date"":""2025-12-20"",""migration_method"":""jaccard2"",""name_2"":""Canterbury""},{""gid_2"":""AUS.5.3_1"",""migration_date"":""2025-12-20"",""migration_method"":""jaccard2"",""name_2"":""Ashfield""},{""gid_2"":""AUS.5.4_1"",""migration_date"":""2025-12-20"",""migration_method"":""jaccard2"",""name_2"":""Auburn""},{""gid_2"":""AUS.5.65_1"",""migration_date"":""2025-12-20"",""migration_method"":""jaccard2"",""name_2"":""Holroyd""},{""gid_2"":""AUS.5.67_1"",""migration_date"":""2025-12-20"",""migration_method"":""jaccard2"",""name_2"":""Hunters Hill""},{""gid_2"":""AUS.5.68_1"",""migration_date"":""2025-12-20"",""migration_method"":""jaccard2"",""name_2"":""Hurstville""},{""gid_2"":""AUS.5.74_1"",""migration_date"":""2025-12-20"",""migration_method"":""jaccard2"",""name_2"":""Kogarah""},{""gid_2"":""AUS.5.75_1"",""migration_date"":""2025-12-20"",""migration_method"":""jaccard2"",""name_2"":""Ku-ring-gai""},{""gid_2"":""AUS.5.79_1"",""migration_date"":""2025-12-20"",""migration_method"":""jaccard2"",""name_2"":""Lane Cove""},{""gid_2"":""AUS.5.7_1"",""migration_date"":""2025-12-20"",""migration_method"":""jaccard2"",""name_2"":""Bankstown""},{""gid_2"":""AUS.5.81_1"",""migration_date"":""2025-12-20"",""migration_method"":""jaccard2"",""name_2"":""Leichhardt""},{""gid_2"":""AUS.5.88_1"",""migration_date"":""2025-12-20"",""migration_method"":""jaccard2"",""name_2"":""Manly""},{""gid_2"":""AUS.5.89_1"",""migration_date"":""2025-12-20"",""migration_method"":""jaccard2"",""name_2"":""Marrickville""},{""gid_2"":""AUS.5.92_1"",""migration_date"":""2025-12-20"",""migration_method"":""jaccard2"",""name_2"":""Mosman""}]",2005-12-01,2025-12-20
2003-0066-AUS,No,nat-met-sto-sto,Natural,Meteorological,Storm,Storm (General),,,AUS,Australia,Australia and New Zealand,Oceania,New South Wales province,,,No,No,No,,100,Kph,,,,2003,1,9,2003,1,9,1,,,,,,,,,,,58.64355298,"[{""adm1_code"":470,""adm1_name"":""New South Wales""}]","[{""gid_1"":""AUS.5_1"",""migration_date"":""2025-12-20"",""migration_method"":""jaccard1"",""name_1"":""New South Wales""}]",2003-09-02,2025-12-20
2004-0662-AUS,No,nat-hyd-flo-riv,Natural,Hydrological,Flood,Riverine flood,,,AUS,Australia,Australia and New Zealand,Oceania,"Eidsvold village (North Burnett district, Queensland province), Wee Waa village (Narrabri district, New South Wales province), Weemelah, Mungindi villages (Moree Plains district, New South Wales province), Mullumbimby, Billinudgel villages (Byron district, New South Wales province), Orange New South Wales",Heavy rain,,No,No,No,,80550,Km2,,,Tributaries of Darling river,2004,12,8,2004,12,22,3,,120,,120,,,,,15000,24911,60.21357973,"[{""adm2_code"":4968,""adm2_name"":""Byron (A)""},{""adm2_code"":5047,""adm2_name"":""Moree Plains (A)""},{""adm2_code"":5056,""adm2_name"":""Narrabri (A)""},{""adm2_code"":5064,""adm2_name"":""Orange (C)""},{""adm2_code"":154684,""adm2_name"":""North Burnett (R)""}]","[{""gid_2"":""AUS.5.103_1"",""migration_date"":""2025-12-20"",""migration_method"":""jaccard2"",""name_2"":""Orange""},{""gid_2"":""AUS.5.24_1"",""migration_date"":""2025-12-20"",""migration_method"":""jaccard2"",""name_2"":""Byron""},{""gid_2"":""AUS.5.91_1"",""migration_date"":""2025-12-20"",""migration_method"":""jaccard2"",""name_2"":""Moree Plains""},{""gid_2"":""AUS.5.97_1"",""migration_date"":""2025-12-20"",""migration_method"":""jaccard2"",""name_2"":""Narrabri""},{""gid_2"":""AUS.7.49_1"",""migration_date"":""2025-12-20"",""migration_method"":""jaccard2"",""name_2"":""North Burnett""}]",2005-01-03,2025-12-20
2004-0674-AUS,No,nat-met-sto-sto,Natural,Meteorological,Storm,Storm (General),,,AUS,Australia,Australia and New Zealand,Oceania,"Victoria, Queensland provinces",,Hail|Rain,No,No,No,,,Kph,,,,2004,1,24,2004,1,31,1,,,,,,,30000,49823,50000,83038,60.21357973,"[{""adm1_code"":473,""adm1_name"":""Queensland""},{""adm1_code"":476,""adm1_name"":""Victoria""}]","[{""gid_1"":""AUS.10_1"",""migration_date"":""2025-12-20"",""migration_method"":""jaccard1"",""name_1"":""Victoria""},{""gid_1"":""AUS.7_1"",""migration_date"":""2025-12-20"",""migration_method"":""jaccard1"",""name_1"":""Queensland""}]",2005-02-11,2025-12-20
2006-0155-AUS,No,nat-met-sto-tro,Natural,Meteorological,Storm,Tropical cyclone,,Glenda,AUS,Australia,Australia and New Zealand,Oceania,"Exmouth, Ashburton, East Pilbara, Port Hedland, Roebourne districts (Western Australia province)",,Rain,No,No,No,,235,Kph,-25.68,115.13,,2006,3,30,2006,4,5,,,500,,500,,,,,,,64.26483222,"[{""adm2_code"":5435,""adm2_name"":""Ashburton (S)""},{""adm2_code"":5478,""adm2_name"":""East Pilbara (S)""},{""adm2_code"":5480,""adm2_name"":""Exmouth (S)""},{""adm2_code"":5536,""adm2_name"":""Port Hedland (T)""},{""adm2_code"":5540,""adm2_name"":""Roebourne (S)""}]","[{""gid_2"":""AUS.11.104_1"",""migration_date"":""2025-12-20"",""migration_method"":""jaccard2"",""name_2"":""Port Hedland""},{""gid_2"":""AUS.11.108_1"",""migration_date"":""2025-12-20"",""migration_method"":""jaccard2"",""name_2"":""Roebourne""},{""gid_2"":""AUS.11.3_1"",""migration_date"":""2025-12-20"",""migration_method"":""jaccard2"",""name_2"":""Ashburton""},{""gid_2"":""AUS.11.46_1"",""migration_date"":""2025-12-20"",""migration_method"":""jaccard2"",""name_2"":""East Pilbara""},{""gid_2"":""AUS.11.48_1"",""migration_date"":""2025-12-20"",""migration_method"":""jaccard2"",""name_2"":""Exmouth""}]",2007-01-04,2025-12-20
2006-9554-AUS,No,nat-cli-dro-dro,Natural,Climatological,Drought,Drought,,,AUS,Australia,Australia and New Zealand,Oceania,NO DATA: all country has been selected,,,No,No,No,,,Km2,,,,2006,10,,2006,,,,,,,,,,,,,,64.26483222,"[{""adm1_code"":468,""adm1_name"":""Australian Capital Territory""},{""adm1_code"":469,""adm1_name"":""Coral Sea Islands Territory""},{""adm1_code"":470,""adm1_name"":""New South Wales""},{""adm1_code"":471,""adm1_name"":""Northern Territory""},{""adm1_code"":472,""adm1_name"":""Other Territories""},{""adm1_code"":473,""adm1_name"":""Queensland""},{""adm1_code"":474,""adm1_name"":""South Australia""},{""adm1_code"":475,""adm1_name"":""Tasmania""},{""adm1_code"":476,""adm1_name"":""Victoria""},{""adm1_code"":477,""adm1_name"":""Western Australia""}]","[{""gid_1"":""AUS.10_1"",""migration_date"":""2025-12-20"",""migration_method"":""jaccard1"",""name_1"":""Victoria""},{""gid_1"":""AUS.11_1"",""migration_date"":""2025-12-20"",""migration_method"":""jaccard1"",""name_1"":""Western Australia""},{""gid_1"":""AUS.2_1"",""migration_date"":""2025-12-20"",""migration_method"":""jaccard1"",""name_1"":""Australian Capital Territory""},{""gid_1"":""AUS.4_1"",""migration_date"":""2025-12-20"",""migration_method"":""jaccard1"",""name_1"":""Jervis Bay Territory""},{""gid_1"":""AUS.5_1"",""migration_date"":""2025-12-20"",""migration_method"":""jaccard1"",""name_1"":""New South Wales""},{""gid_1"":""AUS.6_1"",""migration_date"":""2025-12-20"",""migration_method"":""jaccard1"",""name_1"":""Northern Territory""},{""gid_1"":""AUS.7_1"",""migration_date"":""2025-12-20"",""migration_method"":""jaccard1"",""name_1"":""Queensland""},{""gid_1"":""AUS.8_1"",""migration_date"":""2025-12-20"",""migration_method"":""jaccard1"",""name_1"":""South Australia""},{""gid_1"":""AUS.9_1"",""migration_date"":""2025-12-20"",""migration_method"":""jaccard1"",""name_1"":""Tasmania""}]",2006-10-16,2025-12-20
2007-0160-AUS,No,nat-hyd-flo-fla,Natural,Hydrological,Flood,Flash flood,,,AUS,Australia,Australia and New Zealand,Oceania,"Gosford, Dungog, Newcastle, Wyong, Port Stephens, Maitland, Cessnock districts (New South Wales province)",Storms and heavy rains,"Rain|Slide (land, mud, snow, rock)",No,No,Yes,,11380,Km2,-32.87,151.38,,2007,6,8,2007,6,12,9,,5000,,5000,,,680000,1028774,1300000,1966774,66.09810297,"[{""adm2_code"":4976,""adm2_name"":""Cessnock (C)""},{""adm2_code"":4996,""adm2_name"":""Dungog (A)""},{""adm2_code"":5004,""adm2_name"":""Gosford (C)""},{""adm2_code"":5042,""adm2_name"":""Maitland (C)""},{""adm2_code"":5059,""adm2_name"":""Newcastle (C)""},{""adm2_code"":5070,""adm2_name"":""Port Stephens (A)""},{""adm2_code"":5115,""adm2_name"":""Wyong (A)""}]","[{""gid_2"":""AUS.5.100_1"",""migration_date"":""2025-12-20"",""migration_method"":""jaccard2"",""name_2"":""Newcastle""},{""gid_2"":""AUS.5.110_1"",""migration_date"":""2025-12-20"",""migration_method"":""jaccard2"",""name_2"":""Port Stephens""},{""gid_2"":""AUS.5.151_1"",""migration_date"":""2025-12-20"",""migration_method"":""jaccard2"",""name_2"":""Wyong""},{""gid_2"":""AUS.5.32_1"",""migration_date"":""2025-12-20"",""migration_method"":""jaccard2"",""name_2"":""Cessnock""},{""gid_2"":""AUS.5.45_1"",""migration_date"":""2025-12-20"",""migration_method"":""jaccard2"",""name_2"":""Dungog""},{""gid_2"":""AUS.5.52_1"",""migration_date"":""2025-12-20"",""migration_method"":""jaccard2"",""name_2"":""Gosford""},{""gid_2"":""AUS.5.87_1"",""migration_date"":""2025-12-20"",""migration_method"":""jaccard2"",""name_2"":""Maitland""}]",2008-04-17,2025-12-20
2010-0120-AUS,No,nat-met-sto-tro,Natural,Meteorological,Storm,Tropical cyclone,GLIDE:TC-2010-000060,"Cyclone ""Ului""",AUS,Australia,Australia and New Zealand,Oceania,"Mackay, Whitsunday districts (Queensland province)",,,No,No,No,,200,Kph,,,,2010,3,21,2010,3,21,1,,,,,,,,,,,69.51329329,"[{""adm2_code"":154679,""adm2_name"":""Mackay (R)""},{""adm2_code"":154701,""adm2_name"":""Whitsunday (R)""}]","[{""gid_2"":""AUS.7.40_1"",""migration_date"":""2025-12-20"",""migration_method"":""jaccard2"",""name_2"":""Mackay""},{""gid_2"":""AUS.7.70_1"",""migration_date"":""2025-12-20"",""migration_method"":""jaccard2"",""name_2"":""Whitsunday""}]",2010-03-29,2025-12-20
2010-0465-AUS,No,nat-hyd-flo-riv,Natural,Hydrological,Flood,Riverine flood,,,AUS,Australia,Australia and New Zealand,Oceania,"Alpine, Ballarat, Banyule, Baw Baw, Darebin, East Gippsland, Greater Shepparton, Hepburn, Hume, Latrobe, Mansfield, Moonee Valley, Moreland, Nillumbik, South Gippsland, Strathbogie, Wangaratta, Wellington, Whittlesea districts (Victoria province)",Heavy rains,"Slide (land, mud, snow, rock)",No,No,Yes,,7093,Km2,-38.07,143.32,,2010,9,1,2010,9,15,,,10000,,10000,,,,,,,69.51329329,"[{""adm2_code"":5356,""adm2_name"":""Ballarat (C)""},{""adm2_code"":5357,""adm2_name"":""Banyule (C)""},{""adm2_code"":5370,""adm2_name"":""Darebin (C)""},{""adm2_code"":5372,""adm2_name"":""East Gippsland (S)""},{""adm2_code"":5381,""adm2_name"":""Greater Shepparton (C)""},{""adm2_code"":5382,""adm2_name"":""Hepburn (S)""},{""adm2_code"":5386,""adm2_name"":""Hume (C)""},{""adm2_code"":5390,""adm2_name"":""Latrobe (C)""},{""adm2_code"":5402,""adm2_name"":""Moonee Valley (C)""},{""adm2_code"":5404,""adm2_name"":""Moreland (C)""},{""adm2_code"":5409,""adm2_name"":""Nillumbik (S)""},{""adm2_code"":5414,""adm2_name"":""South Gippsland (S)""},{""adm2_code"":5417,""adm2_name"":""Strathbogie (S)""},{""adm2_code"":5422,""adm2_name"":""Wangaratta (RC)""},{""adm2_code"":5424,""adm2_name"":""Wellington (S)""},{""adm2_code"":5427,""adm2_name"":""Whittlesea (C)""},{""adm2_code"":154644,""adm2_name"":""Alpine (S)""},{""adm2_code"":154645,""adm2_name"":""Baw Baw (S)""},{""adm2_code"":154647,""adm2_name"":""Mansfield (S)""}]","[{""gid_2"":""AUS.10.18_1"",""migration_date"":""2025-12-20"",""migration_method"":""jaccard2"",""name_2"":""Darebin""},{""gid_2"":""AUS.10.19_1"",""migration_date"":""2025-12-20"",""migration_method"":""jaccard2"",""name_2"":""East Gippsland""},{""gid_2"":""AUS.10.1_1"",""migration_date"":""2025-12-20"",""migration_method"":""jaccard2"",""name_2"":""Alpine""},{""gid_2"":""AUS.10.28_1"",""migration_date"":""2025-12-20"",""migration_method"":""jaccard2"",""name_2"":""Greater Shepparton""},{""gid_2"":""AUS.10.29_1"",""migration_date"":""2025-12-20"",""migration_method"":""jaccard2"",""name_2"":""Hepburn""},{""gid_2"":""AUS.10.33_1"",""migration_date"":""2025-12-20"",""migration_method"":""jaccard2"",""name_2"":""Hume""},{""gid_2"":""AUS.10.37_1"",""migration_date"":""2025-12-20"",""migration_method"":""jaccard2"",""name_2"":""Latrobe""},{""gid_2"":""AUS.10.3_1"",""migration_date"":""2025-12-20"",""migration_method"":""jaccard2"",""name_2"":""Ballarat""},{""gid_2"":""AUS.10.41_1"",""migration_date"":""2025-12-20"",""migration_method"":""jaccard2"",""name_2"":""Mansfield""},{""gid_2"":""AUS.10.4_1"",""migration_date"":""2025-12-20"",""migration_method"":""jaccard2"",""name_2"":""Banyule""},{""gid_2"":""AUS.10.50_1"",""migration_date"":""2025-12-20"",""migration_method"":""jaccard2"",""name_2"":""Moonee Valley""},{""gid_2"":""AUS.10.52_1"",""migration_date"":""2025-12-20"",""migration_method"":""jaccard2"",""name_2"":""Moreland""},{""gid_2"":""AUS.10.57_1"",""migration_date"":""2025-12-20"",""migration_method"":""jaccard2"",""name_2"":""Nillumbik""},{""gid_2"":""AUS.10.62_1"",""migration_date"":""2025-12-20"",""migration_method"":""jaccard2"",""name_2"":""South Gippsland""},{""gid_2"":""AUS.10.65_1"",""migration_date"":""2025-12-20"",""migration_method"":""jaccard2"",""name_2"":""Strathbogie""},{""gid_2"":""AUS.10.6_1"",""migration_date"":""2025-12-20"",""migration_method"":""jaccard2"",""name_2"":""Baw Baw""},{""gid_2"":""AUS.10.70_1"",""migration_date"":""2025-12-20"",""migration_method"":""jaccard2"",""name_2"":""Wangaratta""},{""gid_2"":""AUS.10.72_1"",""migration_date"":""2025-12-20"",""migration_method"":""jaccard2"",""name_2"":""Wellington""},{""gid_2"":""AUS.10.75_1"",""migration_date"":""2025-12-20"",""migration_method"":""jaccard2"",""name_2"":""Whittlesea""}]",2011-01-05,2025-12-20
2011-0640-AUS,No,nat-cli-wil-lan,Natural,Climatological,Wildfire,"Land fire (Brush, Bush, Pasture)",,,AUS,Australia,Australia and New Zealand,Oceania,"Margaret river city (Augusta-Margaret River (S) district, Western Australia province)",,,No,No,No,,,Km2,,,,2011,8,23,2011,8,24,,,120,,120,,,,,54000,75306,71.70772361,"[{""adm2_code"":5436,""adm2_name"":""Augusta-Margaret River (S)""}]","[{""gid_2"":""AUS.11.4_1"",""migration_date"":""2025-12-20"",""migration_method"":""jaccard2"",""name_2"":""Augusta-Margaret River""}]",2012-04-05,2025-12-20
2014-0010-AUS,No,nat-met-ext-hea,Natural,Meteorological,Extreme temperature,Heat wave,,,AUS,Australia,Australia and New Zealand,Oceania,"Western Australia, Victoria provinces",,,No,No,No,,52,°C,,,,2014,1,13,2014,1,18,139,,,,,,,,,,,75.46845568,"[{""adm1_code"":476,""adm1_name"":""Victoria""},{""adm1_code"":477,""adm1_name"":""Western Australia""}]","[{""gid_1"":""AUS.10_1"",""migration_date"":""2025-12-20"",""migration_method"":""jaccard1"",""name_1"":""Victoria""},{""gid_1"":""AUS.11_1"",""migration_date"":""2025-12-20"",""migration_method"":""jaccard1"",""name_1"":""Western Australia""}]",2014-01-16,2025-12-20
2015-0053-AUS,No,nat-met-sto-tro,Natural,Meteorological,Storm,Tropical cyclone,,Cyclone Lam,AUS,Australia,Australia and New Zealand,Oceania,"Northern Territory, Western Australia provinces",,,No,No,Yes,,185,Kph,,,,2015,2,20,2015,2,20,,,390,48,438,,,,,78000,103232,75.55797677,"[{""adm1_code"":471,""adm1_name"":""Northern Territory""},{""adm1_code"":477,""adm1_name"":""Western Australia""}]","[{""gid_1"":""AUS.11_1"",""migration_date"":""2025-12-20"",""migration_method"":""jaccard1"",""name_1"":""Western Australia""},{""gid_1"":""AUS.6_1"",""migration_date"":""2025-12-20"",""migration_method"":""jaccard1"",""name_1"":""Northern Territory""}]",2015-02-25,2025-12-20
2016-0014-AUS,No,nat-cli-wil-lan,Natural,Climatological,Wildfire,"Land fire (Brush, Bush, Pasture)",,Yarloop busfires,AUS,Australia,Australia and New Zealand,Oceania,"Yarloop, Cookernup areas (Harvey (S) district, Western Australia province), Hamel, Waroona areas (Waroona (S) district, Western Australia province)",Lighthning,,No,No,Yes,,,Km2,,,,2016,1,5,2016,1,10,2,,,540,540,,,50000,65350,110000,143770,76.5112162,"[{""adm2_code"":5489,""adm2_name"":""Harvey (S)""},{""adm2_code"":5560,""adm2_name"":""Waroona (S)""}]","[{""gid_2"":""AUS.11.128_1"",""migration_date"":""2025-12-20"",""migration_method"":""jaccard2"",""name_2"":""Waroona""},{""gid_2"":""AUS.11.56_1"",""migration_date"":""2025-12-20"",""migration_method"":""jaccard2"",""name_2"":""Harvey""}]",2016-02-02,2025-12-20
2020-0019-AUS,No,nat-met-sto-lig,Natural,Meteorological,Storm,Lightning/Thunderstorms,,,AUS,Australia,Australia and New Zealand,Oceania,"New South Wales , Victoria States",,"Flood|Slide (land, mud, snow, rock)",No,No,Yes,,,Kph,,,,2020,1,19,2020,1,21,,,,,,,,1000000,1212038,1500000,1818057,82.50568385,"[{""adm1_code"":470,""adm1_name"":""New South Wales""},{""adm1_code"":476,""adm1_name"":""Victoria""}]","[{""gid_1"":""AUS.10_1"",""migration_date"":""2025-12-20"",""migration_method"":""jaccard1"",""name_1"":""Victoria""},{""gid_1"":""AUS.5_1"",""migration_date"":""2025-12-20"",""migration_method"":""jaccard1"",""name_1"":""New South Wales""}]",2020-01-22,2025-12-20
2002-0637-AUS,No,nat-met-sto-sev,Natural,Meteorological,Storm,Severe weather,,,AUS,Australia,Australia and New Zealand,Oceania,New South Wales province,,,No,No,No,,120,Kph,,,,2002,9,19,2002,9,19,,,,,,,,,,,,57.34184015,"[{""adm1_code"":470,""adm1_name"":""New South Wales""}]","[{""gid_1"":""AUS.5_1"",""migration_date"":""2025-12-20"",""migration_method"":""jaccard1"",""name_1"":""New South Wales""}]",2003-07-01,2025-12-20
2002-9611-AUS,No,nat-cli-dro-dro,Natural,Climatological,Drought,Drought,,,AUS,Australia,Australia and New Zealand,Oceania,"Queensland, New South Wales provinces",El Nino,Wildfire,No,No,No,,,Km2,,,,2002,4,,2002,11,,,,,,,,,,,2000000,3487855,57.34184015,"[{""adm1_code"":470,""adm1_name"":""New South Wales""},{""adm1_code"":473,""adm1_name"":""Queensland""}]","[{""gid_1"":""AUS.5_1"",""migration_date"":""2025-12-20"",""migration_method"":""jaccard1"",""name_1"":""New South Wales""},{""gid_1"":""AUS.7_1"",""migration_date"":""2025-12-20"",""migration_method"":""jaccard1"",""name_1"":""Queensland""}]",2006-03-08,2025-12-20
2003-0109-AUS,No,nat-hyd-flo-fla,Natural,Hydrological,Flood,Flash flood,,,AUS,Australia,Australia and New Zealand,Oceania,"Clarence Valley, Coffs Harbour, Kempsey, Gwydir, Tamworth Regional, Narrabri, Uralla, Moree Plains districts (New South Wales province)",Heavy rains,,No,No,No,,57420,Km2,,,"Mudgee, Talworth, Northern rivers",2003,2,21,2003,2,24,,,100,,100,,,,,,,58.64355298,"[{""adm2_code"":5028,""adm2_name"":""Kempsey (A)""},{""adm2_code"":5047,""adm2_name"":""Moree Plains (A)""},{""adm2_code"":5056,""adm2_name"":""Narrabri (A)""},{""adm2_code"":154617,""adm2_name"":""Clarence Valley (A)""},{""adm2_code"":154620,""adm2_name"":""Coffs Harbour (C)""},{""adm2_code"":154628,""adm2_name"":""Gwydir (A)""},{""adm2_code"":154631,""adm2_name"":""Liverpool Plains (A)""},{""adm2_code"":154638,""adm2_name"":""Tamworth Regional (A)""}]","[{""gid_2"":""AUS.5.123_1"",""migration_date"":""2025-12-20"",""migration_method"":""jaccard2"",""name_2"":""Tamworth Regional""},{""gid_2"":""AUS.5.33_1"",""migration_date"":""2025-12-20"",""migration_method"":""jaccard2"",""name_2"":""Clarence Valley""},{""gid_2"":""AUS.5.35_1"",""migration_date"":""2025-12-20"",""migration_method"":""jaccard2"",""name_2"":""Coffs Harbour""},{""gid_2"":""AUS.5.61_1"",""migration_date"":""2025-12-20"",""migration_method"":""jaccard2"",""name_2"":""Gwydir""},{""gid_2"":""AUS.5.72_1"",""migration_date"":""2025-12-20"",""migration_method"":""jaccard2"",""name_2"":""Kempsey""},{""gid_2"":""AUS.5.85_1"",""migration_date"":""2025-12-20"",""migration_method"":""jaccard2"",""name_2"":""Liverpool Plains""},{""gid_2"":""AUS.5.91_1"",""migration_date"":""2025-12-20"",""migration_method"":""jaccard2"",""name_2"":""Moree Plains""},{""gid_2"":""AUS.5.97_1"",""migration_date"":""2025-12-20"",""migration_method"":""jaccard2"",""name_2"":""Narrabri""}]",2004-02-27,2025-12-20
2004-0091-AUS,No,nat-hyd-flo-riv,Natural,Hydrological,Flood,Riverine flood,,,AUS,Australia,Australia and New Zealand,Oceania,"Mount Isa, Longreach, Rockhampton, Townsville, Barcoo, Diamantina, Paroo districts (Queensland province), Tamworth Regional, Moree Plains districts (New South Wales province)",Monsoonal rain,,No,No,No,,1232000,Km2,,,"Leichhardt, Gilliat, Flinders, Thomson, Cooper, Barcoo, Balonne, Weir, Bulloo, Nicholson, Gregory, Gilliat Channels, Barwon, Paroo, Peel, Mehi, Gwydir, Tully, Herbert, Barron",2004,1,14,2004,2,25,,,3400,,3400,,,,,32000,53144,60.21357973,"[{""adm2_code"":5047,""adm2_name"":""Moree Plains (A)""},{""adm2_code"":154638,""adm2_name"":""Tamworth Regional (A)""},{""adm2_code"":5136,""adm2_name"":""Barcoo (S)""},{""adm2_code"":5172,""adm2_name"":""Diamantina (S)""},{""adm2_code"":5216,""adm2_name"":""Mount Isa (C)""},{""adm2_code"":5225,""adm2_name"":""Paroo (S)""},{""adm2_code"":154678,""adm2_name"":""Longreach (R)""},{""adm2_code"":154688,""adm2_name"":""Rockhampton (R)""},{""adm2_code"":154698,""adm2_name"":""Townsville (C)""}]","[{""gid_2"":""AUS.5.123_1"",""migration_date"":""2025-12-20"",""migration_method"":""jaccard2"",""name_2"":""Tamworth Regional""},{""gid_2"":""AUS.5.91_1"",""migration_date"":""2025-12-20"",""migration_method"":""jaccard2"",""name_2"":""Moree Plains""},{""gid_2"":""AUS.7.22_1"",""migration_date"":""2025-12-20"",""migration_method"":""jaccard2"",""name_2"":""Diamantina""},{""gid_2"":""AUS.7.39_1"",""migration_date"":""2025-12-20"",""migration_method"":""jaccard2"",""name_2"":""Longreach""},{""gid_2"":""AUS.7.46_1"",""migration_date"":""2025-12-20"",""migration_method"":""jaccard2"",""name_2"":""Mount Isa""},{""gid_2"":""AUS.7.52_1"",""migration_date"":""2025-12-20"",""migration_method"":""jaccard2"",""name_2"":""Paroo""},{""gid_2"":""AUS.7.57_1"",""migration_date"":""2025-12-20"",""migration_method"":""jaccard2"",""name_2"":""Rockhampton""},{""gid_2"":""AUS.7.5_1"",""migration_date"":""2025-12-20"",""migration_method"":""jaccard2"",""name_2"":""Barcoo""},{""gid_2"":""AUS.7.67_1"",""migration_date"":""2025-12-20"",""migration_method"":""jaccard2"",""name_2"":""Townsville""}]",2004-07-13,2025-12-20
2005-0068-AUS,No,nat-met-sto-sto,Natural,Meteorological,Storm,Storm (General),,,AUS,Australia,Australia and New Zealand,Oceania,"Narrabri, Jerilderie, Wagga Wagga, Griffith, Bega Valley, Eurobodalla, Shoalhaven, Campbelltown districts (New South Wales province)",,,No,No,No,,124,Kph,,,,2005,1,21,2005,1,21,,,600,,600,,,,,27000,43369,62.25647853,"[{""adm2_code"":4952,""adm2_name"":""Bega Valley (A)""},{""adm2_code"":4971,""adm2_name"":""Campbelltown (C)""},{""adm2_code"":4997,""adm2_name"":""Eurobodalla (A)""},{""adm2_code"":5010,""adm2_name"":""Griffith (C)""},{""adm2_code"":5026,""adm2_name"":""Jerilderie (A)""},{""adm2_code"":5056,""adm2_name"":""Narrabri (A)""},{""adm2_code"":5081,""adm2_name"":""Shoalhaven (C)""},{""adm2_code"":5099,""adm2_name"":""Wagga Wagga (C)""}]","[{""gid_2"":""AUS.5.117_1"",""migration_date"":""2025-12-20"",""migration_method"":""jaccard2"",""name_2"":""Shoalhaven""},{""gid_2"":""AUS.5.135_1"",""migration_date"":""2025-12-20"",""migration_method"":""jaccard2"",""name_2"":""Wagga Wagga""},{""gid_2"":""AUS.5.27_1"",""migration_date"":""2025-12-20"",""migration_method"":""jaccard2"",""name_2"":""Campbelltown""},{""gid_2"":""AUS.5.46_1"",""migration_date"":""2025-12-20"",""migration_method"":""jaccard2"",""name_2"":""Eurobodalla""},{""gid_2"":""AUS.5.57_1"",""migration_date"":""2025-12-20"",""migration_method"":""jaccard2"",""name_2"":""Griffith""},{""gid_2"":""AUS.5.70_1"",""migration_date"":""2025-12-20"",""migration_method"":""jaccard2"",""name_2"":""Jerilderie""},{""gid_2"":""AUS.5.97_1"",""migration_date"":""2025-12-20"",""migration_method"":""jaccard2"",""name_2"":""Narrabri""},{""gid_2"":""AUS.5.9_1"",""migration_date"":""2025-12-20"",""migration_method"":""jaccard2"",""name_2"":""Bega Valley""}]",2005-03-10,2025-12-20
2005-0697-AUS,No,nat-met-sto-sto,Natural,Meteorological,Storm,Storm (General),,,AUS,Australia,Australia and New Zealand,Oceania,"Australian Capital Territory, Queensland, New South Wales, Victoria provinces",,,No,No,No,,,Kph,,,,2005,12,2,2005,12,2,1,,600,,600,,,,,15000,24094,62.25647853,"[{""adm1_code"":468,""adm1_name"":""Australian Capital Territory""},{""adm1_code"":470,""adm1_name"":""New South Wales""},{""adm1_code"":473,""adm1_name"":""Queensland""},{""adm1_code"":476,""adm1_name"":""Victoria""}]","[{""gid_1"":""AUS.10_1"",""migration_date"":""2025-12-20"",""migration_method"":""jaccard1"",""name_1"":""Victoria""},{""gid_1"":""AUS.2_1"",""migration_date"":""2025-12-20"",""migration_method"":""jaccard1"",""name_1"":""Australian Capital Territory""},{""gid_1"":""AUS.5_1"",""migration_date"":""2025-12-20"",""migration_method"":""jaccard1"",""name_1"":""New South Wales""},{""gid_1"":""AUS.7_1"",""migration_date"":""2025-12-20"",""migration_method"":""jaccard1"",""name_1"":""Queensland""}]",2008-03-14,2025-12-20
2006-0043-AUS,No,nat-met-sto-tro,Natural,Meteorological,Storm,Tropical cyclone,,Clare,AUS,Australia,Australia and New Zealand,Oceania,"Wyndham-East Kimberley, Ashburton, East Pilbara, Port Hedland, Roebourne, Upper Gascoyne districts (Western Australia province)",,Flood,No,No,No,,,Kph,-23.26,116.94,,2006,1,9,2006,1,31,,,1500,,1500,,,,,2354,3663,64.26483222,"[{""adm2_code"":5435,""adm2_name"":""Ashburton (S)""},{""adm2_code"":5478,""adm2_name"":""East Pilbara (S)""},{""adm2_code"":5536,""adm2_name"":""Port Hedland (T)""},{""adm2_code"":5540,""adm2_name"":""Roebourne (S)""},{""adm2_code"":5553,""adm2_name"":""Upper Gascoyne (S)""},{""adm2_code"":5569,""adm2_name"":""Wyndham-East Kimberley (S)""}]","[{""gid_2"":""AUS.11.104_1"",""migration_date"":""2025-12-20"",""migration_method"":""jaccard2"",""name_2"":""Port Hedland""},{""gid_2"":""AUS.11.108_1"",""migration_date"":""2025-12-20"",""migration_method"":""jaccard2"",""name_2"":""Roebourne""},{""gid_2"":""AUS.11.121_1"",""migration_date"":""2025-12-20"",""migration_method"":""jaccard2"",""name_2"":""Upper Gascoyne""},{""gid_2"":""AUS.11.137_1"",""migration_date"":""2025-12-20"",""migration_method"":""jaccard2"",""name_2"":""Wyndham-East Kimberley""},{""gid_2"":""AUS.11.3_1"",""migration_date"":""2025-12-20"",""migration_method"":""jaccard2"",""name_2"":""Ashburton""},{""gid_2"":""AUS.11.46_1"",""migration_date"":""2025-12-20"",""migration_method"":""jaccard2"",""name_2"":""East Pilbara""}]",2007-01-04,2025-12-20
2006-0179-AUS,No,nat-hyd-flo-riv,Natural,Hydrological,Flood,Riverine flood,,,AUS,Australia,Australia and New Zealand,Oceania,"Beswick village (Roper Gulf district, Northern Territory province), Katherine, Unincorporated NT districts, (Northern Territory province)",Monsoonal rain,,No,No,Yes,,39370,Km2,-14.18,132.39,"Katherine, Daly",2006,4,5,2006,4,10,,,1100,,1100,,,,,,,64.26483222,"[{""adm2_code"":154715,""adm2_name"":""Katherine (T)""},{""adm2_code"":154717,""adm2_name"":""Roper Gulf (S)""},{""adm2_code"":154722,""adm2_name"":""Unincorporated NT""}]","[{""gid_2"":""AUS.6.12_1"",""migration_date"":""2025-12-20"",""migration_method"":""jaccard2"",""name_2"":""Roper Gulf""},{""gid_2"":""AUS.6.14_1"",""migration_date"":""2025-12-20"",""migration_method"":""jaccard2"",""name_2"":""Unincorporated Norther Territori""},{""gid_2"":""AUS.6.8_1"",""migration_date"":""2025-12-20"",""migration_method"":""jaccard2"",""name_2"":""Katherine""}]",2007-01-04,2025-12-20
2006-0666-AUS,No,nat-cli-wil-for,Natural,Climatological,Wildfire,Forest fire,,,AUS,Australia,Australia and New Zealand,Oceania,"Tasmania, Victoria, New South Wales provinces",,,No,No,No,,,Km2,,,,2006,12,,2006,12,,1,,,60,60,,,,,50000,77803,64.26483222,"[{""adm1_code"":470,""adm1_name"":""New South Wales""},{""adm1_code"":475,""adm1_name"":""Tasmania""},{""adm1_code"":476,""adm1_name"":""Victoria""}]","[{""gid_1"":""AUS.10_1"",""migration_date"":""2025-12-20"",""migration_method"":""jaccard1"",""name_1"":""Victoria""},{""gid_1"":""AUS.5_1"",""migration_date"":""2025-12-20"",""migration_method"":""jaccard1"",""name_1"":""New South Wales""},{""gid_1"":""AUS.9_1"",""migration_date"":""2025-12-20"",""migration_method"":""jaccard1"",""name_1"":""Tasmania""}]",2007-01-08,2025-12-20
2007-0591-AUS,No,nat-met-sto-tro,Natural,Meteorological,Storm,Tropical cyclone,GLIDE:TC-2007-000078,George and Jacob,AUS,Australia,Australia and New Zealand,Oceania,"Darwin district (Northern Territory province), Ashburton, East Pilbara, Port Hedland, Roebourne districts (Western Australia province)",,Flood,No,No,No,,275,Kph,-13.67,131.92,,2007,3,2,2007,3,16,2,,730,90,820,,,,,100000,151290,66.09810297,"[{""adm2_code"":5122,""adm2_name"":""Darwin (C)""},{""adm2_code"":5435,""adm2_name"":""Ashburton (S)""},{""adm2_code"":5478,""adm2_name"":""East Pilbara (S)""},{""adm2_code"":5536,""adm2_name"":""Port Hedland (T)""},{""adm2_code"":5540,""adm2_name"":""Roebourne (S)""}]","[{""gid_2"":""AUS.11.104_1"",""migration_date"":""2025-12-20"",""migration_method"":""jaccard2"",""name_2"":""Port Hedland""},{""gid_2"":""AUS.11.108_1"",""migration_date"":""2025-12-20"",""migration_method"":""jaccard2"",""name_2"":""Roebourne""},{""gid_2"":""AUS.11.3_1"",""migration_date"":""2025-12-20"",""migration_method"":""jaccard2"",""name_2"":""Ashburton""},{""gid_2"":""AUS.11.46_1"",""migration_date"":""2025-12-20"",""migration_method"":""jaccard2"",""name_2"":""East Pilbara""},{""gid_2"":""AUS.6.6_1"",""migration_date"":""2025-12-20"",""migration_method"":""jaccard2"",""name_2"":""Darwin""}]",2008-08-04,2025-12-20
2008-0017-AUS,No,nat-hyd-flo-riv,Natural,Hydrological,Flood,Riverine flood,GLIDE:FL-2008-000014,,AUS,Australia,Australia and New Zealand,Oceania,"Yamba area (Unincorporated NSW, New South Wales province), Proserpine, Airlie Beach, Bowen areas (Whitsunday district, Queensland province), Giru area (Burdekin district, Queensland province), Georgetown area (Etheridge district, Queensland province), Charleville area (Murweh district, Queensland province), Aramac, Muttaburra, Willow villages (Barcaldine district, Queensland province), Belyando, Clermont villages (Isaac district, Queensland province), Emerald, Sapphire villages (Central Highlands district, Queensland province), hargomindah village (Bulloo district, Queensland province), Mirani, Finch Hatton villages (Mackay district, Queensland province), Cunnamulla village (Paroo district, Queensland province), Townsville, Charters Towers, Longreach, Winton, Barcoo, Quilpie, Blackall Tambo districts (Queensland province)",Heavy rain,,No,No,No,,649500,Km2,-20.4,144.56,"Flindersn Don, Proserpine, Burdekin, Haughton, Dawson, Diamantina, Thomson, Lower Flinders, Norman, Einasleigh, Einsleigh, Warrego, Landsborough, Barcoo",2008,1,14,2008,2,1,,,3200,,3200,,,450000,655636,600000,874181,68.63567228,"[{""adm2_code"":5096,""adm2_name"":""Unincorporated NSW""},{""adm2_code"":5136,""adm2_name"":""Barcoo (S)""},{""adm2_code"":5149,""adm2_name"":""Bulloo (S)""},{""adm2_code"":5152,""adm2_name"":""Burdekin (S)""},{""adm2_code"":5179,""adm2_name"":""Etheridge (S)""},{""adm2_code"":5221,""adm2_name"":""Murweh (S)""},{""adm2_code"":5225,""adm2_name"":""Paroo (S)""},{""adm2_code"":5230,""adm2_name"":""Quilpie (S)""},{""adm2_code"":5253,""adm2_name"":""Winton (S)""},{""adm2_code"":154652,""adm2_name"":""Barcaldine (R)""},{""adm2_code"":154653,""adm2_name"":""Blackall Tambo (R)""},{""adm2_code"":154660,""adm2_name"":""Central Highlands (R)""},{""adm2_code"":154661,""adm2_name"":""Charters Towers (R)""},{""adm2_code"":154673,""adm2_name"":""Isaac (R)""},{""adm2_code"":154678,""adm2_name"":""Longreach (R)""},{""adm2_code"":154679,""adm2_name"":""Mackay (R)""},{""adm2_code"":154698,""adm2_name"":""Townsville (C)""},{""adm2_code"":154701,""adm2_name"":""Whitsunday (R)""}]","[{""gid_2"":""AUS.5.130_1"",""migration_date"":""2025-12-20"",""migration_method"":""jaccard2"",""name_2"":""Unincorporated New South Wales""},{""gid_2"":""AUS.7.11_1"",""migration_date"":""2025-12-20"",""migration_method"":""jaccard2"",""name_2"":""Burdekin""},{""gid_2"":""AUS.7.16_1"",""migration_date"":""2025-12-20"",""migration_method"":""jaccard2"",""name_2"":""Central Highlands""},{""gid_2"":""AUS.7.17_1"",""migration_date"":""2025-12-20"",""migration_method"":""jaccard2"",""name_2"":""Charters Towers""},{""gid_2"":""AUS.7.24_1"",""migration_date"":""2025-12-20"",""migration_method"":""jaccard2"",""name_2"":""Etheridge""},{""gid_2"":""AUS.7.34_1"",""migration_date"":""2025-12-20"",""migration_method"":""jaccard2"",""name_2"":""Isaac""},{""gid_2"":""AUS.7.39_1"",""migration_date"":""2025-12-20"",""migration_method"":""jaccard2"",""name_2"":""Longreach""},{""gid_2"":""AUS.7.40_1"",""migration_date"":""2025-12-20"",""migration_method"":""jaccard2"",""name_2"":""Mackay""},{""gid_2"":""AUS.7.47_1"",""migration_date"":""2025-12-20"",""migration_method"":""jaccard2"",""name_2"":""Murweh""},{""gid_2"":""AUS.7.4_1"",""migration_date"":""2025-12-20"",""migration_method"":""jaccard2"",""name_2"":""Barcaldine""},{""gid_2"":""AUS.7.52_1"",""migration_date"":""2025-12-20"",""migration_method"":""jaccard2"",""name_2"":""Paroo""},{""gid_2"":""AUS.7.54_1"",""migration_date"":""2025-12-20"",""migration_method"":""jaccard2"",""name_2"":""Quilpie""},{""gid_2"":""AUS.7.5_1"",""migration_date"":""2025-12-20"",""migration_method"":""jaccard2"",""name_2"":""Barcoo""},{""gid_2"":""AUS.7.67_1"",""migration_date"":""2025-12-20"",""migration_method"":""jaccard2"",""name_2"":""Townsville""},{""gid_2"":""AUS.7.6_1"",""migration_date"":""2025-12-20"",""migration_method"":""jaccard2"",""name_2"":""Blackall Tambo""},{""gid_2"":""AUS.7.70_1"",""migration_date"":""2025-12-20"",""migration_method"":""jaccard2"",""name_2"":""Whitsunday""},{""gid_2"":""AUS.7.71_1"",""migration_date"":""2025-12-20"",""migration_method"":""jaccard2"",""name_2"":""Winton""},{""gid_2"":""AUS.7.9_1"",""migration_date"":""2025-12-20"",""migration_method"":""jaccard2"",""name_2"":""Bulloo""}]",2009-03-02,2025-12-20
2008-0098-AUS,No,nat-hyd-flo-riv,Natural,Hydrological,Flood,Riverine flood,,,AUS,Australia,Australia and New Zealand,Oceania,"Gooseponds, Hospital Bridge, Glenella, the CBD areas (Mackay district, Queensland province), Calliope, Gladstone, Miriam Vale, Agnes Water, Seventeen Seventy towns (Gladstone district, Queensland province), Gogango, Rockhampton towns (Rockhampton district, Queensland province), Bundaberg city (Bundaberg district, Queensland province), Giru village (Burdekin district, Queensland province), Thuringowa area (Townsville district, Queensland province), Atherton, Tolga towns (Tablelands district, Queensland province), Edmonton area (Cairns district, Queensland province)",Heavy rains,,No,No,No,,44350,Km2,-22.46,149.54,"Poineer, Burdekin, Fitzroy",2008,2,13,2008,2,26,2,,1000,,1000,,,890000,1296702,1100000,1602665,68.63567228,"[{""adm2_code"":5152,""adm2_name"":""Burdekin (S)""},{""adm2_code"":154655,""adm2_name"":""Bundaberg (R)""},{""adm2_code"":154657,""adm2_name"":""Cairns (R)""},{""adm2_code"":154666,""adm2_name"":""Gladstone (R)""},{""adm2_code"":154679,""adm2_name"":""Mackay (R)""},{""adm2_code"":154688,""adm2_name"":""Rockhampton (R)""},{""adm2_code"":154694,""adm2_name"":""Tablelands (R)""},{""adm2_code"":154698,""adm2_name"":""Townsville (C)""}]","[{""gid_2"":""AUS.7.10_1"",""migration_date"":""2025-12-20"",""migration_method"":""jaccard2"",""name_2"":""Bundaberg""},{""gid_2"":""AUS.7.11_1"",""migration_date"":""2025-12-20"",""migration_method"":""jaccard2"",""name_2"":""Burdekin""},{""gid_2"":""AUS.7.13_1"",""migration_date"":""2025-12-20"",""migration_method"":""jaccard2"",""name_2"":""Cairns""},{""gid_2"":""AUS.7.27_1"",""migration_date"":""2025-12-20"",""migration_method"":""jaccard2"",""name_2"":""Gladstone""},{""gid_2"":""AUS.7.40_1"",""migration_date"":""2025-12-20"",""migration_method"":""jaccard2"",""name_2"":""Mackay""},{""gid_2"":""AUS.7.57_1"",""migration_date"":""2025-12-20"",""migration_method"":""jaccard2"",""name_2"":""Rockhampton""},{""gid_2"":""AUS.7.63_1"",""migration_date"":""2025-12-20"",""migration_method"":""jaccard2"",""name_2"":""Tablelands""},{""gid_2"":""AUS.7.67_1"",""migration_date"":""2025-12-20"",""migration_method"":""jaccard2"",""name_2"":""Townsville""}]",2009-03-18,2025-12-20
2009-0048-AUS,No,nat-met-sto-tro,Natural,Meteorological,Storm,Tropical cyclone,,"Tropical storm ""Dominic""",AUS,Australia,Australia and New Zealand,Oceania,Queensland province,,Flood,No,No,Yes,,,Kph,-20.11,120.56,,2009,1,26,2009,2,20,,,400,,400,,,,,,,68.39164268,"[{""adm1_code"":473,""adm1_name"":""Queensland""}]","[{""gid_1"":""AUS.7_1"",""migration_date"":""2025-12-20"",""migration_method"":""jaccard1"",""name_1"":""Queensland""}]",2009-05-22,2025-12-20
2009-0067-AUS,No,nat-cli-wil-lan,Natural,Climatological,Wildfire,"Land fire (Brush, Bush, Pasture)",GLIDE:WF-2009-000035,,AUS,Australia,Australia and New Zealand,Oceania,"Marysville, Kinglake, Taggerty cities (Murrindindi (S) district, Victoria province), Strathewen, St Andrews cities (Nillumbik (S) district, Victoria province), , Whittlesea city (Whittlesea district, Victoria province), Wandong city (Mitchell (S) district, Victoria province)",,Heat wave,No,No,No,,3100,Km2,,,,2009,2,2,2009,2,14,180,500,9454,,9954,,,770000,1125869,1300000,1900817,68.39164268,"[{""adm2_code"":5399,""adm2_name"":""Mitchell (S)""},{""adm2_code"":5409,""adm2_name"":""Nillumbik (S)""},{""adm2_code"":5427,""adm2_name"":""Whittlesea (C)""},{""adm2_code"":154648,""adm2_name"":""Murrindindi (S)""}]","[{""gid_2"":""AUS.10.47_1"",""migration_date"":""2025-12-20"",""migration_method"":""jaccard2"",""name_2"":""Mitchell""},{""gid_2"":""AUS.10.56_1"",""migration_date"":""2025-12-20"",""migration_method"":""jaccard2"",""name_2"":""Murrindindi""},{""gid_2"":""AUS.10.57_1"",""migration_date"":""2025-12-20"",""migration_method"":""jaccard2"",""name_2"":""Nillumbik""},{""gid_2"":""AUS.10.75_1"",""migration_date"":""2025-12-20"",""migration_method"":""jaccard2"",""name_2"":""Whittlesea""}]",2010-03-07,2025-12-20
2022-0183-AUS,No,nat-hyd-flo-flo,Natural,Hydrological,Flood,Flood (General),,,AUS,Australia,Australia and New Zealand,Oceania,South-east Queensland (QLD); northern New South Wales (NSW),Heavy rains,,No,No,No,,,Km2,,,,2022,3,25,2022,3,31,4,12,6000,,6012,,,,,,,93.29460735,"[{""adm1_code"":470,""adm1_name"":""New South Wales""},{""adm1_code"":473,""adm1_name"":""Queensland""}]","[{""gid_1"":""AUS.5_1"",""migration_date"":""2025-12-20"",""migration_method"":""jaccard1"",""name_1"":""New South Wales""},{""gid_1"":""AUS.7_1"",""migration_date"":""2025-12-20"",""migration_method"":""jaccard1"",""name_1"":""Queensland""}]",2022-03-31,2025-12-20
2010-0066-AUS,No,nat-hyd-flo-riv,Natural,Hydrological,Flood,Riverine flood,,,AUS,Australia,Australia and New Zealand,Oceania,"Bega Valley, Eurobodalla, Bombala, Cooma-Monaro, Snowy River, Mid-Western Regional districts (New South Wales province)",Heavy rains,,No,No,Yes,,311900,Km2,-32.42,149.59,,2010,2,13,2010,2,16,,,,,,,,,,,,69.51329329,"[{""adm2_code"":4952,""adm2_name"":""Bega Valley (A)""},{""adm2_code"":4961,""adm2_name"":""Bombala (A)""},{""adm2_code"":4997,""adm2_name"":""Eurobodalla (A)""},{""adm2_code"":5083,""adm2_name"":""Snowy River (A)""},{""adm2_code"":154622,""adm2_name"":""Cooma-Monaro (A)""},{""adm2_code"":154632,""adm2_name"":""Mid-Western Regional (A)""}]","[{""gid_2"":""AUS.5.119_1"",""migration_date"":""2025-12-20"",""migration_method"":""jaccard2"",""name_2"":""Snowy River""},{""gid_2"":""AUS.5.17_1"",""migration_date"":""2025-12-20"",""migration_method"":""jaccard2"",""name_2"":""Bombala""},{""gid_2"":""AUS.5.38_1"",""migration_date"":""2025-12-20"",""migration_method"":""jaccard2"",""name_2"":""Cooma-Monaro""},{""gid_2"":""AUS.5.46_1"",""migration_date"":""2025-12-20"",""migration_method"":""jaccard2"",""name_2"":""Eurobodalla""},{""gid_2"":""AUS.5.90_1"",""migration_date"":""2025-12-20"",""migration_method"":""jaccard2"",""name_2"":""Mid-Western Regional""},{""gid_2"":""AUS.5.9_1"",""migration_date"":""2025-12-20"",""migration_method"":""jaccard2"",""name_2"":""Bega Valley""}]",2011-01-10,2025-12-20
2010-0103-AUS,No,nat-hyd-flo-riv,Natural,Hydrological,Flood,Riverine flood,,,AUS,Australia,Australia and New Zealand,Oceania,"Charleville town (Murweh district, Queensland province), Roma town (Maranoa district, Queensland province), Thallon, Bollon, Dirranbandi towns (Balonne district, Queensland province), Brisbane district (Queensland province),",Heavy rains,,No,No,Yes,,431681,Km2,-26.21,147.95,,2010,2,28,2010,3,17,,,,,,,,48000,69052,109000,156805,69.51329329,"[{""adm2_code"":5133,""adm2_name"":""Balonne (S)""},{""adm2_code"":5221,""adm2_name"":""Murweh (S)""},{""adm2_code"":154654,""adm2_name"":""Brisbane (C)""},{""adm2_code"":154681,""adm2_name"":""Maranoa (R)""}]","[{""gid_2"":""AUS.7.2_1"",""migration_date"":""2025-12-20"",""migration_method"":""jaccard2"",""name_2"":""Balonne""},{""gid_2"":""AUS.7.42_1"",""migration_date"":""2025-12-20"",""migration_method"":""jaccard2"",""name_2"":""Maranoa""},{""gid_2"":""AUS.7.47_1"",""migration_date"":""2025-12-20"",""migration_method"":""jaccard2"",""name_2"":""Murweh""},{""gid_2"":""AUS.7.8_1"",""migration_date"":""2025-12-20"",""migration_method"":""jaccard2"",""name_2"":""Brisbane""}]",2011-03-17,2025-12-20
2010-0125-AUS,No,nat-met-sto-sev,Natural,Meteorological,Storm,Severe weather,,,AUS,Australia,Australia and New Zealand,Oceania,"Joondalup, Mandurah, Perth districts (Western Australia province)",,Hail,No,No,Yes,,120,Kph,,,,2010,3,22,2010,3,22,,,,,,,,990000,1424188,1390000,1999618,69.51329329,"[{""adm2_code"":5492,""adm2_name"":""Joondalup (C)""},{""adm2_code"":5506,""adm2_name"":""Mandurah (C)""},{""adm2_code"":5533,""adm2_name"":""Perth (C)""}]","[{""gid_2"":""AUS.11.101_1"",""migration_date"":""2025-12-20"",""migration_method"":""jaccard2"",""name_2"":""Perth""},{""gid_2"":""AUS.11.59_1"",""migration_date"":""2025-12-20"",""migration_method"":""jaccard2"",""name_2"":""Joondalup""},{""gid_2"":""AUS.11.73_1"",""migration_date"":""2025-12-20"",""migration_method"":""jaccard2"",""name_2"":""Mandurah""}]",2011-03-16,2025-12-20
2011-0080-AUS,No,nat-hyd-flo-riv,Natural,Hydrological,Flood,Riverine flood,,,AUS,Australia,Australia and New Zealand,Oceania,"Fitzroy Crossing area (Derby-West Kimberley district, Western Australia province), Warmum area (Halls Creek district, Western Australia province)",,,No,No,No,,114051,Km2,-18.939,122.73,,2011,3,14,2011,3,18,,,217,,217,,,,,,,71.70772361,"[{""adm2_code"":5472,""adm2_name"":""Derby-West Kimberley (S)""},{""adm2_code"":5488,""adm2_name"":""Halls Creek (S)""}]","[{""gid_2"":""AUS.11.40_1"",""migration_date"":""2025-12-20"",""migration_method"":""jaccard2"",""name_2"":""Derby-West Kimberley""},{""gid_2"":""AUS.11.55_1"",""migration_date"":""2025-12-20"",""migration_method"":""jaccard2"",""name_2"":""Halls Creek""}]",2011-04-20,2025-12-20
2012-0029-AUS,No,nat-hyd-flo-riv,Natural,Hydrological,Flood,Riverine flood,,,AUS,Australia,Australia and New Zealand,Oceania,"New South Wales, Queensland provinces",Monsoonal rain,,No,No,No,,761154,Km2,-21.71,146.64,,2012,1,22,2012,3,7,2,,13000,,13000,,,140000,191279,225000,307412,73.19159161,"[{""adm1_code"":470,""adm1_name"":""New South Wales""},{""adm1_code"":473,""adm1_name"":""Queensland""}]","[{""gid_1"":""AUS.5_1"",""migration_date"":""2025-12-20"",""migration_method"":""jaccard1"",""name_1"":""New South Wales""},{""gid_1"":""AUS.7_1"",""migration_date"":""2025-12-20"",""migration_method"":""jaccard1"",""name_1"":""Queensland""}]",2012-04-10,2025-12-20
2015-0514-AUS,No,nat-cli-wil-lan,Natural,Climatological,Wildfire,"Land fire (Brush, Bush, Pasture)",,,AUS,Australia,Australia and New Zealand,Oceania,"Pinery, Balaklava cities (Wakefield (DC) district, North Mount Lofty Ranges, South Australia province), Roseworthy city (Light (RegC) district, South Australia province)",,,No,No,No,,,Km2,,,,2015,11,25,2015,11,28,2,30,126,105,261,,,120000,158818,200000,264697,75.55797677,"[{""adm2_code"":5282,""adm2_name"":""Light (RegC)""},{""adm2_code"":5318,""adm2_name"":""Wakefield (DC)""}]","[{""gid_2"":""AUS.8.27_1"",""migration_date"":""2025-12-20"",""migration_method"":""jaccard2"",""name_2"":""Light""},{""gid_2"":""AUS.8.64_1"",""migration_date"":""2025-12-20"",""migration_method"":""jaccard2"",""name_2"":""Wakefield""}]",2015-12-01,2025-12-20
2018-9258-AUS,No,nat-cli-dro-dro,Natural,Climatological,Drought,Drought,,,AUS,Australia,Australia and New Zealand,Oceania,"New South Wales, Victoria , Queensland",Lack of rainfall and anomalous warmth,,No,No,No,,,Km2,,,,2018,1,,2018,8,,,,,,,,,,,1200000,1499071,80.04959626,"[{""adm1_code"":470,""adm1_name"":""New South Wales""},{""adm1_code"":473,""adm1_name"":""Queensland""},{""adm1_code"":476,""adm1_name"":""Victoria""}]","[{""gid_1"":""AUS.10_1"",""migration_date"":""2025-12-20"",""migration_method"":""jaccard1"",""name_1"":""Victoria""},{""gid_1"":""AUS.5_1"",""migration_date"":""2025-12-20"",""migration_method"":""jaccard1"",""name_1"":""New South Wales""},{""gid_1"":""AUS.7_1"",""migration_date"":""2025-12-20"",""migration_method"":""jaccard1"",""name_1"":""Queensland""}]",2018-08-08,2025-12-20
2022-0046-AUS,No,nat-hyd-flo-flo,Natural,Hydrological,Flood,Flood (General),,,AUS,Australia,Australia and New Zealand,Oceania,Eastern Queensland,Remanant Tropical Cyclone Seth,,No,No,No,,,Km2,,,,2022,1,8,2022,1,13,2,,200,,200,,,,,80000,85750,93.29460735,"[{""adm1_code"":473,""adm1_name"":""Queensland""}]","[{""gid_1"":""AUS.7_1"",""migration_date"":""2025-12-20"",""migration_method"":""jaccard1"",""name_1"":""Queensland""}]",2022-01-21,2025-12-20
2022-0679-AUS,No,nat-hyd-flo-flo,Natural,Hydrological,Flood,Flood (General),,,AUS,Australia,Australia and New Zealand,Oceania,"Victoria, New South Wales and Tasmania",Heavy rains,,No,No,Yes,,,Km2,,,,2022,10,12,2022,10,28,2,,102000,,102000,,,,,1300000,1393435,93.29460735,"[{""adm1_code"":470,""adm1_name"":""New South Wales""},{""adm1_code"":475,""adm1_name"":""Tasmania""},{""adm1_code"":476,""adm1_name"":""Victoria""}]","[{""gid_1"":""AUS.10_1"",""migration_date"":""2025-12-20"",""migration_method"":""jaccard1"",""name_1"":""Victoria""},{""gid_1"":""AUS.5_1"",""migration_date"":""2025-12-20"",""migration_method"":""jaccard1"",""name_1"":""New South Wales""},{""gid_1"":""AUS.9_1"",""migration_date"":""2025-12-20"",""migration_method"":""jaccard1"",""name_1"":""Tasmania""}]",2022-10-17,2025-12-20
2017-0105-AUS,No,nat-met-sto-tro,Natural,Meteorological,Storm,Tropical cyclone,GLIDE:TC-2017-000031,Debbie,AUS,Australia,Australia and New Zealand,Oceania,"Logan region; Queensland; Nouvelle-Galles du Sud, au sud du Queensland, Sydney; Bowen (Whitsunday), Mackay, Proserpine (Whitsunday), Airlie beach (Whitsunday Isl.)",,Flood,No,No,No,,263,Kph,,,Logan river,2017,3,27,2017,4,6,12,,45000,,45000,,,1400000,1791633,2700000,3455292,78.14100176,"[{""adm2_code"":154637,""adm2_name"":""Sydney (C)""},{""adm2_code"":154677,""adm2_name"":""Logan (C)""},{""adm2_code"":154679,""adm2_name"":""Mackay (R)""},{""adm2_code"":154701,""adm2_name"":""Whitsunday (R)""}]","[{""gid_2"":""AUS.5.122_1"",""migration_date"":""2025-12-20"",""migration_method"":""jaccard2"",""name_2"":""Sydney""},{""gid_2"":""AUS.7.38_1"",""migration_date"":""2025-12-20"",""migration_method"":""jaccard2"",""name_2"":""Logan""},{""gid_2"":""AUS.7.40_1"",""migration_date"":""2025-12-20"",""migration_method"":""jaccard2"",""name_2"":""Mackay""},{""gid_2"":""AUS.7.70_1"",""migration_date"":""2025-12-20"",""migration_method"":""jaccard2"",""name_2"":""Whitsunday""}]",2017-04-19,2025-12-20
2018-0123-AUS,No,nat-hyd-flo-flo,Natural,Hydrological,Flood,Flood (General),DFO:4579,,AUS,Australia,Australia and New Zealand,Oceania,"Ingham, Halifax, Innisfail (Northern Queensland)",,,No,No,Yes,,105583.27,Km2,-17.015,145.218,,2018,3,9,2018,3,11,,,600,,600,,,,,11400,14241,80.04959626,"[{""adm2_code"":154659,""adm2_name"":""Cassowary Coast (R)""},{""adm2_code"":154670,""adm2_name"":""Hinchinbrook (S)""}]","[{""gid_2"":""AUS.7.15_1"",""migration_date"":""2025-12-20"",""migration_method"":""jaccard2"",""name_2"":""Cassowary Coast""},{""gid_2"":""AUS.7.31_1"",""migration_date"":""2025-12-20"",""migration_method"":""jaccard2"",""name_2"":""Hinchinbrook""}]",2018-04-16,2025-12-20
2019-0084-AUS,No,nat-cli-wil-lan,Natural,Climatological,Wildfire,"Land fire (Brush, Bush, Pasture)",,,AUS,Australia,Australia and New Zealand,Oceania,Gippsland region (South-east Victoria state),Heat wave and lighthening,Heat wave,No,No,No,,,Km2,,,,2019,3,1,2019,3,20,,,600,27,627,,,,,,,81.50030941,"[{""adm2_code"":5372,""adm2_name"":""East Gippsland (S)""},{""adm2_code"":5414,""adm2_name"":""South Gippsland (S)""}]","[{""gid_2"":""AUS.10.19_1"",""migration_date"":""2025-12-20"",""migration_method"":""jaccard2"",""name_2"":""East Gippsland""},{""gid_2"":""AUS.10.62_1"",""migration_date"":""2025-12-20"",""migration_method"":""jaccard2"",""name_2"":""South Gippsland""}]",2019-03-06,2025-12-20
2021-0103-AUS,No,nat-hyd-flo-flo,Natural,Hydrological,Flood,Flood (General),,,AUS,Australia,Australia and New Zealand,Oceania,Northern Territory State,Heavy rains,,No,No,No,,,Km2,,,,2021,2,23,2021,2,26,,,250,,250,,,,,,,86.38165694,"[{""adm1_code"":471,""adm1_name"":""Northern Territory""}]","[{""gid_1"":""AUS.6_1"",""migration_date"":""2025-12-20"",""migration_method"":""jaccard1"",""name_1"":""Northern Territory""}]",2021-02-26,2025-12-20
2021-0173-AUS,No,nat-met-sto-tro,Natural,Meteorological,Storm,Tropical cyclone,GLIDE:TC-2021-000033,Tropical cyclone 'Seroja-21',AUS,Australia,Australia and New Zealand,Oceania,Kalbarri and Northampton Town,,,No,No,No,,155,Kph,,,,2021,4,11,2021,4,11,1,,2625,,2625,,,,,530000,613556,86.38165694,"[{""adm2_code"":5529,""adm2_name"":""Northampton (S)""}]","[{""gid_2"":""AUS.11.97_1"",""migration_date"":""2025-12-20"",""migration_method"":""jaccard2"",""name_2"":""Northampton""}]",2021-04-13,2025-12-20
2021-0807-AUS,No,nat-hyd-flo-flo,Natural,Hydrological,Flood,Flood (General),,,AUS,Australia,Australia and New Zealand,Oceania,New South Wales and Queensland,,,No,No,No,,,Km2,,,Upper Lachlan River,2021,11,15,2021,12,1,2,,1000,,1000,,,,,100000,115765,86.38165694,"[{""adm1_code"":470,""adm1_name"":""New South Wales""},{""adm1_code"":473,""adm1_name"":""Queensland""}]","[{""gid_1"":""AUS.5_1"",""migration_date"":""2025-12-20"",""migration_method"":""jaccard1"",""name_1"":""New South Wales""},{""gid_1"":""AUS.7_1"",""migration_date"":""2025-12-20"",""migration_method"":""jaccard1"",""name_1"":""Queensland""}]",2021-12-15,2025-12-20
2023-0038-AUS,No,nat-hyd-flo-flo,Natural,Hydrological,Flood,Flood (General),,,AUS,Australia,Australia and New Zealand,Oceania,Kimberley region (Western Australia),Heavy rains,,No,No,No,,,Km2,,,,2023,1,6,2023,1,10,,,363,114,477,,,,,,,97.13499264,"[{""adm2_code"":5472,""adm2_name"":""Derby-West Kimberley (S)""},{""adm2_code"":5569,""adm2_name"":""Wyndham-East Kimberley (S)""}]","[{""gid_2"":""AUS.11.137_1"",""migration_date"":""2025-12-20"",""migration_method"":""jaccard2"",""name_2"":""Wyndham-East Kimberley""},{""gid_2"":""AUS.11.40_1"",""migration_date"":""2025-12-20"",""migration_method"":""jaccard2"",""name_2"":""Derby-West Kimberley""}]",2023-01-23,2025-12-20
2000-0659-AUS,No,nat-cli-wil-lan,Natural,Climatological,Wildfire,"Land fire (Brush, Bush, Pasture)",,,AUS,Australia,Australia and New Zealand,Oceania,"Ashfield (A), Auburn (C), Bankstown (C), Botany Bay (C), Burwood (A), Canada Bay (A), Canterbury (C), Holroyd (C), Hunters Hill (A), Hurstville (C), Kogarah (C), Ku-ring-gai (A), Lane Cove (A), Leichhardt (A), Manly (A), Marrickville (A), Mosman (A), North Sydney (A), Parramatta (C), Pittwater (A), Randwick (C), Rockdale (C), Ryde (C), Strathfield (A), Sutherland Shire (A), Sydney (C), Warringah (A), Waverley (A), Willoughby (C), Woollahra (A) districts (New South Wales province)",,,No,No,No,,,Km2,,,,2000,10,,2000,10,,,,200,,200,,,,,,,54.89515197,"[{""adm2_code"":4944,""adm2_name"":""Ashfield (A)""},{""adm2_code"":4945,""adm2_name"":""Auburn (C)""},{""adm2_code"":4948,""adm2_name"":""Bankstown (C)""},{""adm2_code"":4963,""adm2_name"":""Botany Bay (C)""},{""adm2_code"":4967,""adm2_name"":""Burwood (A)""},{""adm2_code"":4972,""adm2_name"":""Canterbury (C)""},{""adm2_code"":5020,""adm2_name"":""Holroyd (C)""},{""adm2_code"":5023,""adm2_name"":""Hunters Hill (A)""},{""adm2_code"":5024,""adm2_name"":""Hurstville (C)""},{""adm2_code"":5030,""adm2_name"":""Kogarah (C)""},{""adm2_code"":5031,""adm2_name"":""Ku-ring-gai (A)""},{""adm2_code"":5035,""adm2_name"":""Lane Cove (A)""},{""adm2_code"":5044,""adm2_name"":""Manly (A)""},{""adm2_code"":5045,""adm2_name"":""Marrickville (A)""},{""adm2_code"":5048,""adm2_name"":""Mosman (A)""},{""adm2_code"":5060,""adm2_name"":""North Sydney (A)""},{""adm2_code"":5066,""adm2_name"":""Parramatta (C)""},{""adm2_code"":5069,""adm2_name"":""Pittwater (A)""},{""adm2_code"":5073,""adm2_name"":""Randwick (C)""},{""adm2_code"":5075,""adm2_name"":""Rockdale (C)""},{""adm2_code"":5076,""adm2_name"":""Ryde (C)""},{""adm2_code"":5085,""adm2_name"":""Strathfield (A)""},{""adm2_code"":5086,""adm2_name"":""Sutherland Shire (A)""},{""adm2_code"":5104,""adm2_name"":""Warringah (A)""},{""adm2_code"":5105,""adm2_name"":""Waverley (A)""},{""adm2_code"":5109,""adm2_name"":""Willoughby (C)""},{""adm2_code"":5114,""adm2_name"":""Woollahra (A)""},{""adm2_code"":143252,""adm2_name"":""Canada Bay (A)""},{""adm2_code"":154629,""adm2_name"":""Leichhardt (A)""},{""adm2_code"":154637,""adm2_name"":""Sydney (C)""}]","[{""gid_2"":""AUS.5.101_1"",""migration_date"":""2025-12-20"",""migration_method"":""jaccard2"",""name_2"":""North Sydney""},{""gid_2"":""AUS.5.106_1"",""migration_date"":""2025-12-20"",""migration_method"":""jaccard2"",""name_2"":""Parramatta""},{""gid_2"":""AUS.5.108_1"",""migration_date"":""2025-12-20"",""migration_method"":""jaccard2"",""name_2"":""Pittwater""},{""gid_2"":""AUS.5.112_1"",""migration_date"":""2025-12-20"",""migration_method"":""jaccard2"",""name_2"":""Randwick""},{""gid_2"":""AUS.5.114_1"",""migration_date"":""2025-12-20"",""migration_method"":""jaccard2"",""name_2"":""Rockdale""},{""gid_2"":""AUS.5.115_1"",""migration_date"":""2025-12-20"",""migration_method"":""jaccard2"",""name_2"":""Ryde""},{""gid_2"":""AUS.5.120_1"",""migration_date"":""2025-12-20"",""migration_method"":""jaccard2"",""name_2"":""Strathfield""},{""gid_2"":""AUS.5.121_1"",""migration_date"":""2025-12-20"",""migration_method"":""jaccard2"",""name_2"":""Sutherland""},{""gid_2"":""AUS.5.122_1"",""migration_date"":""2025-12-20"",""migration_method"":""jaccard2"",""name_2"":""Sydney""},{""gid_2"":""AUS.5.140_1"",""migration_date"":""2025-12-20"",""migration_method"":""jaccard2"",""name_2"":""Warringah""},{""gid_2"":""AUS.5.142_1"",""migration_date"":""2025-12-20"",""migration_method"":""jaccard2"",""name_2"":""Waverley""},{""gid_2"":""AUS.5.146_1"",""migration_date"":""2025-12-20"",""migration_method"":""jaccard2"",""name_2"":""Willoughby""},{""gid_2"":""AUS.5.150_1"",""migration_date"":""2025-12-20"",""migration_method"":""jaccard2"",""name_2"":""Woollahra""},{""gid_2"":""AUS.5.19_1"",""migration_date"":""2025-12-20"",""migration_method"":""jaccard2"",""name_2"":""Botany Bay""},{""gid_2"":""AUS.5.23_1"",""migration_date"":""2025-12-20"",""migration_method"":""jaccard2"",""name_2"":""Burwood""},{""gid_2"":""AUS.5.28_1"",""migration_date"":""2025-12-20"",""migration_method"":""jaccard2"",""name_2"":""Canada Bay""},{""gid_2"":""AUS.5.29_1"",""migration_date"":""2025-12-20"",""migration_method"":""jaccard2"",""name_2"":""Canterbury""},{""gid_2"":""AUS.5.3_1"",""migration_date"":""2025-12-20"",""migration_method"":""jaccard2"",""name_2"":""Ashfield""},{""gid_2"":""AUS.5.4_1"",""migration_date"":""2025-12-20"",""migration_method"":""jaccard2"",""name_2"":""Auburn""},{""gid_2"":""AUS.5.65_1"",""migration_date"":""2025-12-20"",""migration_method"":""jaccard2"",""name_2"":""Holroyd""},{""gid_2"":""AUS.5.67_1"",""migration_date"":""2025-12-20"",""migration_method"":""jaccard2"",""name_2"":""Hunters Hill""},{""gid_2"":""AUS.5.68_1"",""migration_date"":""2025-12-20"",""migration_method"":""jaccard2"",""name_2"":""Hurstville""},{""gid_2"":""AUS.5.74_1"",""migration_date"":""2025-12-20"",""migration_method"":""jaccard2"",""name_2"":""Kogarah""},{""gid_2"":""AUS.5.75_1"",""migration_date"":""2025-12-20"",""migration_method"":""jaccard2"",""name_2"":""Ku-ring-gai""},{""gid_2"":""AUS.5.79_1"",""migration_date"":""2025-12-20"",""migration_method"":""jaccard2"",""name_2"":""Lane Cove""},{""gid_2"":""AUS.5.7_1"",""migration_date"":""2025-12-20"",""migration_method"":""jaccard2"",""name_2"":""Bankstown""},{""gid_2"":""AUS.5.81_1"",""migration_date"":""2025-12-20"",""migration_method"":""jaccard2"",""name_2"":""Leichhardt""},{""gid_2"":""AUS.5.88_1"",""migration_date"":""2025-12-20"",""migration_method"":""jaccard2"",""name_2"":""Manly""},{""gid_2"":""AUS.5.89_1"",""migration_date"":""2025-12-20"",""migration_method"":""jaccard2"",""name_2"":""Marrickville""},{""gid_2"":""AUS.5.92_1"",""migration_date"":""2025-12-20"",""migration_method"":""jaccard2"",""name_2"":""Mosman""}]",2003-07-01,2025-12-20
2001-0087-AUS,No,nat-hyd-flo-riv,Natural,Hydrological,Flood,Riverine flood,,,AUS,Australia,Australia and New Zealand,Oceania,"Grafton, Maclean villages (Clarence Valley district, New South Wales province)",,,No,No,No,,,Km2,,,,2001,2,1,2001,2,1,,,,,,,,,,,,56.44657635,"[{""adm2_code"":154617,""adm2_name"":""Clarence Valley (A)""}]","[{""gid_2"":""AUS.5.33_1"",""migration_date"":""2025-12-20"",""migration_method"":""jaccard2"",""name_2"":""Clarence Valley""}]",2009-12-10,2025-12-20
2001-0103-AUS,No,nat-hyd-flo-coa,Natural,Hydrological,Flood,Coastal flood,,,AUS,Australia,Australia and New Zealand,Oceania,"Pigeon Hole, Kalkarindji, Daguragu areas (Victoria-Daly district, Northern Territory province), Borroloola, Ryan's Bend areas (Roper Gulf district, Northern Territory province), Devil's Springs area (Barkly district, Northern Territory province)",Tropical cyclone,,No,No,No,,32100,Km2,,,,2001,2,18,2001,2,23,,,670,,670,,,,,13000,23031,56.44657635,"[{""adm2_code"":154711,""adm2_name"":""Barkly (S)""},{""adm2_code"":154717,""adm2_name"":""Roper Gulf (S)""},{""adm2_code"":154719,""adm2_name"":""Victoria-Daly (S)""}]","[{""gid_2"":""AUS.6.12_1"",""migration_date"":""2025-12-20"",""migration_method"":""jaccard2"",""name_2"":""Roper Gulf""},{""gid_2"":""AUS.6.15_1"",""migration_date"":""2025-12-20"",""migration_method"":""jaccard2"",""name_2"":""Victoria-Daly""},{""gid_2"":""AUS.6.2_1"",""migration_date"":""2025-12-20"",""migration_method"":""jaccard2"",""name_2"":""Barkly""}]",2005-09-16,2025-12-20
2001-0301-AUS,No,nat-met-sto-sev,Natural,Meteorological,Storm,Severe weather,,,AUS,Australia,Australia and New Zealand,Oceania,Gold Coast district (Queensland province),,,No,No,No,,,Kph,,,,2001,4,26,2001,4,26,,,180,,180,,,,,,,56.44657635,"[{""adm2_code"":154667,""adm2_name"":""Gold Coast (C)""}]","[{""gid_2"":""AUS.7.28_1"",""migration_date"":""2025-12-20"",""migration_method"":""jaccard2"",""name_2"":""Gold Coast""}]",2003-07-01,2025-12-20
2001-0699-AUS,No,nat-cli-wil-lan,Natural,Climatological,Wildfire,"Land fire (Brush, Bush, Pasture)",,,AUS,Australia,Australia and New Zealand,Oceania,"Sydney (Ashfield (A), Auburn (C), Bankstown (C), Botany Bay (C), Burwood (A), Canada Bay (A), Canterbury (C), Holroyd (C), Hunters Hill (A), Hurstville (C), Kogarah (C), Ku-ring-gai (A), Lane Cove (A), Leichhardt (A), Manly (A), Marrickville (A), Mosman (A), North Sydney (A), Parramatta (C), Pittwater (A), Randwick (C), Rockdale (C), Ryde (C), Strathfield (A), Sutherland Shire (A), Sydney (C), Warringah (A), Waverley (A), Willoughby (C), Woollahra (A) districts, New South Wales province), Canberra (Unincorporated ACT district, Australian Capital Territory province)",,,Yes,No,Yes,,5500,Km2,,,,2001,12,25,2002,1,16,,,4400,,4400,,,35000,62006,90000,159443,56.44657635,"[{""adm2_code"":4940,""adm2_name"":""Unincorporated ACT""},{""adm2_code"":4944,""adm2_name"":""Ashfield (A)""},{""adm2_code"":4945,""adm2_name"":""Auburn (C)""},{""adm2_code"":4948,""adm2_name"":""Bankstown (C)""},{""adm2_code"":4963,""adm2_name"":""Botany Bay (C)""},{""adm2_code"":4967,""adm2_name"":""Burwood (A)""},{""adm2_code"":4972,""adm2_name"":""Canterbury (C)""},{""adm2_code"":5020,""adm2_name"":""Holroyd (C)""},{""adm2_code"":5023,""adm2_name"":""Hunters Hill (A)""},{""adm2_code"":5024,""adm2_name"":""Hurstville (C)""},{""adm2_code"":5030,""adm2_name"":""Kogarah (C)""},{""adm2_code"":5031,""adm2_name"":""Ku-ring-gai (A)""},{""adm2_code"":5035,""adm2_name"":""Lane Cove (A)""},{""adm2_code"":5044,""adm2_name"":""Manly (A)""},{""adm2_code"":5045,""adm2_name"":""Marrickville (A)""},{""adm2_code"":5048,""adm2_name"":""Mosman (A)""},{""adm2_code"":5060,""adm2_name"":""North Sydney (A)""},{""adm2_code"":5066,""adm2_name"":""Parramatta (C)""},{""adm2_code"":5069,""adm2_name"":""Pittwater (A)""},{""adm2_code"":5073,""adm2_name"":""Randwick (C)""},{""adm2_code"":5075,""adm2_name"":""Rockdale (C)""},{""adm2_code"":5076,""adm2_name"":""Ryde (C)""},{""adm2_code"":5085,""adm2_name"":""Strathfield (A)""},{""adm2_code"":5086,""adm2_name"":""Sutherland Shire (A)""},{""adm2_code"":5104,""adm2_name"":""Warringah (A)""},{""adm2_code"":5105,""adm2_name"":""Waverley (A)""},{""adm2_code"":5109,""adm2_name"":""Willoughby (C)""},{""adm2_code"":5114,""adm2_name"":""Woollahra (A)""},{""adm2_code"":143252,""adm2_name"":""Canada Bay (A)""},{""adm2_code"":154629,""adm2_name"":""Leichhardt (A)""},{""adm2_code"":154637,""adm2_name"":""Sydney (C)""}]","[{""gid_2"":""AUS.2.1_1"",""migration_date"":""2025-12-20"",""migration_method"":""jaccard2"",""name_2"":""Unincorporated Australian Capita""},{""gid_2"":""AUS.5.101_1"",""migration_date"":""2025-12-20"",""migration_method"":""jaccard2"",""name_2"":""North Sydney""},{""gid_2"":""AUS.5.106_1"",""migration_date"":""2025-12-20"",""migration_method"":""jaccard2"",""name_2"":""Parramatta""},{""gid_2"":""AUS.5.108_1"",""migration_date"":""2025-12-20"",""migration_method"":""jaccard2"",""name_2"":""Pittwater""},{""gid_2"":""AUS.5.112_1"",""migration_date"":""2025-12-20"",""migration_method"":""jaccard2"",""name_2"":""Randwick""},{""gid_2"":""AUS.5.114_1"",""migration_date"":""2025-12-20"",""migration_method"":""jaccard2"",""name_2"":""Rockdale""},{""gid_2"":""AUS.5.115_1"",""migration_date"":""2025-12-20"",""migration_method"":""jaccard2"",""name_2"":""Ryde""},{""gid_2"":""AUS.5.120_1"",""migration_date"":""2025-12-20"",""migration_method"":""jaccard2"",""name_2"":""Strathfield""},{""gid_2"":""AUS.5.121_1"",""migration_date"":""2025-12-20"",""migration_method"":""jaccard2"",""name_2"":""Sutherland""},{""gid_2"":""AUS.5.122_1"",""migration_date"":""2025-12-20"",""migration_method"":""jaccard2"",""name_2"":""Sydney""},{""gid_2"":""AUS.5.140_1"",""migration_date"":""2025-12-20"",""migration_method"":""jaccard2"",""name_2"":""Warringah""},{""gid_2"":""AUS.5.142_1"",""migration_date"":""2025-12-20"",""migration_method"":""jaccard2"",""name_2"":""Waverley""},{""gid_2"":""AUS.5.146_1"",""migration_date"":""2025-12-20"",""migration_method"":""jaccard2"",""name_2"":""Willoughby""},{""gid_2"":""AUS.5.150_1"",""migration_date"":""2025-12-20"",""migration_method"":""jaccard2"",""name_2"":""Woollahra""},{""gid_2"":""AUS.5.19_1"",""migration_date"":""2025-12-20"",""migration_method"":""jaccard2"",""name_2"":""Botany Bay""},{""gid_2"":""AUS.5.23_1"",""migration_date"":""2025-12-20"",""migration_method"":""jaccard2"",""name_2"":""Burwood""},{""gid_2"":""AUS.5.28_1"",""migration_date"":""2025-12-20"",""migration_method"":""jaccard2"",""name_2"":""Canada Bay""},{""gid_2"":""AUS.5.29_1"",""migration_date"":""2025-12-20"",""migration_method"":""jaccard2"",""name_2"":""Canterbury""},{""gid_2"":""AUS.5.3_1"",""migration_date"":""2025-12-20"",""migration_method"":""jaccard2"",""name_2"":""Ashfield""},{""gid_2"":""AUS.5.4_1"",""migration_date"":""2025-12-20"",""migration_method"":""jaccard2"",""name_2"":""Auburn""},{""gid_2"":""AUS.5.65_1"",""migration_date"":""2025-12-20"",""migration_method"":""jaccard2"",""name_2"":""Holroyd""},{""gid_2"":""AUS.5.67_1"",""migration_date"":""2025-12-20"",""migration_method"":""jaccard2"",""name_2"":""Hunters Hill""},{""gid_2"":""AUS.5.68_1"",""migration_date"":""2025-12-20"",""migration_method"":""jaccard2"",""name_2"":""Hurstville""},{""gid_2"":""AUS.5.74_1"",""migration_date"":""2025-12-20"",""migration_method"":""jaccard2"",""name_2"":""Kogarah""},{""gid_2"":""AUS.5.75_1"",""migration_date"":""2025-12-20"",""migration_method"":""jaccard2"",""name_2"":""Ku-ring-gai""},{""gid_2"":""AUS.5.79_1"",""migration_date"":""2025-12-20"",""migration_method"":""jaccard2"",""name_2"":""Lane Cove""},{""gid_2"":""AUS.5.7_1"",""migration_date"":""2025-12-20"",""migration_method"":""jaccard2"",""name_2"":""Bankstown""},{""gid_2"":""AUS.5.81_1"",""migration_date"":""2025-12-20"",""migration_method"":""jaccard2"",""name_2"":""Leichhardt""},{""gid_2"":""AUS.5.88_1"",""migration_date"":""2025-12-20"",""migration_method"":""jaccard2"",""name_2"":""Manly""},{""gid_2"":""AUS.5.89_1"",""migration_date"":""2025-12-20"",""migration_method"":""jaccard2"",""name_2"":""Marrickville""},{""gid_2"":""AUS.5.92_1"",""migration_date"":""2025-12-20"",""migration_method"":""jaccard2"",""name_2"":""Mosman""}]",2005-12-01,2025-12-20
2002-0157-AUS,No,nat-met-sto-sto,Natural,Meteorological,Storm,Storm (General),,,AUS,Australia,Australia and New Zealand,Oceania,"Sydney, Liverpoool, Fairfield, Holroyd, Parramatta, Blacktown, The Hills Shire, Campbelltown districts (New South Wales province)",,Rain,No,No,Yes,,100,Kph,,,,2002,2,16,2002,2,16,,,,,,,,,,,,57.34184015,"[{""adm2_code"":4951,""adm2_name"":""The Hills Shire (A)""},{""adm2_code"":4956,""adm2_name"":""Blacktown (C)""},{""adm2_code"":4971,""adm2_name"":""Campbelltown (C)""},{""adm2_code"":4999,""adm2_name"":""Fairfield (C)""},{""adm2_code"":5020,""adm2_name"":""Holroyd (C)""},{""adm2_code"":5039,""adm2_name"":""Liverpool (C)""},{""adm2_code"":5066,""adm2_name"":""Parramatta (C)""},{""adm2_code"":154637,""adm2_name"":""Sydney (C)""}]","[{""gid_2"":""AUS.5.106_1"",""migration_date"":""2025-12-20"",""migration_method"":""jaccard2"",""name_2"":""Parramatta""},{""gid_2"":""AUS.5.122_1"",""migration_date"":""2025-12-20"",""migration_method"":""jaccard2"",""name_2"":""Sydney""},{""gid_2"":""AUS.5.126_1"",""migration_date"":""2025-12-20"",""migration_method"":""jaccard2"",""name_2"":""The Hills""},{""gid_2"":""AUS.5.12_1"",""migration_date"":""2025-12-20"",""migration_method"":""jaccard2"",""name_2"":""Blacktown""},{""gid_2"":""AUS.5.27_1"",""migration_date"":""2025-12-20"",""migration_method"":""jaccard2"",""name_2"":""Campbelltown""},{""gid_2"":""AUS.5.47_1"",""migration_date"":""2025-12-20"",""migration_method"":""jaccard2"",""name_2"":""Fairfield""},{""gid_2"":""AUS.5.65_1"",""migration_date"":""2025-12-20"",""migration_method"":""jaccard2"",""name_2"":""Holroyd""},{""gid_2"":""AUS.5.84_1"",""migration_date"":""2025-12-20"",""migration_method"":""jaccard2"",""name_2"":""Liverpool""}]",2005-05-10,2025-12-20
2003-0030-AUS,No,nat-cli-wil-for,Natural,Climatological,Wildfire,Forest fire,,,AUS,Australia,Australia and New Zealand,Oceania,"Canberra region (Unincorporated ACT district, Australian Capital Territory province)","High temperature, high winds",,Yes,No,No,,30000,Km2,,,,2003,1,8,2003,2,18,4,150,2500,,2650,,,264000,450177,300000,511565,58.64355298,"[{""adm2_code"":4940,""adm2_name"":""Unincorporated ACT""}]","[{""gid_2"":""AUS.2.1_1"",""migration_date"":""2025-12-20"",""migration_method"":""jaccard2"",""name_2"":""Unincorporated Australian Capita""}]",2004-08-12,2025-12-20
2003-0288-AUS,No,nat-met-sto-tor,Natural,Meteorological,Storm,Tornado,,,AUS,Australia,Australia and New Zealand,Oceania,Greater Bendigo district (Victoria province),,,No,No,No,,130,Kph,,,,2003,5,18,2003,5,18,,,240,30,270,,,,,,,58.64355298,"[{""adm2_code"":5378,""adm2_name"":""Greater Bendigo (C)""}]","[{""gid_2"":""AUS.10.25_1"",""migration_date"":""2025-12-20"",""migration_method"":""jaccard2"",""name_2"":""Greater Bendigo""}]",2003-06-16,2025-12-20
2003-0615-AUS,No,nat-met-sto-lig,Natural,Meteorological,Storm,Lightning/Thunderstorms,,,AUS,Australia,Australia and New Zealand,Oceania,Melbourne district (Victoria province),,Flood,No,No,No,,,Kph,,,,2003,12,3,2003,12,3,,,,,,,,75000,127891,93000,158585,58.64355298,"[{""adm2_code"":5396,""adm2_name"":""Melbourne (C)""}]","[{""gid_2"":""AUS.10.44_1"",""migration_date"":""2025-12-20"",""migration_method"":""jaccard2"",""name_2"":""Melbourne""}]",2003-12-22,2025-12-20
2004-0400-AUS,No,nat-met-sto-sto,Natural,Meteorological,Storm,Storm (General),,,AUS,Australia,Australia and New Zealand,Oceania,"Victoria, New South Wales provinces",,,No,No,No,,,Kph,,,,2004,7,17,2004,7,18,,,600,,600,,,,,,,60.21357973,"[{""adm1_code"":470,""adm1_name"":""New South Wales""},{""adm1_code"":476,""adm1_name"":""Victoria""}]","[{""gid_1"":""AUS.10_1"",""migration_date"":""2025-12-20"",""migration_method"":""jaccard1"",""name_1"":""Victoria""},{""gid_1"":""AUS.5_1"",""migration_date"":""2025-12-20"",""migration_method"":""jaccard1"",""name_1"":""New South Wales""}]",2004-08-09,2025-12-20
2004-0537-AUS,No,nat-hyd-flo-riv,Natural,Hydrological,Flood,Riverine flood,,,AUS,Australia,Australia and New Zealand,Oceania,"Repton, Urunga villages (Bellingen district, New South Wales province), Coffs Harbour district (New South Wales province)",Heavy rain,,No,No,Yes,,1820,Km2,,,Bellingen river,2004,10,19,2004,10,22,,,100,,100,,,,,5500,9134,60.21357973,"[{""adm2_code"":4953,""adm2_name"":""Bellingen (A)""},{""adm2_code"":154620,""adm2_name"":""Coffs Harbour (C)""}]","[{""gid_2"":""AUS.5.10_1"",""migration_date"":""2025-12-20"",""migration_method"":""jaccard2"",""name_2"":""Bellingen""},{""gid_2"":""AUS.5.35_1"",""migration_date"":""2025-12-20"",""migration_method"":""jaccard2"",""name_2"":""Coffs Harbour""}]",2004-11-02,2025-12-20
2005-0014-AUS,No,nat-cli-wil-for,Natural,Climatological,Wildfire,Forest fire,,,AUS,Australia,Australia and New Zealand,Oceania,"Eyre peninsula (Ceduna (DC), Cleve (DC), Elliston (DC), Franklin Harbour (DC), Kimba (DC), Lower Eyre Peninsula (DC), Port Augusta (C), Port Lincoln (C), Streaky Bay (DC), Tumby Bay (DC), Whyalla (C), Wudinna (DC) districts, South Australia province)","High temperature, violent winds",,No,No,No,,1000,Km2,,,,2005,1,4,2005,1,26,12,20,200,,220,,,20000,32125,40000,64250,62.25647853,"[{""adm2_code"":5264,""adm2_name"":""Ceduna (DC)""},{""adm2_code"":5267,""adm2_name"":""Cleve (DC)""},{""adm2_code"":5270,""adm2_name"":""Elliston (DC)""},{""adm2_code"":5272,""adm2_name"":""Franklin Harbour (DC)""},{""adm2_code"":5279,""adm2_name"":""Kimba (DC)""},{""adm2_code"":5281,""adm2_name"":""Wudinna (DC)""},{""adm2_code"":5283,""adm2_name"":""Lower Eyre Peninsula (DC)""},{""adm2_code"":5301,""adm2_name"":""Port Augusta (C)""},{""adm2_code"":5302,""adm2_name"":""Port Lincoln (C)""},{""adm2_code"":5310,""adm2_name"":""Streaky Bay (DC)""},{""adm2_code"":5314,""adm2_name"":""Tumby Bay (DC)""},{""adm2_code"":5322,""adm2_name"":""Whyalla (C)""}]","[{""gid_2"":""AUS.8.10_1"",""migration_date"":""2025-12-20"",""migration_method"":""jaccard2"",""name_2"":""Ceduna""},{""gid_2"":""AUS.8.13_1"",""migration_date"":""2025-12-20"",""migration_method"":""jaccard2"",""name_2"":""Cleve""},{""gid_2"":""AUS.8.16_1"",""migration_date"":""2025-12-20"",""migration_method"":""jaccard2"",""name_2"":""Elliston""},{""gid_2"":""AUS.8.18_1"",""migration_date"":""2025-12-20"",""migration_method"":""jaccard2"",""name_2"":""Franklin Harbour""},{""gid_2"":""AUS.8.25_1"",""migration_date"":""2025-12-20"",""migration_method"":""jaccard2"",""name_2"":""Kimba""},{""gid_2"":""AUS.8.28_1"",""migration_date"":""2025-12-20"",""migration_method"":""jaccard2"",""name_2"":""Lower Eyre Peninsula""},{""gid_2"":""AUS.8.47_1"",""migration_date"":""2025-12-20"",""migration_method"":""jaccard2"",""name_2"":""Port Augusta""},{""gid_2"":""AUS.8.48_1"",""migration_date"":""2025-12-20"",""migration_method"":""jaccard2"",""name_2"":""Port Lincoln""},{""gid_2"":""AUS.8.56_1"",""migration_date"":""2025-12-20"",""migration_method"":""jaccard2"",""name_2"":""Streaky Bay""},{""gid_2"":""AUS.8.60_1"",""migration_date"":""2025-12-20"",""migration_method"":""jaccard2"",""name_2"":""Tumby Bay""},{""gid_2"":""AUS.8.68_1"",""migration_date"":""2025-12-20"",""migration_method"":""jaccard2"",""name_2"":""Whyalla""},{""gid_2"":""AUS.8.69_1"",""migration_date"":""2025-12-20"",""migration_method"":""jaccard2"",""name_2"":""Wudinna""}]",2005-12-01,2025-12-20
2008-0014-AUS,No,nat-hyd-flo-riv,Natural,Hydrological,Flood,Riverine flood,,,AUS,Australia,Australia and New Zealand,Oceania,"Brisbane, Southern Downs, Scenic Rim, Ipswich districts (Queensland province), Lismore, Richmond Valley, Kyogle, Tweed, Bellingen, Tenterfield, Ballina districts (New South Wales province)",Heavy rain,,No,No,No,,41560,Km2,-28.44,152.87,"Logan, Albert, Condamine, Macintyre, Tweedn Richmond, Coomera, Wilson, Bellinger, Boonoo, Clarence",2008,1,3,2008,1,9,1,,3000,,3000,,,,,90000,131127,68.63567228,"[{""adm2_code"":4946,""adm2_name"":""Ballina (A)""},{""adm2_code"":4953,""adm2_name"":""Bellingen (A)""},{""adm2_code"":5032,""adm2_name"":""Kyogle (A)""},{""adm2_code"":5038,""adm2_name"":""Lismore (C)""},{""adm2_code"":5091,""adm2_name"":""Tenterfield (A)""},{""adm2_code"":5094,""adm2_name"":""Tweed (A)""},{""adm2_code"":154636,""adm2_name"":""Richmond Valley (A)""},{""adm2_code"":154654,""adm2_name"":""Brisbane (C)""},{""adm2_code"":154672,""adm2_name"":""Ipswich (C)""},{""adm2_code"":154689,""adm2_name"":""Scenic Rim (R)""},{""adm2_code"":154692,""adm2_name"":""Southern Downs (R)""}]","[{""gid_2"":""AUS.5.10_1"",""migration_date"":""2025-12-20"",""migration_method"":""jaccard2"",""name_2"":""Bellingen""},{""gid_2"":""AUS.5.113_1"",""migration_date"":""2025-12-20"",""migration_method"":""jaccard2"",""name_2"":""Richmond Valley""},{""gid_2"":""AUS.5.125_1"",""migration_date"":""2025-12-20"",""migration_method"":""jaccard2"",""name_2"":""Tenterfield""},{""gid_2"":""AUS.5.129_1"",""migration_date"":""2025-12-20"",""migration_method"":""jaccard2"",""name_2"":""Tweed""},{""gid_2"":""AUS.5.5_1"",""migration_date"":""2025-12-20"",""migration_method"":""jaccard2"",""name_2"":""Ballina""},{""gid_2"":""AUS.5.76_1"",""migration_date"":""2025-12-20"",""migration_method"":""jaccard2"",""name_2"":""Kyogle""},{""gid_2"":""AUS.5.82_1"",""migration_date"":""2025-12-20"",""migration_method"":""jaccard2"",""name_2"":""Lismore""},{""gid_2"":""AUS.7.33_1"",""migration_date"":""2025-12-20"",""migration_method"":""jaccard2"",""name_2"":""Ipswich""},{""gid_2"":""AUS.7.58_1"",""migration_date"":""2025-12-20"",""migration_method"":""jaccard2"",""name_2"":""Scenic Rim""},{""gid_2"":""AUS.7.61_1"",""migration_date"":""2025-12-20"",""migration_method"":""jaccard2"",""name_2"":""Southern Downs""},{""gid_2"":""AUS.7.8_1"",""migration_date"":""2025-12-20"",""migration_method"":""jaccard2"",""name_2"":""Brisbane""}]",2008-01-22,2025-12-20
2010-0624-AUS,No,nat-hyd-flo-riv,Natural,Hydrological,Flood,Riverine flood,,,AUS,Australia,Australia and New Zealand,Oceania,"Benalla, Buloke, Campaspe, Gannawarra, Greater Shepparton, Hindmarsh, Indigo, Loddon, Mildura, Moira, Swan Hill, Towong, Wangaratta, Wodonga, Yarriambiack districts (North Central Victoria province), Queensland, New South Wales provinces",Heavy rain,,No,No,No,,832001,Km2,-29.83,147.38,,2010,11,27,2010,12,6,,,1000,,1000,,,,,,,69.51329329,"[{""adm1_code"":470,""adm1_name"":""New South Wales""},{""adm1_code"":473,""adm1_name"":""Queensland""},{""adm2_code"":5363,""adm2_name"":""Buloke (S)""},{""adm2_code"":5364,""adm2_name"":""Campaspe (S)""},{""adm2_code"":5374,""adm2_name"":""Gannawarra (S)""},{""adm2_code"":5381,""adm2_name"":""Greater Shepparton (C)""},{""adm2_code"":5383,""adm2_name"":""Hindmarsh (S)""},{""adm2_code"":5387,""adm2_name"":""Indigo (S)""},{""adm2_code"":5391,""adm2_name"":""Loddon (S)""},{""adm2_code"":5398,""adm2_name"":""Mildura (RC)""},{""adm2_code"":5400,""adm2_name"":""Moira (S)""},{""adm2_code"":5419,""adm2_name"":""Swan Hill (RC)""},{""adm2_code"":5420,""adm2_name"":""Towong (S)""},{""adm2_code"":5422,""adm2_name"":""Wangaratta (RC)""},{""adm2_code"":5428,""adm2_name"":""Wodonga (RC)""},{""adm2_code"":5432,""adm2_name"":""Yarriambiack (S)""},{""adm2_code"":154646,""adm2_name"":""Benalla (RC)""}]","[{""gid_1"":""AUS.5_1"",""migration_date"":""2025-12-20"",""migration_method"":""jaccard1"",""name_1"":""New South Wales""},{""gid_1"":""AUS.7_1"",""migration_date"":""2025-12-20"",""migration_method"":""jaccard1"",""name_1"":""Queensland""},{""gid_2"":""AUS.10.11_1"",""migration_date"":""2025-12-20"",""migration_method"":""jaccard2"",""name_2"":""Buloke""},{""gid_2"":""AUS.10.12_1"",""migration_date"":""2025-12-20"",""migration_method"":""jaccard2"",""name_2"":""Campaspe""},{""gid_2"":""AUS.10.21_1"",""migration_date"":""2025-12-20"",""migration_method"":""jaccard2"",""name_2"":""Gannawarra""},{""gid_2"":""AUS.10.28_1"",""migration_date"":""2025-12-20"",""migration_method"":""jaccard2"",""name_2"":""Greater Shepparton""},{""gid_2"":""AUS.10.30_1"",""migration_date"":""2025-12-20"",""migration_method"":""jaccard2"",""name_2"":""Hindmarsh""},{""gid_2"":""AUS.10.34_1"",""migration_date"":""2025-12-20"",""migration_method"":""jaccard2"",""name_2"":""Indigo""},{""gid_2"":""AUS.10.38_1"",""migration_date"":""2025-12-20"",""migration_method"":""jaccard2"",""name_2"":""Loddon""},{""gid_2"":""AUS.10.46_1"",""migration_date"":""2025-12-20"",""migration_method"":""jaccard2"",""name_2"":""Mildura""},{""gid_2"":""AUS.10.48_1"",""migration_date"":""2025-12-20"",""migration_method"":""jaccard2"",""name_2"":""Moira""},{""gid_2"":""AUS.10.67_1"",""migration_date"":""2025-12-20"",""migration_method"":""jaccard2"",""name_2"":""Swan Hill""},{""gid_2"":""AUS.10.68_1"",""migration_date"":""2025-12-20"",""migration_method"":""jaccard2"",""name_2"":""Towong""},{""gid_2"":""AUS.10.70_1"",""migration_date"":""2025-12-20"",""migration_method"":""jaccard2"",""name_2"":""Wangaratta""},{""gid_2"":""AUS.10.76_1"",""migration_date"":""2025-12-20"",""migration_method"":""jaccard2"",""name_2"":""Wodonga""},{""gid_2"":""AUS.10.80_1"",""migration_date"":""2025-12-20"",""migration_method"":""jaccard2"",""name_2"":""Yarriambiack""},{""gid_2"":""AUS.10.8_1"",""migration_date"":""2025-12-20"",""migration_method"":""jaccard2"",""name_2"":""Benalla""}]",2011-01-05,2025-12-20
2011-0070-AUS,No,nat-met-sto-tro,Natural,Meteorological,Storm,Tropical cyclone,GLIDE:TC-2011-000015,"Tropical Cyclone ""Yasi""",AUS,Australia,Australia and New Zealand,Oceania,"Cassowary, Innisfail, Silkwood, Mission Beach, Cardwell, Tully towns (Cassowary Coast district, Queensland province), Townsville town (Townsville district, Queensland province), Ingham town (Hinchinbrook district, Queensland province)",,Flood,No,No,No,,290,Kph,,,,2011,2,2,2011,2,5,1,,7300,,7300,,,1300000,1812915,2500000,3486375,71.70772361,"[{""adm2_code"":154659,""adm2_name"":""Cassowary Coast (R)""},{""adm2_code"":154670,""adm2_name"":""Hinchinbrook (S)""},{""adm2_code"":154698,""adm2_name"":""Townsville (C)""}]","[{""gid_2"":""AUS.7.15_1"",""migration_date"":""2025-12-20"",""migration_method"":""jaccard2"",""name_2"":""Cassowary Coast""},{""gid_2"":""AUS.7.31_1"",""migration_date"":""2025-12-20"",""migration_method"":""jaccard2"",""name_2"":""Hinchinbrook""},{""gid_2"":""AUS.7.67_1"",""migration_date"":""2025-12-20"",""migration_method"":""jaccard2"",""name_2"":""Townsville""}]",2012-03-29,2025-12-20
2012-0037-AUS,No,nat-hyd-flo-riv,Natural,Hydrological,Flood,Riverine flood,,,AUS,Australia,Australia and New Zealand,Oceania,"New South Wales province (Bellingen, Byron, Kyogle, Lismore, Richmond Valley, Clarence Valley, Coffs Harbour, Inverell, Nambucca, Kempsey, Tweed, Tenterfield, Greater Taree, Moree Plains, Narrabri (Wee Waa town), Gunnedah, Gwydir (Bingara, Gravesend, Yallaroi towns), Brewarrina (Goodooga town), Walgett (Collarenebri, Lightning Ridge, Cumborah towns), Bourke districts), Queensland province (Balonne (St. George, Dirranbandi, Roma towns), Paroo (Cunnamulla town), Maranoa (Mitchell town (Booringa area)), Murweh (Charleville town) districts),",Heavy rains,,No,No,No,,,Km2,,,"Balonne, Bulloo, Condamine, Cooper, Culgoa, Macintyre, Maranoa, Moonie, Namoi, Paroo, Warwick",2012,2,24,2012,3,16,2,,3000,,3000,,,137000,187180,363000,495959,73.19159161,"[{""adm2_code"":4953,""adm2_name"":""Bellingen (A)""},{""adm2_code"":4964,""adm2_name"":""Bourke (A)""},{""adm2_code"":4965,""adm2_name"":""Brewarrina (A)""},{""adm2_code"":4968,""adm2_name"":""Byron (A)""},{""adm2_code"":5009,""adm2_name"":""Greater Taree (C)""},{""adm2_code"":5025,""adm2_name"":""Inverell (A)""},{""adm2_code"":5028,""adm2_name"":""Kempsey (A)""},{""adm2_code"":5032,""adm2_name"":""Kyogle (A)""},{""adm2_code"":5038,""adm2_name"":""Lismore (C)""},{""adm2_code"":5047,""adm2_name"":""Moree Plains (A)""},{""adm2_code"":5055,""adm2_name"":""Nambucca (A)""},{""adm2_code"":5056,""adm2_name"":""Narrabri (A)""},{""adm2_code"":5091,""adm2_name"":""Tenterfield (A)""},{""adm2_code"":5094,""adm2_name"":""Tweed (A)""},{""adm2_code"":5102,""adm2_name"":""Walgett (A)""},{""adm2_code"":154617,""adm2_name"":""Clarence Valley (A)""},{""adm2_code"":154620,""adm2_name"":""Coffs Harbour (C)""},{""adm2_code"":154627,""adm2_name"":""Gunnedah (A)""},{""adm2_code"":154628,""adm2_name"":""Gwydir (A)""},{""adm2_code"":154636,""adm2_name"":""Richmond Valley (A)""},{""adm2_code"":5133,""adm2_name"":""Balonne (S)""},{""adm2_code"":5221,""adm2_name"":""Murweh (S)""},{""adm2_code"":5225,""adm2_name"":""Paroo (S)""},{""adm2_code"":154681,""adm2_name"":""Maranoa (R)""}]","[{""gid_2"":""AUS.5.10_1"",""migration_date"":""2025-12-20"",""migration_method"":""jaccard2"",""name_2"":""Bellingen""},{""gid_2"":""AUS.5.113_1"",""migration_date"":""2025-12-20"",""migration_method"":""jaccard2"",""name_2"":""Richmond Valley""},{""gid_2"":""AUS.5.125_1"",""migration_date"":""2025-12-20"",""migration_method"":""jaccard2"",""name_2"":""Tenterfield""},{""gid_2"":""AUS.5.129_1"",""migration_date"":""2025-12-20"",""migration_method"":""jaccard2"",""name_2"":""Tweed""},{""gid_2"":""AUS.5.138_1"",""migration_date"":""2025-12-20"",""migration_method"":""jaccard2"",""name_2"":""Walgett""},{""gid_2"":""AUS.5.20_1"",""migration_date"":""2025-12-20"",""migration_method"":""jaccard2"",""name_2"":""Bourke""},{""gid_2"":""AUS.5.21_1"",""migration_date"":""2025-12-20"",""migration_method"":""jaccard2"",""name_2"":""Brewarrina""},{""gid_2"":""AUS.5.24_1"",""migration_date"":""2025-12-20"",""migration_method"":""jaccard2"",""name_2"":""Byron""},{""gid_2"":""AUS.5.33_1"",""migration_date"":""2025-12-20"",""migration_method"":""jaccard2"",""name_2"":""Clarence Valley""},{""gid_2"":""AUS.5.35_1"",""migration_date"":""2025-12-20"",""migration_method"":""jaccard2"",""name_2"":""Coffs Harbour""},{""gid_2"":""AUS.5.56_1"",""migration_date"":""2025-12-20"",""migration_method"":""jaccard2"",""name_2"":""Greater Taree""},{""gid_2"":""AUS.5.59_1"",""migration_date"":""2025-12-20"",""migration_method"":""jaccard2"",""name_2"":""Gunnedah""},{""gid_2"":""AUS.5.61_1"",""migration_date"":""2025-12-20"",""migration_method"":""jaccard2"",""name_2"":""Gwydir""},{""gid_2"":""AUS.5.69_1"",""migration_date"":""2025-12-20"",""migration_method"":""jaccard2"",""name_2"":""Inverell""},{""gid_2"":""AUS.5.72_1"",""migration_date"":""2025-12-20"",""migration_method"":""jaccard2"",""name_2"":""Kempsey""},{""gid_2"":""AUS.5.76_1"",""migration_date"":""2025-12-20"",""migration_method"":""jaccard2"",""name_2"":""Kyogle""},{""gid_2"":""AUS.5.82_1"",""migration_date"":""2025-12-20"",""migration_method"":""jaccard2"",""name_2"":""Lismore""},{""gid_2"":""AUS.5.91_1"",""migration_date"":""2025-12-20"",""migration_method"":""jaccard2"",""name_2"":""Moree Plains""},{""gid_2"":""AUS.5.96_1"",""migration_date"":""2025-12-20"",""migration_method"":""jaccard2"",""name_2"":""Nambucca""},{""gid_2"":""AUS.5.97_1"",""migration_date"":""2025-12-20"",""migration_method"":""jaccard2"",""name_2"":""Narrabri""},{""gid_2"":""AUS.7.2_1"",""migration_date"":""2025-12-20"",""migration_method"":""jaccard2"",""name_2"":""Balonne""},{""gid_2"":""AUS.7.42_1"",""migration_date"":""2025-12-20"",""migration_method"":""jaccard2"",""name_2"":""Maranoa""},{""gid_2"":""AUS.7.47_1"",""migration_date"":""2025-12-20"",""migration_method"":""jaccard2"",""name_2"":""Murweh""},{""gid_2"":""AUS.7.52_1"",""migration_date"":""2025-12-20"",""migration_method"":""jaccard2"",""name_2"":""Paroo""}]",2013-03-27,2025-12-20
2014-0062-AUS,No,nat-cli-wil-lan,Natural,Climatological,Wildfire,"Land fire (Brush, Bush, Pasture)",,,AUS,Australia,Australia and New Zealand,Oceania,"Mickleham, Craigieburn cities (Hume district, Victoria province), Whittlesea (S), Nillumbik (S) districts (Melbourne north outskirts, Victoria province), Wallan, Kilmore, Beveridge cities (Mitchell (S) district, Victoria province), Warrandyte city (Manningham (C) district, Victoria province), Wunghnu city (Moira (S) district, Victoria province), Glenaladale, Walpa cities (East Gippsland (S) district, Victoria province), Yarram city (Wellington district, Victoria province), Morwell city (Latrobe district, Victoria province), Gisborne (Macedon Ranges district, Victoria province)","Dry and warm winds, high temperature",Industrial accidents|Pollution,No,No,No,,,Km2,,,,2014,2,7,2014,2,28,,20,,102,122,,,,,100000,132506,75.46845568,"[{""adm2_code"":5372,""adm2_name"":""East Gippsland (S)""},{""adm2_code"":5386,""adm2_name"":""Hume (C)""},{""adm2_code"":5390,""adm2_name"":""Latrobe (C)""},{""adm2_code"":5392,""adm2_name"":""Macedon Ranges (S)""},{""adm2_code"":5393,""adm2_name"":""Manningham (C)""},{""adm2_code"":5399,""adm2_name"":""Mitchell (S)""},{""adm2_code"":5400,""adm2_name"":""Moira (S)""},{""adm2_code"":5409,""adm2_name"":""Nillumbik (S)""},{""adm2_code"":5424,""adm2_name"":""Wellington (S)""},{""adm2_code"":5427,""adm2_name"":""Whittlesea (C)""}]","[{""gid_2"":""AUS.10.19_1"",""migration_date"":""2025-12-20"",""migration_method"":""jaccard2"",""name_2"":""East Gippsland""},{""gid_2"":""AUS.10.33_1"",""migration_date"":""2025-12-20"",""migration_method"":""jaccard2"",""name_2"":""Hume""},{""gid_2"":""AUS.10.37_1"",""migration_date"":""2025-12-20"",""migration_method"":""jaccard2"",""name_2"":""Latrobe""},{""gid_2"":""AUS.10.39_1"",""migration_date"":""2025-12-20"",""migration_method"":""jaccard2"",""name_2"":""Macedon Ranges""},{""gid_2"":""AUS.10.40_1"",""migration_date"":""2025-12-20"",""migration_method"":""jaccard2"",""name_2"":""Manningham""},{""gid_2"":""AUS.10.47_1"",""migration_date"":""2025-12-20"",""migration_method"":""jaccard2"",""name_2"":""Mitchell""},{""gid_2"":""AUS.10.48_1"",""migration_date"":""2025-12-20"",""migration_method"":""jaccard2"",""name_2"":""Moira""},{""gid_2"":""AUS.10.57_1"",""migration_date"":""2025-12-20"",""migration_method"":""jaccard2"",""name_2"":""Nillumbik""},{""gid_2"":""AUS.10.72_1"",""migration_date"":""2025-12-20"",""migration_method"":""jaccard2"",""name_2"":""Wellington""},{""gid_2"":""AUS.10.75_1"",""migration_date"":""2025-12-20"",""migration_method"":""jaccard2"",""name_2"":""Whittlesea""}]",2014-02-10,2025-12-20
2014-0475-AUS,No,nat-met-sto-lig,Natural,Meteorological,Storm,Lightning/Thunderstorms,,,AUS,Australia,Australia and New Zealand,Oceania,Brisbane district (Queensland province),,,No,No,No,,,Kph,,,,2014,11,22,2014,11,30,,12,52527,,52539,,,852000,1128949,1000000,1325057,75.46845568,"[{""adm2_code"":154654,""adm2_name"":""Brisbane (C)""}]","[{""gid_2"":""AUS.7.8_1"",""migration_date"":""2025-12-20"",""migration_method"":""jaccard2"",""name_2"":""Brisbane""}]",2014-12-12,2025-12-20
2015-0079-AUS,No,nat-met-sto-tro,Natural,Meteorological,Storm,Tropical cyclone,DFO:4226,Cyclone 'Marcia',AUS,Australia,Australia and New Zealand,Oceania,"Queensland, New South Wales provinces",,,No,No,Yes,,210,Kph,,,,2015,2,22,2015,2,24,1,,,6000,6000,,,396000,524101,546000,722624,75.55797677,"[{""adm1_code"":470,""adm1_name"":""New South Wales""},{""adm1_code"":473,""adm1_name"":""Queensland""}]","[{""gid_1"":""AUS.5_1"",""migration_date"":""2025-12-20"",""migration_method"":""jaccard1"",""name_1"":""New South Wales""},{""gid_1"":""AUS.7_1"",""migration_date"":""2025-12-20"",""migration_method"":""jaccard1"",""name_1"":""Queensland""}]",2015-03-11,2025-12-20
2015-0135-AUS,No,nat-met-sto-tro,Natural,Meteorological,Storm,Tropical cyclone,,Cyclone 'Olwyn',AUS,Australia,Australia and New Zealand,Oceania,"Carnarvon, Ashburton, Upper Gascoyne, Geraldton-Greenough, Irwin districts (Western Australia province)",,,No,No,No,,160,Kph,,,,2015,3,12,2015,3,15,,,600,,600,,,49000,64851,57000,75439,75.55797677,"[{""adm2_code"":5435,""adm2_name"":""Ashburton (S)""},{""adm2_code"":5454,""adm2_name"":""Carnarvon (S)""},{""adm2_code"":5490,""adm2_name"":""Irwin (S)""},{""adm2_code"":5553,""adm2_name"":""Upper Gascoyne (S)""},{""adm2_code"":154709,""adm2_name"":""Geraldton-Greenough (C)""}]","[{""gid_2"":""AUS.11.121_1"",""migration_date"":""2025-12-20"",""migration_method"":""jaccard2"",""name_2"":""Upper Gascoyne""},{""gid_2"":""AUS.11.22_1"",""migration_date"":""2025-12-20"",""migration_method"":""jaccard2"",""name_2"":""Carnarvon""},{""gid_2"":""AUS.11.3_1"",""migration_date"":""2025-12-20"",""migration_method"":""jaccard2"",""name_2"":""Ashburton""},{""gid_2"":""AUS.11.50_1"",""migration_date"":""2025-12-20"",""migration_method"":""jaccard2"",""name_2"":""Geraldton-Greenough""},{""gid_2"":""AUS.11.57_1"",""migration_date"":""2025-12-20"",""migration_method"":""jaccard2"",""name_2"":""Irwin""}]",2015-04-09,2025-12-20
2015-0576-AUS,No,nat-hyd-flo-fla,Natural,Hydrological,Flood,Flash flood,,,AUS,Australia,Australia and New Zealand,Oceania,"Queensland, New South Wales provinces",,,No,No,No,,,Km2,,,,2015,4,30,2015,5,3,6,,,,,,,,,400000,529395,75.55797677,"[{""adm1_code"":470,""adm1_name"":""New South Wales""},{""adm1_code"":473,""adm1_name"":""Queensland""}]","[{""gid_1"":""AUS.5_1"",""migration_date"":""2025-12-20"",""migration_method"":""jaccard1"",""name_1"":""New South Wales""},{""gid_1"":""AUS.7_1"",""migration_date"":""2025-12-20"",""migration_method"":""jaccard1"",""name_1"":""Queensland""}]",2016-01-22,2025-12-20
2016-0201-AUS,No,nat-met-sto-bli,Natural,Meteorological,Storm,Blizzard/Winter storm,,,AUS,Australia,Australia and New Zealand,Oceania,"New South Wales, Queensland, Tasmania provinces",,Flood,No,No,No,,115,Kph,,,,2016,6,4,2016,6,5,5,,,,,,,310000,405169,500000,653499,76.5112162,"[{""adm1_code"":470,""adm1_name"":""New South Wales""},{""adm1_code"":473,""adm1_name"":""Queensland""},{""adm1_code"":475,""adm1_name"":""Tasmania""}]","[{""gid_1"":""AUS.5_1"",""migration_date"":""2025-12-20"",""migration_method"":""jaccard1"",""name_1"":""New South Wales""},{""gid_1"":""AUS.7_1"",""migration_date"":""2025-12-20"",""migration_method"":""jaccard1"",""name_1"":""Queensland""},{""gid_1"":""AUS.9_1"",""migration_date"":""2025-12-20"",""migration_method"":""jaccard1"",""name_1"":""Tasmania""}]",2016-06-29,2025-12-20
2010-0102-AUS,No,nat-met-sto-lig,Natural,Meteorological,Storm,Lightning/Thunderstorms,,,AUS,Australia,Australia and New Zealand,Oceania,"Victoria, New South Wales, Tasmania provinces",,Flood|Hail,No,No,No,,100,Kph,,,,2010,3,6,2010,3,10,,,,,,,,950000,1366645,1330000,1913303,69.51329329,"[{""adm1_code"":470,""adm1_name"":""New South Wales""},{""adm1_code"":475,""adm1_name"":""Tasmania""},{""adm1_code"":476,""adm1_name"":""Victoria""}]","[{""gid_1"":""AUS.10_1"",""migration_date"":""2025-12-20"",""migration_method"":""jaccard1"",""name_1"":""Victoria""},{""gid_1"":""AUS.5_1"",""migration_date"":""2025-12-20"",""migration_method"":""jaccard1"",""name_1"":""New South Wales""},{""gid_1"":""AUS.9_1"",""migration_date"":""2025-12-20"",""migration_method"":""jaccard1"",""name_1"":""Tasmania""}]",2011-03-16,2025-12-20
2010-0656-AUS,No,nat-hyd-flo-riv,Natural,Hydrological,Flood,Riverine flood,GLIDE:FL-2010-000259,,AUS,Australia,Australia and New Zealand,Oceania,"New South Wales, Queensland, Victoria provinces","Cyclone Tasha, La Nina",,No,No,Yes,1100,911256,Km2,-24.77,147.63,"Fitzroy, Burnet, Condamine, Balone, Dawson, Mackenzie, Nogoa, Weir rivers",2010,12,25,2011,2,4,35,,175000,,175000,,,2500000,3596434,7300000,10501588,69.51329329,"[{""adm1_code"":470,""adm1_name"":""New South Wales""},{""adm1_code"":473,""adm1_name"":""Queensland""},{""adm1_code"":476,""adm1_name"":""Victoria""}]","[{""gid_1"":""AUS.10_1"",""migration_date"":""2025-12-20"",""migration_method"":""jaccard1"",""name_1"":""Victoria""},{""gid_1"":""AUS.5_1"",""migration_date"":""2025-12-20"",""migration_method"":""jaccard1"",""name_1"":""New South Wales""},{""gid_1"":""AUS.7_1"",""migration_date"":""2025-12-20"",""migration_method"":""jaccard1"",""name_1"":""Queensland""}]",2012-01-09,2025-12-20
2013-0008-AUS,No,nat-met-sto-tro,Natural,Meteorological,Storm,Tropical cyclone,GLIDE:TC-2013-000014,Ex-Tropical cyclone Oswald,AUS,Australia,Australia and New Zealand,Oceania,"Brisbane, Ipswich, Bundaberg, Rockhampton districts (Queensland province), New South Wales province",,Flood,No,No,No,,,Kph,,,,2013,1,23,2013,1,30,6,,7500,,7500,,,1000000,1346552,2000000,2693105,74.26372907,"[{""adm1_code"":470,""adm1_name"":""New South Wales""},{""adm2_code"":154654,""adm2_name"":""Brisbane (C)""},{""adm2_code"":154655,""adm2_name"":""Bundaberg (R)""},{""adm2_code"":154672,""adm2_name"":""Ipswich (C)""},{""adm2_code"":154688,""adm2_name"":""Rockhampton (R)""}]","[{""gid_1"":""AUS.5_1"",""migration_date"":""2025-12-20"",""migration_method"":""jaccard1"",""name_1"":""New South Wales""},{""gid_2"":""AUS.7.10_1"",""migration_date"":""2025-12-20"",""migration_method"":""jaccard2"",""name_2"":""Bundaberg""},{""gid_2"":""AUS.7.33_1"",""migration_date"":""2025-12-20"",""migration_method"":""jaccard2"",""name_2"":""Ipswich""},{""gid_2"":""AUS.7.57_1"",""migration_date"":""2025-12-20"",""migration_method"":""jaccard2"",""name_2"":""Rockhampton""},{""gid_2"":""AUS.7.8_1"",""migration_date"":""2025-12-20"",""migration_method"":""jaccard2"",""name_2"":""Brisbane""}]",2014-03-19,2025-12-20
2013-0024-AUS,No,nat-cli-wil-lan,Natural,Climatological,Wildfire,"Land fire (Brush, Bush, Pasture)",,,AUS,Australia,Australia and New Zealand,Oceania,"Dunnaley, Boomer Bay cities (Sorell (M) district, Tasmania province), Sommers Bay (Tasman district, Tasmania province), Bicheno city (Glamorgan/Spring Bay (M) district, Tasmania province); New South Wales, Victoria","Heat wave, dry conditions and gusty winds",,No,No,Yes,,,Km2,,,,2013,1,1,2013,1,17,1,,450,,450,,,80000,107724,98000,131962,74.26372907,"[{""adm1_code"":470,""adm1_name"":""New South Wales""},{""adm1_code"":476,""adm1_name"":""Victoria""},{""adm2_code"":5337,""adm2_name"":""Glamorgan/Spring Bay (M)""},{""adm2_code"":5348,""adm2_name"":""Sorell (M)""},{""adm2_code"":5350,""adm2_name"":""Tasman (M)""}]","[{""gid_1"":""AUS.10_1"",""migration_date"":""2025-12-20"",""migration_method"":""jaccard1"",""name_1"":""Victoria""},{""gid_1"":""AUS.5_1"",""migration_date"":""2025-12-20"",""migration_method"":""jaccard1"",""name_1"":""New South Wales""},{""gid_2"":""AUS.9.13_1"",""migration_date"":""2025-12-20"",""migration_method"":""jaccard2"",""name_2"":""Glamorgan/Spring Bay""},{""gid_2"":""AUS.9.25_1"",""migration_date"":""2025-12-20"",""migration_method"":""jaccard2"",""name_2"":""Sorell""},{""gid_2"":""AUS.9.27_1"",""migration_date"":""2025-12-20"",""migration_method"":""jaccard2"",""name_2"":""Tasman""}]",2014-03-20,2025-12-20
2013-0402-AUS,No,nat-cli-wil-lan,Natural,Climatological,Wildfire,"Land fire (Brush, Bush, Pasture)",,,AUS,Australia,Australia and New Zealand,Oceania,Blue Mountains (C) district (New South Wales province),High temperature and violent winds,,No,No,Yes,,,Km2,,,,2013,10,18,2013,10,31,2,,990,,990,,,164000,220835,268000,360876,74.26372907,"[{""adm2_code"":4959,""adm2_name"":""Blue Mountains (C)""}]","[{""gid_2"":""AUS.5.15_1"",""migration_date"":""2025-12-20"",""migration_method"":""jaccard2"",""name_2"":""Blue Mountains""}]",2014-03-20,2025-12-20
2014-0004-AUS,No,nat-cli-wil-lan,Natural,Climatological,Wildfire,"Land fire (Brush, Bush, Pasture)",,,AUS,Australia,Australia and New Zealand,Oceania,"Kalamunda (S), Mundaring (S) districts (Perth Hills region, Western Australia province)","Extreme heat, dry conditions and gusty winds",,No,No,No,,,Km2,,,,2014,1,13,2014,1,13,2,,,168,168,,,,,25000,33126,75.46845568,"[{""adm2_code"":5493,""adm2_name"":""Kalamunda (S)""},{""adm2_code"":5520,""adm2_name"":""Mundaring (S)""}]","[{""gid_2"":""AUS.11.60_1"",""migration_date"":""2025-12-20"",""migration_method"":""jaccard2"",""name_2"":""Kalamunda""},{""gid_2"":""AUS.11.87_1"",""migration_date"":""2025-12-20"",""migration_method"":""jaccard2"",""name_2"":""Mundaring""}]",2014-02-07,2025-12-20
2015-0010-AUS,No,nat-cli-wil-lan,Natural,Climatological,Wildfire,"Land fire (Brush, Bush, Pasture)",,,AUS,Australia,Australia and New Zealand,Oceania,"Sampson Flat city (Playford (C) district, South Australia province), Kersbrook (Adelaide Hills (DC) district, Mount Lofty Ranges, South Australia province)",,,No,No,No,,,Km2,,,,2015,1,3,2015,1,8,,134,,,134,,,45000,59557,51000,67498,75.55797677,"[{""adm2_code"":5257,""adm2_name"":""Adelaide Hills (DC)""},{""adm2_code"":5299,""adm2_name"":""Playford (C)""}]","[{""gid_2"":""AUS.8.2_1"",""migration_date"":""2025-12-20"",""migration_method"":""jaccard2"",""name_2"":""Adelaide Hills""},{""gid_2"":""AUS.8.45_1"",""migration_date"":""2025-12-20"",""migration_method"":""jaccard2"",""name_2"":""Playford""}]",2015-01-13,2025-12-20
2015-0148-AUS,No,nat-met-sto-sev,Natural,Meteorological,Storm,Severe weather,DFO:4244,,AUS,Australia,Australia and New Zealand,Oceania,"Dungog, Hunters Hill, Sydney districts (New South Wales province)",,Flood|Surge,No,No,No,,135,Kph,,,,2015,4,20,2015,4,28,7,,1000,,1000,,,730000,966146,1300000,1720533,75.55797677,"[{""adm2_code"":4996,""adm2_name"":""Dungog (A)""},{""adm2_code"":5023,""adm2_name"":""Hunters Hill (A)""},{""adm2_code"":154637,""adm2_name"":""Sydney (C)""}]","[{""gid_2"":""AUS.5.122_1"",""migration_date"":""2025-12-20"",""migration_method"":""jaccard2"",""name_2"":""Sydney""},{""gid_2"":""AUS.5.45_1"",""migration_date"":""2025-12-20"",""migration_method"":""jaccard2"",""name_2"":""Dungog""},{""gid_2"":""AUS.5.67_1"",""migration_date"":""2025-12-20"",""migration_method"":""jaccard2"",""name_2"":""Hunters Hill""}]",2015-04-28,2025-12-20
2015-0560-AUS,No,nat-cli-wil-for,Natural,Climatological,Wildfire,Forest fire,,,AUS,Australia,Australia and New Zealand,Oceania,"Wye River, Separation Creek cities (Colac-Otway (S) district, Victoria province)",,,No,No,No,,,Km2,,,,2015,12,19,2015,12,26,,,,348,348,,,,,100000,132349,75.55797677,"[{""adm2_code"":5368,""adm2_name"":""Colac-Otway (S)""}]","[{""gid_2"":""AUS.10.16_1"",""migration_date"":""2025-12-20"",""migration_method"":""jaccard2"",""name_2"":""Colac-Otway""}]",2016-01-05,2025-12-20
2016-0428-AUS,No,nat-hyd-flo-flo,Natural,Hydrological,Flood,Flood (General),DFO:4399,,AUS,Australia,Australia and New Zealand,Oceania,"Victoria, South Australia provinces",Heay rains,,No,No,No,,634200.41,Km2,-33.277,139.898,,2016,9,10,2016,9,22,1,,280,,280,,,,,25000,32675,76.5112162,"[{""adm1_code"":474,""adm1_name"":""South Australia""},{""adm1_code"":476,""adm1_name"":""Victoria""}]","[{""gid_1"":""AUS.10_1"",""migration_date"":""2025-12-20"",""migration_method"":""jaccard1"",""name_1"":""Victoria""},{""gid_1"":""AUS.8_1"",""migration_date"":""2025-12-20"",""migration_method"":""jaccard1"",""name_1"":""South Australia""}]",2016-11-21,2025-12-20
2017-0072-AUS,No,nat-cli-wil-wil,Natural,Climatological,Wildfire,Wildfire (General),,Sir Ivan fire,AUS,Australia,Australia and New Zealand,Oceania,"New South Wales states (Dunedoo, Uarbry, Pappinbarra, Dondingalong, Kempsey, Boggabri, Narrabri, Mudgee)",,Heat wave,No,No,No,,59000,Km2,,,,2017,2,9,2017,2,13,,2,27,114,143,,,15000,19196,20000,25595,78.14100176,"[{""adm2_code"":5016,""adm2_name"":""Port Macquarie-Hastings (A)""},{""adm2_code"":5028,""adm2_name"":""Kempsey (A)""},{""adm2_code"":5056,""adm2_name"":""Narrabri (A)""},{""adm2_code"":154632,""adm2_name"":""Mid-Western Regional (A)""},{""adm2_code"":154642,""adm2_name"":""Warrumbungle Shire (A)""}]","[{""gid_2"":""AUS.5.109_1"",""migration_date"":""2025-12-20"",""migration_method"":""jaccard2"",""name_2"":""Port Macquarie-Hastings""},{""gid_2"":""AUS.5.141_1"",""migration_date"":""2025-12-20"",""migration_method"":""jaccard2"",""name_2"":""Warrumbungle""},{""gid_2"":""AUS.5.72_1"",""migration_date"":""2025-12-20"",""migration_method"":""jaccard2"",""name_2"":""Kempsey""},{""gid_2"":""AUS.5.90_1"",""migration_date"":""2025-12-20"",""migration_method"":""jaccard2"",""name_2"":""Mid-Western Regional""},{""gid_2"":""AUS.5.97_1"",""migration_date"":""2025-12-20"",""migration_method"":""jaccard2"",""name_2"":""Narrabri""}]",2017-03-16,2025-12-20
2019-0028-AUS,No,nat-hyd-flo-riv,Natural,Hydrological,Flood,Riverine flood,,,AUS,Australia,Australia and New Zealand,Oceania,"Townsville, Daintree, Giru (Queensland)",Heavy rains,,No,No,Yes,,,Km2,,,Daintree,2019,1,27,2019,2,9,3,,9900,,9900,,,635000,779138,2000000,2453978,81.50030941,"[{""adm2_code"":5152,""adm2_name"":""Burdekin (S)""},{""adm2_code"":154657,""adm2_name"":""Cairns (R)""},{""adm2_code"":154698,""adm2_name"":""Townsville (C)""}]","[{""gid_2"":""AUS.7.11_1"",""migration_date"":""2025-12-20"",""migration_method"":""jaccard2"",""name_2"":""Burdekin""},{""gid_2"":""AUS.7.13_1"",""migration_date"":""2025-12-20"",""migration_method"":""jaccard2"",""name_2"":""Cairns""},{""gid_2"":""AUS.7.67_1"",""migration_date"":""2025-12-20"",""migration_method"":""jaccard2"",""name_2"":""Townsville""}]",2019-01-28,2025-12-20
2020-0053-AUS,No,nat-hyd-flo-flo,Natural,Hydrological,Flood,Flood (General),DFO:4873,,AUS,Australia,Australia and New Zealand,Oceania,New South Wales,Heavy rains,Storm,No,No,No,,,Km2,,,,2020,2,4,2020,2,11,1,,,,,,,,,1200000,1454445,82.50568385,"[{""adm1_code"":470,""adm1_name"":""New South Wales""}]","[{""gid_1"":""AUS.5_1"",""migration_date"":""2025-12-20"",""migration_method"":""jaccard1"",""name_1"":""New South Wales""}]",2020-02-11,2025-12-20
2019-0545-AUS,No,nat-cli-wil-lan,Natural,Climatological,Wildfire,"Land fire (Brush, Bush, Pasture)",GLIDE:WF-2019-000183,Currowan,AUS,Australia,Australia and New Zealand,Oceania,"New South Wales, Queensland; Victoria; South Australia, Western Australia",High temperatures and dry conditions,Heat wave|Pollution,No,No,Yes,,169967,Km2,,,,2019,9,1,2020,2,,32,24,1959,6900,8883,,,,,2000000,2453978,81.50030941,"[{""adm1_code"":470,""adm1_name"":""New South Wales""},{""adm1_code"":473,""adm1_name"":""Queensland""},{""adm1_code"":474,""adm1_name"":""South Australia""},{""adm1_code"":476,""adm1_name"":""Victoria""},{""adm1_code"":477,""adm1_name"":""Western Australia""}]","[{""gid_1"":""AUS.10_1"",""migration_date"":""2025-12-20"",""migration_method"":""jaccard1"",""name_1"":""Victoria""},{""gid_1"":""AUS.11_1"",""migration_date"":""2025-12-20"",""migration_method"":""jaccard1"",""name_1"":""Western Australia""},{""gid_1"":""AUS.5_1"",""migration_date"":""2025-12-20"",""migration_method"":""jaccard1"",""name_1"":""New South Wales""},{""gid_1"":""AUS.7_1"",""migration_date"":""2025-12-20"",""migration_method"":""jaccard1"",""name_1"":""Queensland""},{""gid_1"":""AUS.8_1"",""migration_date"":""2025-12-20"",""migration_method"":""jaccard1"",""name_1"":""South Australia""}]",2019-11-19,2025-12-20
2021-0169-AUS,No,nat-hyd-flo-flo,Natural,Hydrological,Flood,Flood (General),GLIDE:FL-2021-000025,,AUS,Australia,Australia and New Zealand,Oceania,"Greater Sidney, Hunter, Mid North Coast, Clearance Nambucca Regions (New South Wales); Queensland",Heavy rains,,No,No,No,,,Km2,,,,2021,3,18,2021,3,19,2,,18000,,18000,,,410000,474638,2100000,2431072,86.38165694,"[{""adm1_code"":470,""adm1_name"":""New South Wales""},{""adm1_code"":473,""adm1_name"":""Queensland""}]","[{""gid_1"":""AUS.5_1"",""migration_date"":""2025-12-20"",""migration_method"":""jaccard1"",""name_1"":""New South Wales""},{""gid_1"":""AUS.7_1"",""migration_date"":""2025-12-20"",""migration_method"":""jaccard1"",""name_1"":""Queensland""}]",2021-03-22,2025-12-20
2021-0334-AUS,No,nat-hyd-flo-fla,Natural,Hydrological,Flood,Flash flood,,,AUS,Australia,Australia and New Zealand,Oceania,"Victoria, New South Wales, Queensland, and South Australia",,,No,No,No,,,Km2,,,,2021,6,9,2021,6,11,2,,600,,600,,,317000,366976,330000,382026,86.38165694,"[{""adm1_code"":470,""adm1_name"":""New South Wales""},{""adm1_code"":473,""adm1_name"":""Queensland""},{""adm1_code"":474,""adm1_name"":""South Australia""},{""adm1_code"":476,""adm1_name"":""Victoria""}]","[{""gid_1"":""AUS.10_1"",""migration_date"":""2025-12-20"",""migration_method"":""jaccard1"",""name_1"":""Victoria""},{""gid_1"":""AUS.5_1"",""migration_date"":""2025-12-20"",""migration_method"":""jaccard1"",""name_1"":""New South Wales""},{""gid_1"":""AUS.7_1"",""migration_date"":""2025-12-20"",""migration_method"":""jaccard1"",""name_1"":""Queensland""},{""gid_1"":""AUS.8_1"",""migration_date"":""2025-12-20"",""migration_method"":""jaccard1"",""name_1"":""South Australia""}]",2021-06-23,2025-12-20
2009-0589-AUS,No,nat-hyd-flo-riv,Natural,Hydrological,Flood,Riverine flood,,,AUS,Australia,Australia and New Zealand,Oceania,New South Wales province,Tropical cyclone Laurence,,No,No,Yes,,149300,Km2,-31.17,151.75,Castlereagh,2009,12,25,2009,12,28,,,200,,200,,,,,,,68.39164268,"[{""adm1_code"":470,""adm1_name"":""New South Wales""}]","[{""gid_1"":""AUS.5_1"",""migration_date"":""2025-12-20"",""migration_method"":""jaccard1"",""name_1"":""New South Wales""}]",2010-01-04,2025-12-20
2008-0581-AUS,No,nat-hyd-flo-riv,Natural,Hydrological,Flood,Riverine flood,,,AUS,Australia,Australia and New Zealand,Oceania,"Central Highlands, Isaac districts (Queensland province)",Heavy rain,Broken Dam/Burst bank,No,No,No,,105500,Km2,-21.56,147.03,,2008,11,20,2008,11,23,4,,1200,,1200,,,205000,298679,275000,400666,68.63567228,"[{""adm2_code"":154660,""adm2_name"":""Central Highlands (R)""},{""adm2_code"":154673,""adm2_name"":""Isaac (R)""}]","[{""gid_2"":""AUS.7.16_1"",""migration_date"":""2025-12-20"",""migration_method"":""jaccard2"",""name_2"":""Central Highlands""},{""gid_2"":""AUS.7.34_1"",""migration_date"":""2025-12-20"",""migration_method"":""jaccard2"",""name_2"":""Isaac""}]",2009-03-18,2025-12-20
2009-0230-AUS,No,nat-met-sto-sev,Natural,Meteorological,Storm,Severe weather,,,AUS,Australia,Australia and New Zealand,Oceania,"Queensland, New South Wales provinces",,Flood,No,No,No,,130,Kph,-29.05,152.73,,2009,5,19,2009,5,28,1,,15000,,15000,,,,,60000,87730,68.39164268,"[{""adm1_code"":470,""adm1_name"":""New South Wales""},{""adm1_code"":473,""adm1_name"":""Queensland""}]","[{""gid_1"":""AUS.5_1"",""migration_date"":""2025-12-20"",""migration_method"":""jaccard1"",""name_1"":""New South Wales""},{""gid_1"":""AUS.7_1"",""migration_date"":""2025-12-20"",""migration_method"":""jaccard1"",""name_1"":""Queensland""}]",2010-01-15,2025-12-20
2008-0525-AUS,No,nat-met-sto-lig,Natural,Meteorological,Storm,Lightning/Thunderstorms,,,AUS,Australia,Australia and New Zealand,Oceania,"Brisbane, Logan, Gold Coast, Sunshine Coast, Moreton Bay districts (Queensland province)",,Flood|Hail,No,No,Yes,,,Kph,-30.05,151.49,,2008,11,15,2008,11,21,1,,12000,,12000,,,380000,553648,450000,655636,68.63567228,"[{""adm2_code"":154654,""adm2_name"":""Brisbane (C)""},{""adm2_code"":154667,""adm2_name"":""Gold Coast (C)""},{""adm2_code"":154677,""adm2_name"":""Logan (C)""},{""adm2_code"":154682,""adm2_name"":""Moreton Bay (R)""},{""adm2_code"":154693,""adm2_name"":""Sunshine Coast (R)""}]","[{""gid_2"":""AUS.7.28_1"",""migration_date"":""2025-12-20"",""migration_method"":""jaccard2"",""name_2"":""Gold Coast""},{""gid_2"":""AUS.7.38_1"",""migration_date"":""2025-12-20"",""migration_method"":""jaccard2"",""name_2"":""Logan""},{""gid_2"":""AUS.7.44_1"",""migration_date"":""2025-12-20"",""migration_method"":""jaccard2"",""name_2"":""Moreton Bay""},{""gid_2"":""AUS.7.62_1"",""migration_date"":""2025-12-20"",""migration_method"":""jaccard2"",""name_2"":""Sunshine Coast""},{""gid_2"":""AUS.7.8_1"",""migration_date"":""2025-12-20"",""migration_method"":""jaccard2"",""name_2"":""Brisbane""}]",2009-03-19,2025-12-20
2006-0660-AUS,No,nat-cli-wil-wil,Natural,Climatological,Wildfire,Wildfire (General),,,AUS,Australia,Australia and New Zealand,Oceania,"Blue mountains district, New South Wales province",,,No,No,Yes,,,Km2,,,,2006,11,16,2006,11,16,,,,,,,,,,,,64.26483222,"[{""adm2_code"":4959,""adm2_name"":""Blue Mountains (C)""}]","[{""gid_2"":""AUS.5.15_1"",""migration_date"":""2025-12-20"",""migration_method"":""jaccard2"",""name_2"":""Blue Mountains""}]",2006-12-04,2025-12-20
2006-0057-AUS,No,nat-cli-wil-for,Natural,Climatological,Wildfire,Forest fire,,,AUS,Australia,Australia and New Zealand,Oceania,"Victoria, New South Wales, Tasmania provinces",,,No,No,No,,,Km2,,,,2006,1,,2006,4,,3,,,81,81,,,,,50000,77803,64.26483222,"[{""adm1_code"":470,""adm1_name"":""New South Wales""},{""adm1_code"":475,""adm1_name"":""Tasmania""},{""adm1_code"":476,""adm1_name"":""Victoria""}]","[{""gid_1"":""AUS.10_1"",""migration_date"":""2025-12-20"",""migration_method"":""jaccard1"",""name_1"":""Victoria""},{""gid_1"":""AUS.5_1"",""migration_date"":""2025-12-20"",""migration_method"":""jaccard1"",""name_1"":""New South Wales""},{""gid_1"":""AUS.9_1"",""migration_date"":""2025-12-20"",""migration_method"":""jaccard1"",""name_1"":""Tasmania""}]",2007-01-03,2025-12-20
2005-0523-AUS,No,nat-hyd-flo-riv,Natural,Hydrological,Flood,Riverine flood,GLIDE:FL-2005-000106,,AUS,Australia,Australia and New Zealand,Oceania,"Coomera, Currumbin villages (Gold Coast district, Queensland province), Byron Bay area (Byron district, New South Wales province), Yamba area (Clarence Valley district, New South Wales province), Benora area (Tweed district, New South Wales province), Casino village (Richmond Valley district, New South Wales province), Kyogle, Lismore, Ballina districts (New South Wales province)",Heavy rains,Rain,No,No,No,,,Km2,,,,2005,6,30,2005,7,3,3,,3000,,3000,,,58000,93163,58000,93163,62.25647853,"[{""adm2_code"":4946,""adm2_name"":""Ballina (A)""},{""adm2_code"":4968,""adm2_name"":""Byron (A)""},{""adm2_code"":5032,""adm2_name"":""Kyogle (A)""},{""adm2_code"":5038,""adm2_name"":""Lismore (C)""},{""adm2_code"":5094,""adm2_name"":""Tweed (A)""},{""adm2_code"":154617,""adm2_name"":""Clarence Valley (A)""},{""adm2_code"":154636,""adm2_name"":""Richmond Valley (A)""},{""adm2_code"":154667,""adm2_name"":""Gold Coast (C)""}]","[{""gid_2"":""AUS.5.113_1"",""migration_date"":""2025-12-20"",""migration_method"":""jaccard2"",""name_2"":""Richmond Valley""},{""gid_2"":""AUS.5.129_1"",""migration_date"":""2025-12-20"",""migration_method"":""jaccard2"",""name_2"":""Tweed""},{""gid_2"":""AUS.5.24_1"",""migration_date"":""2025-12-20"",""migration_method"":""jaccard2"",""name_2"":""Byron""},{""gid_2"":""AUS.5.33_1"",""migration_date"":""2025-12-20"",""migration_method"":""jaccard2"",""name_2"":""Clarence Valley""},{""gid_2"":""AUS.5.5_1"",""migration_date"":""2025-12-20"",""migration_method"":""jaccard2"",""name_2"":""Ballina""},{""gid_2"":""AUS.5.76_1"",""migration_date"":""2025-12-20"",""migration_method"":""jaccard2"",""name_2"":""Kyogle""},{""gid_2"":""AUS.5.82_1"",""migration_date"":""2025-12-20"",""migration_method"":""jaccard2"",""name_2"":""Lismore""},{""gid_2"":""AUS.7.28_1"",""migration_date"":""2025-12-20"",""migration_method"":""jaccard2"",""name_2"":""Gold Coast""}]",2006-02-27,2025-12-20
2004-0589-AUS,No,nat-met-sto-sto,Natural,Meteorological,Storm,Storm (General),,,AUS,Australia,Australia and New Zealand,Oceania,Brisbane district (Queensland province),,Flood|Hail,No,No,No,,,Kph,,,,2004,11,7,2004,11,7,2,,45,,45,,,,,10000,16608,60.21357973,"[{""adm2_code"":154654,""adm2_name"":""Brisbane (C)""}]","[{""gid_2"":""AUS.7.8_1"",""migration_date"":""2025-12-20"",""migration_method"":""jaccard2"",""name_2"":""Brisbane""}]",2004-11-22,2025-12-20
2003-0616-AUS,No,nat-met-sto-hai,Natural,Meteorological,Storm,Hail,,,AUS,Australia,Australia and New Zealand,Oceania,Gladstone district (Queensland province),,,No,No,No,,,Kph,,,,2003,12,9,2003,12,9,,,300,,300,,,,,,,58.64355298,"[{""adm2_code"":154666,""adm2_name"":""Gladstone (R)""}]","[{""gid_2"":""AUS.7.27_1"",""migration_date"":""2025-12-20"",""migration_method"":""jaccard2"",""name_2"":""Gladstone""}]",2003-12-22,2025-12-20
2003-0587-AUS,No,nat-hyd-flo-fla,Natural,Hydrological,Flood,Flash flood,,,AUS,Australia,Australia and New Zealand,Oceania,"Darebin, Manningham districts (Victoria province)",Heavy rains,,No,No,No,,,Km2,,,,2003,12,2,2003,12,2,,,50,,50,,,,,75000,127891,58.64355298,"[{""adm2_code"":5370,""adm2_name"":""Darebin (C)""},{""adm2_code"":5393,""adm2_name"":""Manningham (C)""}]","[{""gid_2"":""AUS.10.18_1"",""migration_date"":""2025-12-20"",""migration_method"":""jaccard2"",""name_2"":""Darebin""},{""gid_2"":""AUS.10.40_1"",""migration_date"":""2025-12-20"",""migration_method"":""jaccard2"",""name_2"":""Manningham""}]",2003-12-03,2025-12-20
2003-0560-AUS,No,nat-met-sto-hai,Natural,Meteorological,Storm,Hail,,Hailstorm,AUS,Australia,Australia and New Zealand,Oceania,Sydney district (New South Wales province),,Flood,No,No,No,,,Kph,,,,2003,10,24,2003,10,24,,,1500,,1500,,,,,,,58.64355298,"[{""adm2_code"":154637,""adm2_name"":""Sydney (C)""}]","[{""gid_2"":""AUS.5.122_1"",""migration_date"":""2025-12-20"",""migration_method"":""jaccard2"",""name_2"":""Sydney""}]",2003-11-24,2025-12-20
2003-0292-AUS,No,nat-hyd-flo-fla,Natural,Hydrological,Flood,Flash flood,,,AUS,Australia,Australia and New Zealand,Oceania,"Gosford, Wyong, Wollongong districts (New South Wales province)",Brief torrential rains,,No,No,Yes,,5265,Km2,,,"Worona, Cooks",2003,5,13,2003,5,18,,,300,,300,,,,,,,58.64355298,"[{""adm2_code"":5004,""adm2_name"":""Gosford (C)""},{""adm2_code"":5113,""adm2_name"":""Wollongong (C)""},{""adm2_code"":5115,""adm2_name"":""Wyong (A)""}]","[{""gid_2"":""AUS.5.149_1"",""migration_date"":""2025-12-20"",""migration_method"":""jaccard2"",""name_2"":""Wollongong""},{""gid_2"":""AUS.5.151_1"",""migration_date"":""2025-12-20"",""migration_method"":""jaccard2"",""name_2"":""Wyong""},{""gid_2"":""AUS.5.52_1"",""migration_date"":""2025-12-20"",""migration_method"":""jaccard2"",""name_2"":""Gosford""}]",2004-01-22,2025-12-20
2003-0079-AUS,No,nat-hyd-flo-riv,Natural,Hydrological,Flood,Riverine flood,,,AUS,Australia,Australia and New Zealand,Oceania,"Stanwell, Gracemere, Mount Morgan villages (Rockhampton district, Queensland province), Wowan, Baralaba, Moura villages (Banana district, Queensland province), Agnes Water, Makowata villages (Gladstone district, Queensland province), Blackall Tambo district (Queensland province)","Cyclone Beni, heavy rains",,No,No,Yes,,36500,Km2,,,,2003,2,5,2003,2,12,1,,20,,20,,,,,2000,3410,58.64355298,"[{""adm2_code"":154651,""adm2_name"":""Banana (S)""},{""adm2_code"":154653,""adm2_name"":""Blackall Tambo (R)""},{""adm2_code"":154666,""adm2_name"":""Gladstone (R)""},{""adm2_code"":154688,""adm2_name"":""Rockhampton (R)""}]","[{""gid_2"":""AUS.7.27_1"",""migration_date"":""2025-12-20"",""migration_method"":""jaccard2"",""name_2"":""Gladstone""},{""gid_2"":""AUS.7.3_1"",""migration_date"":""2025-12-20"",""migration_method"":""jaccard2"",""name_2"":""Banana""},{""gid_2"":""AUS.7.57_1"",""migration_date"":""2025-12-20"",""migration_method"":""jaccard2"",""name_2"":""Rockhampton""},{""gid_2"":""AUS.7.6_1"",""migration_date"":""2025-12-20"",""migration_method"":""jaccard2"",""name_2"":""Blackall Tambo""}]",2004-01-20,2025-12-20
2002-0798-AUS,No,nat-met-sto-sto,Natural,Meteorological,Storm,Storm (General),,,AUS,Australia,Australia and New Zealand,Oceania,"Port Stephens, Greater Taree districts (New South Wales province)",,,No,No,No,,,Kph,,,,2002,12,5,2002,12,5,,,120,9,129,,,,,,,57.34184015,"[{""adm2_code"":5009,""adm2_name"":""Greater Taree (C)""},{""adm2_code"":5070,""adm2_name"":""Port Stephens (A)""}]","[{""gid_2"":""AUS.5.110_1"",""migration_date"":""2025-12-20"",""migration_method"":""jaccard2"",""name_2"":""Port Stephens""},{""gid_2"":""AUS.5.56_1"",""migration_date"":""2025-12-20"",""migration_method"":""jaccard2"",""name_2"":""Greater Taree""}]",2003-07-01,2025-12-20
2009-0615-AUS,No,nat-hyd-flo-riv,Natural,Hydrological,Flood,Riverine flood,,,AUS,Australia,Australia and New Zealand,Oceania,"Queensland, New South Wales provinces",Hevay rains and two cylones Ellie and Charlotte,,No,No,No,,,Km2,,,,2009,1,13,2009,2,25,7,,9000,,9000,,,12000,17546,150000,219325,68.39164268,"[{""adm1_code"":470,""adm1_name"":""New South Wales""},{""adm1_code"":473,""adm1_name"":""Queensland""}]","[{""gid_1"":""AUS.5_1"",""migration_date"":""2025-12-20"",""migration_method"":""jaccard1"",""name_1"":""New South Wales""},{""gid_1"":""AUS.7_1"",""migration_date"":""2025-12-20"",""migration_method"":""jaccard1"",""name_1"":""Queensland""}]",2010-03-04,2025-12-20
2000-0750-AUS,No,nat-hyd-flo-riv,Natural,Hydrological,Flood,Riverine flood,,,AUS,Australia,Australia and New Zealand,Oceania,"Bingara, Yallaroi villages (Gwydir district, New South Wales province), Coonebarabran village (Warrumbungle Shire district, New South Wales province), Berrigan, Corowa Shire, Deniliquin, Murray districts (New South Wales province)",,,No,No,No,,112000,Km2,,,"Peel, Namoi, Murray, Edward, Gwydir, Belubula, Castlereagh, Macquarie, Macintyre, Barwon, Bulloo, Ward rivers",2000,11,17,2000,12,2,,,600,,600,,,,,265000,482738,54.89515197,"[{""adm2_code"":4954,""adm2_name"":""Berrigan (A)""},{""adm2_code"":4992,""adm2_name"":""Deniliquin (A)""},{""adm2_code"":5051,""adm2_name"":""Murray (A)""},{""adm2_code"":154623,""adm2_name"":""Corowa Shire (A)""},{""adm2_code"":154628,""adm2_name"":""Gwydir (A)""},{""adm2_code"":154642,""adm2_name"":""Warrumbungle Shire (A)""}]","[{""gid_2"":""AUS.5.11_1"",""migration_date"":""2025-12-20"",""migration_method"":""jaccard2"",""name_2"":""Berrigan""},{""gid_2"":""AUS.5.141_1"",""migration_date"":""2025-12-20"",""migration_method"":""jaccard2"",""name_2"":""Warrumbungle""},{""gid_2"":""AUS.5.41_1"",""migration_date"":""2025-12-20"",""migration_method"":""jaccard2"",""name_2"":""Corowa""},{""gid_2"":""AUS.5.43_1"",""migration_date"":""2025-12-20"",""migration_method"":""jaccard2"",""name_2"":""Deniliquin""},{""gid_2"":""AUS.5.61_1"",""migration_date"":""2025-12-20"",""migration_method"":""jaccard2"",""name_2"":""Gwydir""},{""gid_2"":""AUS.5.93_1"",""migration_date"":""2025-12-20"",""migration_method"":""jaccard2"",""name_2"":""Murray""}]",2006-02-23,2025-12-20
2009-0616-AUS,No,nat-met-ext-hea,Natural,Meteorological,Extreme temperature,Heat wave,,,AUS,Australia,Australia and New Zealand,Oceania,"Victoria, New South wales (South), Tasmania (Northern) provinces",,,No,No,No,,48.8,°C,,,,2009,1,27,2009,2,8,347,2000,,,2000,,,,,,,68.39164268,"[{""adm1_code"":470,""adm1_name"":""New South Wales""},{""adm1_code"":475,""adm1_name"":""Tasmania""},{""adm1_code"":476,""adm1_name"":""Victoria""}]","[{""gid_1"":""AUS.10_1"",""migration_date"":""2025-12-20"",""migration_method"":""jaccard1"",""name_1"":""Victoria""},{""gid_1"":""AUS.5_1"",""migration_date"":""2025-12-20"",""migration_method"":""jaccard1"",""name_1"":""New South Wales""},{""gid_1"":""AUS.9_1"",""migration_date"":""2025-12-20"",""migration_method"":""jaccard1"",""name_1"":""Tasmania""}]",2010-03-07,2025-12-20