CAT Name,Event Name,Event Start,Event Finish,Financial Year,State,Town,Description,Type,Year,Postcode,ORIGINAL LOSS VALUE,NORMALISED LOSS VALUE (2022),TOTAL CLAIMS RECEIVED,Domestic Building Claims,Domestic Content Claims,Domestic Motor Claims,Domestic Other Claims,Commercial Property Claims,Commercial motor,Commercial BI Claims,Commercial Other Claims,Commercial Crop Claims
CAT261,Victorian Bushfires,7-Jan-26,8-Feb-26,FY25,VIC,Victoria,The Insurance Council of Australia (ICA) has today escalated its significant event declaration to an Insurance Catastrophe for the bushfires that have been impacting 18 LGAs across Victoria since 7 January.,Bushfire,2026,"3691, 3695, 3697, 3698, 3699, 3701, 3735, 3737, 3738, 3739, 3740, 3741, 3744, 3747, 3749, 3858, 3862, 3898, 3272, 3293, 3294, 3314, 3325, 3351, 3361, 3373, 3374, 3375, 3377, 3378, 3379, 3381, 3469, 3232, 3233, 3234, 3235, 3236, 3237, 3238, 3239, 3241, 3242, 3243, 3249, 3250, 3251, 3254, 3260, 3266, 3269, 3321, 3322, 3323, 3329, 3239, 3249, 3251, 3260, 3264, 3265, 3266, 3267, 3268, 3269, 3270, 3271, 3272, 3322, 3323, 3324, 3325, 3351, 3352, 3360, 3361, 2550, 2551, 2627, 2628, 2632, 2633, 3697, 3699, 3701, 3707, 3741, 3851, 3862, 3864, 3865, 3875, 3878, 3880, 3882, 3885, 3886, 3887, 3888, 3889, 3890, 3891, 3892, 3893, 3895, 3896, 3898, 3900, 3902, 3903, 3904, 3909, 3213, 3218, 3221, 3241, 3321, 3322, 3323, 3324, 3328, 3329, 3330, 3331, 3332, 3333, 3334, 3340, 3342, 3351, 3352, 3356, 3360, 3361, 3444, 3448, 3453, 3463, 3515, 3516, 3522, 3523, 3550, 3551, 3555, 3556, 3557, 3558, 3559, 3561, 3570, 3571, 3572, 3662, 3317, 3385, 3390, 3400, 3401, 3407, 3409, 3414, 3418, 3666, 3669, 3673, 3678, 3713, 3714, 3715, 3719, 3720, 3722, 3723, 3825, 3858, 2648, 2717, 2737, 2738, 2739, 3489, 3490, 3491, 3494, 3496, 3498, 3500, 3501, 3505, 3506, 3507, 3509, 3512, 3533, 3546, 3549, 5302, 5304, 5311, 5340, 5341, 3064, 3430, 3434, 3435, 3444, 3521, 3522, 3523, 3607, 3608, 3658, 3659, 3660, 3662, 3663, 3664, 3666, 3717, 3753, 3756, 3757, 3758, 3762, 3764, 2646, 2647, 2710, 2712, 2714, 2731, 3564, 3620, 3621, 3629, 3631, 3634, 3635, 3636, 3637, 3638, 3639, 3640, 3641, 3644, 3646, 3649, 3675, 3678, 3685, 3725, 3726, 3727, 3728, 3730, 3444, 3446, 3447, 3448, 3450, 3451, 3453, 3461, 3462, 3463, 3464, 3465, 3472, 3515, 3551, 3659, 3660, 3666, 3711, 3712, 3713, 3714, 3715, 3717, 3718, 3719, 3720, 3723, 3757, 3761, 3763, 3775, 3777, 3778, 3779, 3799, 3325, 3351, 3352, 3360, 3361, 3363, 3371, 3373, 3375, 3377, 3378, 3384, 3465, 3467, 3468, 3469, 3472, 3477, 3478, 3559, 3607, 3608, 3610, 3612, 3630, 3631, 3646, 3660, 3662, 3663, 3664, 3665, 3666, 3669, 3670, 3673, 3715, 3719, 3720, 3725, 2640, 2642, 2644, 3691, 3695, 3697, 3699, 3700, 3701, 3704, 3705, 3707, 3708, 3709, 3900, 3723, 3737, 3825, 3844, 3847, 3850, 3851, 3852, 3854, 3856, 3857, 3858, 3859, 3860, 3862, 3864, 3870, 3873, 3874, 3875, 3880","$422,894,896 ","$422,894,896 ","4,312","1,038",724,361,36,"1,666",315,83,86,3
SE256,Bondi Event,14-Dec-25,14-Dec-25,FY25,NSW,Bondi,Insurers support Treasurer Jim Chalmers’ decision to designate the Bondi attack a Declared Terrorism Incident (DTI) under the Terrorism Insurance Act 2003.,Man-made,2025,2026,"$610,561 ","$610,561 ",35, -   ,4,20,1,6,1,3, -   , -   
CAT255,QLD & NSW Severe Storms and Hail,20-Nov-25,27-Nov-25,FY25,"QLD, NSW",Queensland and New South Wales,"The Insurance Council of Australia (ICA) has today extended the dates and postcodes of the severe storm and hail activity that has impacted Queensland and New South Wales over the past week, now including all postcodes in both states from 20 November to 27 November 2025. ",Storm,2025,"2000, 2007, 2008, 2009, 2010, 2011, 2015, 2016, 2017, 2018, 2019, 2020, 2021, 2022, 2023, 2024, 2025, 2026, 2027, 2028, 2029, 2030, 2031, 2032, 2033, 2034, 2035, 2036, 2037, 2038, 2039, 2040, 2041, 2042, 2043, 2044, 2045, 2046, 2047, 2048, 2049, 2050, 2060, 2061, 2062, 2063, 2064, 2065, 2066, 2067, 2068, 2069, 2070, 2071, 2072, 2073, 2074, 2075, 2076, 2077, 2079, 2080, 2081, 2082, 2083, 2084, 2085, 2086, 2087, 2088, 2089, 2090, 2092, 2093, 2094, 2095, 2096, 2097, 2099, 2100, 2101, 2102, 2103, 2104, 2105, 2106, 2107, 2108, 2110, 2111, 2112, 2113, 2114, 2115, 2116, 2117, 2118, 2119, 2120, 2121, 2122, 2125, 2126, 2127, 2128, 2130, 2131, 2132, 2133, 2134, 2135, 2136, 2137, 2138, 2140, 2141, 2142, 2143, 2144, 2145, 2146, 2147, 2148, 2150, 2151, 2152, 2153, 2154, 2155, 2156, 2157, 2158, 2159, 2160, 2161, 2162, 2163, 2164, 2165, 2166, 2167, 2168, 2170, 2171, 2172, 2173, 2174, 2175, 2176, 2177, 2178, 2179, 2190, 2191, 2192, 2193, 2194, 2195, 2196, 2197, 2198, 2199, 2200, 2203, 2204, 2205, 2206, 2207, 2208, 2209, 2210, 2211, 2212, 2213, 2214, 2216, 2217, 2218, 2219, 2220, 2221, 2222, 2223, 2224, 2225, 2226, 2227, 2228, 2229, 2230, 2231, 2232, 2233, 2234, 2250, 2251, 2256, 2257, 2258, 2259, 2260, 2261, 2262, 2263, 2264, 2265, 2267, 2278, 2280, 2281, 2282, 2283, 2284, 2285, 2286, 2287, 2289, 2290, 2291, 2292, 2293, 2294, 2295, 2296, 2297, 2298, 2299, 2300, 2302, 2303, 2304, 2305, 2306, 2307, 2308, 2311, 2312, 2315, 2316, 2317, 2318, 2319, 2320, 2321, 2322, 2323, 2324, 2325, 2326, 2327, 2328, 2329, 2330, 2331, 2333, 2334, 2335, 2336, 2337, 2338, 2339, 2340, 2341, 2342, 2343, 2344, 2345, 2346, 2347, 2350, 2352, 2353, 2354, 2355, 2356, 2357, 2358, 2359, 2360, 2361, 2365, 2369, 2370, 2371, 2372, 2379, 2380, 2381, 2382, 2386, 2387, 2388, 2390, 2395, 2396, 2397, 2398, 2399, 2400, 2401, 2402, 2403, 2404, 2405, 2406, 2408, 2409, 2410, 2411, 2415, 2420, 2421, 2422, 2423, 2424, 2425, 2426, 2427, 2428, 2429, 2430, 2431, 2439, 2440, 2441, 2443, 2444, 2445, 2446, 2447, 2448, 2449, 2450, 2452, 2453, 2454, 2455, 2456, 2460, 2462, 2463, 2464, 2465, 2466, 2469, 2470, 2471, 2472, 2473, 2474, 2475, 2476, 2477, 2478, 2479, 2480, 2481, 2482, 2483, 2484, 2485, 2486, 2487, 2488, 2489, 2490, 2500, 2502, 2505, 2506, 2508, 2515, 2516, 2517, 2518, 2519, 2525, 2526, 2527, 2528, 2529, 2530, 2533, 2534, 2535, 2536, 2537, 2538, 2539, 2540, 2541, 2545, 2546, 2548, 2549, 2550, 2551, 2555, 2556, 2557, 2558, 2559, 2560, 2563, 2564, 2565, 2566, 2567, 2568, 2569, 2570, 2571, 2572, 2573, 2574, 2575, 2576, 2577, 2578, 2579, 2580, 2581, 2582, 2583, 2584, 2585, 2586, 2587, 2588, 2590, 2594, 2611, 2618, 2619, 2620, 2621, 2622, 2623, 2624, 2625, 2626, 2627, 2628, 2629, 2630, 2631, 2632, 2633, 2640, 2641, 2642, 2643, 2644, 2645, 2646, 2647, 2648, 2649, 2650, 2651, 2652, 2653, 2655, 2656, 2658, 2659, 2660, 2661, 2663, 2665, 2666, 2668, 2669, 2671, 2672, 2675, 2678, 2680, 2681, 2700, 2701, 2702, 2703, 2705, 2706, 2707, 2710, 2711, 2712, 2713, 2714, 2715, 2716, 2717, 2720, 2721, 2722, 2725, 2726, 2727, 2729, 2730, 2731, 2732, 2733, 2734, 2735, 2736, 2737, 2738, 2739, 2745, 2747, 2748, 2749, 2750, 2752, 2753, 2754, 2756, 2757, 2758, 2759, 2760, 2761, 2762, 2763, 2765, 2766, 2767, 2768, 2769, 2770, 2773, 2774, 2775, 2776, 2777, 2778, 2779, 2780, 2782, 2783, 2784, 2785, 2786, 2787, 2790, 2791, 2792, 2793, 2794, 2795, 2797, 2798, 2799, 2800, 2803, 2804, 2805, 2806, 2807, 2808, 2809, 2810, 2817, 2818, 2820, 2821, 2822, 2823, 2824, 2825, 2826, 2827, 2828, 2829, 2830, 2831, 2832, 2833, 2834, 2835, 2836, 2838, 2839, 2840, 2842, 2843, 2844, 2845, 2846, 2847, 2848, 2849, 2850, 2852, 2864, 2865, 2866, 2867, 2868, 2869, 2870, 2871, 2873, 2874, 2875, 2876, 2877, 2878, 2879, 2880, 2898, 4000, 4005, 4006, 4007, 4008, 4009, 4010, 4011, 4012, 4013, 4014, 4017, 4018, 4019, 4020, 4021, 4022, 4025, 4030, 4031, 4032, 4034, 4035, 4036, 4037, 4051, 4053, 4054, 4055, 4059, 4060, 4061, 4064, 4065, 4066, 4067, 4068, 4069, 4070, 4073, 4074, 4075, 4076, 4077, 4078, 4101, 4102, 4103, 4104, 4105, 4106, 4107, 4108, 4109, 4110, 4111, 4112, 4113, 4114, 4115, 4116, 4117, 4118, 4119, 4120, 4121, 4122, 4123, 4124, 4125, 4127, 4128, 4129, 4130, 4131, 4132, 4133, 4151, 4152, 4153, 4154, 4155, 4156, 4157, 4158, 4159, 4160, 4161, 4163, 4164, 4165, 4169, 4170, 4171, 4172, 4173, 4174, 4178, 4179, 4183, 4184, 4205, 4207, 4208, 4209, 4210, 4211, 4212, 4213, 4214, 4215, 4216, 4217, 4218, 4220, 4221, 4223, 4224, 4225, 4226, 4227, 4228, 4270, 4272, 4275, 4280, 4285, 4287, 4300, 4301, 4303, 4304, 4305, 4306, 4307, 4309, 4310, 4311, 4312, 4313, 4314, 4340, 4341, 4342, 4343, 4344, 4346, 4347, 4350, 4352, 4353, 4354, 4355, 4356, 4357, 4358, 4359, 4360, 4361, 4362, 4363, 4364, 4365, 4370, 4371, 4372, 4373, 4374, 4375, 4376, 4378, 4380, 4381, 4382, 4384, 4385, 4387, 4388, 4390, 4400, 4401, 4402, 4403, 4404, 4405, 4406, 4407, 4408, 4410, 4411, 4412, 4413, 4415, 4416, 4417, 4418, 4419, 4420, 4421, 4422, 4423, 4424, 4425, 4426, 4427, 4428, 4454, 4455, 4461, 4462, 4465, 4467, 4468, 4470, 4472, 4474, 4477, 4478, 4479, 4480, 4481, 4482, 4486, 4487, 4488, 4489, 4490, 4491, 4492, 4493, 4494, 4496, 4497, 4498, 4500, 4501, 4502, 4503, 4504, 4505, 4506, 4507, 4508, 4509, 4510, 4511, 4512, 4514, 4515, 4516, 4517, 4518, 4519, 4520, 4521, 4550, 4551, 4552, 4553, 4554, 4555, 4556, 4557, 4558, 4559, 4560, 4561, 4562, 4563, 4564, 4565, 4566, 4567, 4568, 4569, 4570, 4571, 4572, 4573, 4574, 4575, 4580, 4581, 4600, 4601, 4605, 4606, 4608, 4610, 4611, 4612, 4613, 4614, 4615, 4620, 4621, 4625, 4626, 4627, 4630, 4650, 4655, 4659, 4660, 4662, 4670, 4671, 4673, 4674, 4676, 4677, 4678, 4680, 4694, 4695, 4697, 4699, 4700, 4701, 4702, 4703, 4704, 4705, 4706, 4707, 4709, 4710, 4711, 4712, 4713, 4714, 4715, 4716, 4717, 4718, 4719, 4720, 4721, 4722, 4723, 4724, 4725, 4726, 4727, 4728, 4730, 4731, 4732, 4733, 4735, 4736, 4737, 4738, 4739, 4740, 4741, 4742, 4743, 4744, 4745, 4746, 4750, 4751, 4753, 4754, 4756, 4757, 4798, 4799, 4800, 4802, 4804, 4805, 4806, 4807, 4808, 4809, 4810, 4811, 4812, 4814, 4815, 4816, 4817, 4818, 4819, 4820, 4821, 4822, 4823, 4824, 4825, 4828, 4829, 4830, 4849, 4850, 4852, 4854, 4855, 4856, 4858, 4859, 4860, 4861, 4865, 4868, 4869, 4870, 4871, 4872, 4873, 4874, 4875, 4876, 4877, 4878, 4879, 4880, 4881, 4882, 4883, 4884, 4885, 4886, 4887, 4888, 4890, 4891, 4892, 4895","$1,517,677,101 ","$1,517,677,101 ","89,679","37,987","12,335","33,351",527,"2,736","2,422",110,162,49
SE254,Severe Spring Storms,26-Oct-25,2-Nov-25,FY25,QLD,South-east Queensland,The Insurance Council of Australia (ICA) has expanded the timeframe and postcodes of its most recent Significant Event declaration to include the hail and strong winds that impacted south-east Queensland between Sunday 26 October and Sunday 2 November.,Hail,2025,"4000, 4005, 4006, 4008, 4009, 4019, 4020, 4021, 4022, 4032, 4034, 4035, 4036, 4037, 4053, 4055, 4064, 4066, 4067, 4068, 4069, 4070, 4073, 4074, 4075, 4076, 4077, 4078, 4101, 4102, 4103, 4104, 4105, 4106, 4107, 4108, 4110, 4111, 4120, 4121, 4122, 4151, 4152, 4153, 4154, 4169, 4170, 4171, 4172, 4173, 4174, 4178, 4179, 4270, 4280, 4285, 4287, 4300, 4301, 4303, 4304, 4305, 4306, 4311, 4312, 4313, 4314, 4340, 4341, 4342, 4343, 4344, 4347, 4350, 4352, 4354, 4355, 4357, 4358, 4359, 4360, 4361, 4362, 4365, 4370, 4374, 4377, 4380, 4381, 4382, 4383, 4384, 4385, 4387, 4401, 4402, 4403, 4404, 4405, 4410, 4413, 4500, 4504, 4505, 4506, 4508, 4510, 4514, 4515, 4519, 4520, 4521, 4550, 4551, 4552, 4553, 4554, 4560, 4562, 4563, 4565, 4566, 4567, 4570, 4573, 4575, 4605, 4610, 4614, 4615, 4650, 4655, 4660, 4670","$823,795,178 ","$823,795,178 ","40,332","15,597","3,283","18,242",232,"1,454","1,455",31,33,5
CAT253,Mid North Coast and Hunter floods,17-May-25,24-May-25,FY24,NSW,"Taree, Port Macquarie-Hastings, Kempsey, Nambucca Valley, Bellingen and Coffs Harbour,","The Insurance Council of Australia (ICA) has declared a Significant Event for the Mid North Coast and Hunter regions of New South Wales impacted by significant rainfall and flooding in recent days. The impact of this recent flooding has been felt most significantly in communities along the Mid Coast including Taree, Port Macquarie-Hastings, Kempsey, Nambucca Valley, Bellingen and Coffs Harbour, and into parts of the Hunter. This remains an unfolding weather event and insurers’ priority is community safety. We strongly encourage all those impacted to put their safety first and adhere to evacuations orders.",Flood,2025,"2312, 2324, 2415, 2422, 2423, 2424, 2425, 2426, 2427, 2428, 2429, 2430, 2443, 2250, 2251, 2256, 2257, 2258, 2259, 2260, 2261, 2262, 2263, 2264, 2265, 2267, 2278, 2280, 2281, 2282, 2283, 2284, 2285, 2286, 2290, 2306, 2287, 2289, 2291, 2292, 2293, 2294, 2296, 2297, 2298, 2299, 2300, 2302, 2303, 2304, 2305, 2307, 2308, 2322, 2439, 2441, 2444, 2445, 2446, 2295, 2315, 2316, 2317, 2318, 2319, 2431, 2440, 2450, 2452, 2456, 2084, 2085, 2086, 2087, 2092, 2093, 2094, 2095, 2096, 2097, 2099, 2100, 2101, 2102, 2103, 2104, 2105, 2106, 2107, 2108, 2447, 2448, 2449, 2147, 2148, 2761, 2762, 2763, 2765, 2766, 2767, 2768, 2769, 2770, 2323, 2325, 2326, 2327, 2334, 2168, 2170, 2171, 2172, 2173, 2174, 2179, 2555, 2556, 2557, 2565, 2752, 2125, 2153, 2154, 2155, 2156, 2069, 2070, 2071, 2072, 2073, 2074, 2075, 2076, 2115, 2116, 2117, 2118, 2121, 2127, 2128, 2141, 2142, 2145, 2146, 2150, 2151, 2152, 2160, 2224, 2225, 2226, 2227, 2228, 2229, 2230, 2231, 2232, 2233, 2234, 2508, 2320, 2178, 2745, 2747, 2748, 2749, 2750, 2759, 2760, 2038, 2039, 2040, 2041, 2042, 2044, 2045, 2048, 2049, 2110, 2130, 2131, 2132, 2133, 2193, 2203, 2204, 2161, 2163, 2164, 2165, 2166, 2175, 2176, 2177, 2311, 2321, 2420, 2421, 2077, 2079, 2080, 2081, 2082, 2083, 2119, 2120, 2126, 2157, 2158, 2159, 2753, 2754, 2756, 2757, 2758, 2775, 2018, 2019, 2020, 2205, 2207, 2208, 2216, 2217, 2218, 2219, 2111, 2112, 2113, 2114, 2122, 2031, 2032, 2033, 2034, 2035, 2036, 2000, 2007, 2008, 2009, 2010, 2011, 2015, 2016, 2017, 2021, 2037, 2043, 2050, 2330, 2331, 2335, 2454, 2455, 2023, 2025, 2027, 2028, 2029, 2030, 2063, 2064, 2066, 2067, 2068, 2046, 2047, 2135, 2137, 2138, 2140, 2060, 2061, 2062, 2065, 2089, 2090, 2329, 2336, 2337, 2338, 2340, 2354, 2850, 2365, 2370, 2453, 2460, 2462, 2463, 2464, 2465, 2466, 2469, 2472, 2328, 2333, 2022, 2024, 2026, 2088","$273,865,768 ","$273,865,768 ","14,700","9,188","2,224","1,979",101,872,234,61,41, -   
CAT252,Ex-Tropical Cyclone Alfred,28-Feb-25,11-Mar-25,FY24,"NSW, QLD",Queensland and New South Wales,"Ex Tropical Cyclone Alfred to impact Double Island Point in Queensland to Grafton in New South Wales, including Brisbane, Gold Coast, Sunshine Coast, Byron Bay and Ballina but not including Grafton.",Flood,2025,"2477, 2478, 4000, 4005, 4006, 4007, 4008, 4009, 4010, 4011, 4012, 4013, 4014, 4017, 4018, 4025, 4030, 4031, 4032, 4034, 4036, 4051, 4053, 4054, 4059, 4060, 4061, 4064, 4065, 4066, 4067, 4068, 4069, 4070, 4073, 4074, 4075, 4076, 4077, 4078, 4101, 4102, 4103, 4104, 4105, 4106, 4107, 4108, 4109, 4110, 4111, 4112, 4113, 4115, 4116, 4117, 4120, 4121, 4122, 4123, 4151, 4152, 4153, 4154, 4155, 4156, 4169, 4170, 4171, 4172, 4173, 4174, 4178, 4179, 2479, 2481, 2482, 2365, 2370, 2450, 2453, 2460, 2462, 2463, 2464, 2465, 2466, 4581, 4620, 4621, 4650, 4655, 4659, 4660, 4662, 4208, 4209, 4210, 4211, 4212, 4213, 4214, 4215, 4216, 4217, 4218, 4220, 4221, 4223, 4224, 4225, 4226, 4227, 4228, 4570, 4580, 4600, 4601, 4605, 4615, 4300, 4301, 4303, 4304, 4305, 4306, 4340, 4346, 2469, 2474, 2475, 2476, 2480, 4341, 4342, 4343, 4344, 4347, 4352, 4359, 4114, 4118, 4119, 4124, 4125, 4127, 4128, 4129, 4130, 4131, 4132, 4133, 4205, 4207, 4280, 4019, 4020, 4021, 4022, 4035, 4037, 4055, 4500, 4501, 4502, 4503, 4504, 4505, 4506, 4507, 4508, 4509, 4510, 4511, 4512, 4514, 4516, 4520, 4521, 4563, 4565, 4566, 4567, 4568, 4569, 4571, 4157, 4158, 4159, 4160, 4161, 4163, 4164, 4165, 4183, 4184, 2470, 2471, 2472, 2473, 4270, 4272, 4275, 4285, 4287, 4307, 4309, 4310, 4311, 4312, 4313, 4314, 4515, 4517, 4518, 4519, 4550, 4551, 4552, 4553, 4554, 4555, 4556, 4557, 4558, 4559, 4560, 4561, 4562, 4564, 4572, 4573, 4574, 4575, 2483, 2484, 2485, 2486, 2487, 2488, 2489, 2490, 2350, 2440, 2441, 2447, 2448, 2449, 2452, 2454, 2455, 2456, 2898, 4350, 4353, 4355, 4356, 4358, 4360, 4361, 4362, 4363, 4370, 4371, 4372, 4373, 4400, 4401, 4403, 4670, 4673, 4674, 4677, 4678, 4680, 4741","$1,531,029,838 ","$1,531,029,838 ","132,896","70,938","45,765","4,572",653,"8,006",240,"1,677","1,045", -   
SE251,North Queensland Floods,29-Jan-25,12-Feb-25,FY24,QLD,Queensland,Regions of North Queensland impacted by significant storm and flooding over  few days.,Flood,2025,"4702, 4721, 4737, 4738, 4740, 4741, 4743, 4750, 4751, 4753, 4754, 4756, 4757, 4777, 4798, 4799, 4800, 4801, 4802, 4803, 4804, 4805, 4806, 4807, 4808, 4809, 4810, 4811, 4812, 4814, 4815, 4816, 4817, 4818, 4819, 4849, 4850, 4852, 4854, 4855, 4856, 4858, 4859, 4860, 4861, 4865, 4868, 4869, 4870, 4871, 4872, 4873, 4877, 4878, 4879, 4880, 4881, 4882, 4883, 4884, 4885, 4886, 4887, 4888, 4890, 4892","$312,956,226 ","$312,956,226 ","11,766","7,308","1,904","1,339",99,810,126,126,53,1
SE242,Severe Weather NSW & QLD,3-Apr-24,8-Apr-24,FY23,,Hawkesbury-Nepean and Illawarra,"The storm caused heavy rainfall, damaging winds and flash flooding, most severely impacting the Hawkesbury-Nepean and Illawarra regions of New South Wales. Insurers have received 11,527 claims to date, with most from damage to buildings and contents as a result of wind and heavy rain causing gutters to overflow and flash flooding to occur.",Flood,2024,"2000, 2009, 2010, 2011, 2015, 2016, 2017, 2018, 2019, 2020, 2021, 2022, 2023, 2024, 2025, 2026, 2027, 2028, 2029, 2030, 2031, 2032, 2034, 2035, 2036, 2037, 2038, 2039, 2040, 2041, 2042, 2043, 2044, 2045, 2046, 2047, 2048, 2049, 2050, 2060, 2062, 2063, 2064, 2065, 2066, 2067, 2068, 2069, 2070, 2071, 2072, 2073, 2074, 2075, 2076, 2077, 2079, 2081, 2082, 2084, 2085, 2086, 2087, 2088, 2089, 2090, 2092, 2093, 2094, 2095, 2096, 2097, 2099, 2100, 2101, 2102, 2103, 2106, 2107, 2110, 2111, 2112, 2113, 2114, 2117, 2118, 2119, 2120, 2121, 2122, 2125, 2126, 2127, 2130, 2131, 2132, 2133, 2134, 2135, 2136, 2137, 2138, 2140, 2141, 2142, 2143, 2144, 2145, 2146, 2147, 2148, 2150, 2151, 2152, 2153, 2154, 2155, 2156, 2157, 2158, 2159, 2160, 2161, 2162, 2163, 2164, 2165, 2166, 2167, 2168, 2170, 2171, 2172, 2173, 2176, 2177, 2178, 2179, 2190, 2191, 2192, 2193, 2194, 2195, 2196, 2197, 2198, 2199, 2200, 2203, 2204, 2205, 2206, 2207, 2208, 2209, 2210, 2211, 2212, 2213, 2216, 2217, 2218, 2219, 2220, 2221, 2222, 2223, 2224, 2225, 2226, 2227, 2228, 2229, 2230, 2232, 2233, 2234, 2250, 2251, 2256, 2257, 2258, 2259, 2260, 2261, 2262, 2263, 2264, 2265, 2280, 2281, 2282, 2283, 2285, 2286, 2287, 2289, 2290, 2291, 2295, 2299, 2300, 2304, 2305, 2315, 2316, 2317, 2318, 2319, 2320, 2321, 2322, 2323, 2324, 2325, 2326, 2330, 2335, 2340, 2350, 2360, 2428, 2430, 2431, 2440, 2443, 2444, 2445, 2446, 2448, 2450, 2460, 2478, 2479, 2480, 2481, 2489, 2500, 2502, 2505, 2506, 2508, 2515, 2516, 2517, 2518, 2519, 2525, 2526, 2527, 2528, 2529, 2530, 2533, 2534, 2535, 2536, 2539, 2540, 2541, 2557, 2558, 2560, 2564, 2565, 2566, 2567, 2570, 2571, 2572, 2573, 2574, 2575, 2576, 2577, 2580, 2582, 2611, 2620, 2745, 2747, 2749, 2750, 2752, 2753, 2754, 2756, 2758, 2759, 2760, 2761, 2762, 2763, 2765, 2766, 2767, 2768, 2769, 2770, 2773, 2774, 2776, 2777, 2778, 2779, 2780, 2782, 2783, 2785, 2790, 2795, 2800, 2830, 4034, 4069, 4124, 4209, 4211, 4213, 4215, 4220, 4300, 4305, 4306, 4350, 4390, 4500, 4503, 4504, 4505, 4509, 4551, 4560, 4655, 4680, 4701, 4702, 4703, 4740","$348,106,354 ","$348,106,354 ","21,559","11,737","5,622","2,565",54,"1,299",163,61,58, -   
SE241,Valentine's Day storms Victoria,13-Feb-24,14-Feb-24,FY23,,,"As of 12pm today, insurers had received 9,947 claims related to the storm, which saw around 530,000 homes left without power across VIC",Flood,2024,"3011, 3016, 3023, 3025, 3029, 3030, 3049, 3064, 3075, 3088, 3103, 3124, 3132, 3133, 3134, 3135, 3136, 3138, 3139, 3140, 3148, 3149, 3150, 3151, 3152, 3153, 3154, 3156, 3158, 3159, 3160, 3163, 3165, 3166, 3167, 3168, 3169, 3170, 3171, 3172, 3173, 3174, 3175, 3178, 3179, 3180, 3185, 3186, 3188, 3190, 3192, 3193, 3194, 3195, 3196, 3197, 3198, 3199, 3200, 3201, 3204, 3207, 3212, 3213, 3214, 3336, 3337, 3338, 3340, 3429, 3444, 3465, 3496, 3515, 3525, 3530, 3546, 3550, 3551, 3555, 3678, 3714, 3756, 3757, 3764, 3766, 3777, 3781, 3782, 3783, 3788, 3791, 3793, 3796, 3802, 3804, 3805, 3806, 3808, 3809, 3810, 3812, 3815, 3820, 3821, 3823, 3824, 3825, 3840, 3842, 3869, 3870, 3871, 3875, 3878, 3880, 3882, 3904, 3909, 3910, 3912, 3915, 3922, 3925, 3937, 3945, 3946, 3950, 3953, 3957, 3971, 3977, 3978, 3980, 3981, 3984, 3987, 3995","$237,254,005 ","$237,254,005 ","27,866","10,449","12,044","2,430",30,"2,066",649,161,37, -   
CAT233,Christmas Storms,23-Dec-23,3-Jan-24,FY23,,,"Queensland, New South Wales and Victoria impacted by severe storms between 23 December and Boxing Day",Flood,2023,"2015, 2018, 2019, 2020, 2035, 2036, 2099, 2100, 2126, 2153, 2154, 2155, 2156, 2158, 2234, 2250, 2251, 2257, 2258, 2259, 2261, 2265, 2280, 2283, 2285, 2287, 2289, 2290, 2291, 2305, 2311, 2312, 2320, 2321, 2322, 2323, 2324, 2325, 2326, 2327, 2330, 2340, 2360, 2415, 2422, 2423, 2425, 2428, 2430, 2441, 2444, 2446, 2447, 2450, 2452, 2456, 2460, 2474, 2480, 2484, 2485, 2486, 2487, 2528, 2529, 2530, 2533, 2536, 2537, 2539, 2540, 2546, 2550, 2560, 2570, 2580, 2582, 2583, 2587, 2602, 2620, 2622, 2650, 2705, 2722, 2727, 2731, 2747, 2750, 2756, 2775, 2777, 2780, 2791, 2795, 2798, 2799, 2800, 2810, 2830, 2850, 2899, 2902, 2911, 2912, 2913, 2914, 3023, 3029, 3030, 3037, 3038, 3064, 3076, 3088, 3089, 3095, 3337, 3340, 3350, 3356, 3357, 3429, 3444, 3461, 3518, 3523, 3550, 3551, 3555, 3556, 3561, 3564, 3579, 3616, 3620, 3621, 3629, 3630, 3631, 3666, 3677, 3678, 3730, 3754, 3818, 3844, 3850, 3851, 3885, 3966, 3971, 3977, 4012, 4017, 4019, 4020, 4034, 4053, 4055, 4060, 4061, 4064, 4066, 4067, 4068, 4069, 4070, 4073, 4074, 4075, 4077, 4078, 4105, 4109, 4110, 4113, 4114, 4115, 4116, 4118, 4119, 4121, 4122, 4123, 4124, 4125, 4127, 4128, 4129, 4130, 4131, 4132, 4133, 4151, 4152, 4153, 4154, 4157, 4158, 4159, 4160, 4161, 4163, 4164, 4165, 4170, 4171, 4172, 4173, 4178, 4179, 4184, 4207, 4208, 4209, 4210, 4211, 4212, 4213, 4214, 4215, 4216, 4217, 4218, 4220, 4221, 4223, 4224, 4225, 4226, 4227, 4228, 4270, 4272, 4275, 4280, 4285, 4287, 4300, 4301, 4305, 4306, 4311, 4340, 4341, 4342, 4343, 4347, 4350, 4352, 4356, 4358, 4362, 4370, 4401, 4405, 4421, 4470, 4500, 4503, 4504, 4505, 4506, 4507, 4508, 4509, 4510, 4520, 4521, 4550, 4551, 4553, 4556, 4557, 4558, 4560, 4561, 4565, 4567, 4570, 4573, 4575, 4650, 4655, 4660, 4670, 4671, 4677, 4680, 4700, 4701, 4702, 4703, 4715, 4717, 4720, 4740","$1,607,357,649 ","$1,607,357,649 ","106,481","46,060","33,896","18,617",646,"4,820","1,907",308,205,22
CAT232,TC Jasper and Far North Qld Flooding,10-Dec-23,16-Dec-23,FY23,,,"Far North Queensland impacted by severe weather and flooding over the past week, following Tropical Cyclone Jasper.",Flood,2023,"4740, 4741, 4742, 4743, 4744, 4745, 4746, 4750, 4751, 4753, 4754, 4756, 4757, 4798, 4799, 4800, 4802, 4804, 4805, 4806, 4807, 4808, 4809, 4810, 4811, 4812, 4814, 4815, 4816, 4817, 4818, 4819, 4820, 4821, 4822, 4823, 4824, 4825, 4828, 4829, 4830, 4849, 4850, 4852, 4854, 4855, 4856, 4858, 4859, 4860, 4861, 4865, 4868, 4869, 4870, 4871, 4872, 4873, 4874, 4875, 4876, 4877, 4878, 4879, 4880, 4881, 4882, 4883, 4884, 4885, 4886, 4887, 4888, 4890, 4891, 4892, 4895","$420,090,251 ","$420,090,251 ","10,468","5,444","2,021","1,404",136,963,279,184,37, -   
SE231,SE231 Newcastle Hailstorm,23-May-23,23-May-23,FY22,NSW,Newcastle,The Insurance Council of Australia (ICA) has declared a Significant Event for the Hunter and Central Coast regions of New South Wales impacted by hailstorm on the afternoon of Friday 26 May,Hail,2023,"2036, 2071, 2104, 2117, 2200, 2213, 2250, 2251, 2259, 2260, 2261, 2262, 2263, 2264, 2267, 2280, 2281, 2282, 2283, 2284, 2285, 2287, 2289, 2290, 2291, 2292, 2293, 2294, 2295, 2296, 2297, 2298, 2299, 2300, 2302, 2303, 2304, 2305, 2306, 2315, 2317, 2318, 2319, 2320, 2321, 2323, 2324, 2325, 2327, 2365, 2430, 2440, 2444, 2445, 2446, 2460, 2478, 2529, 2565, 2617, 2750","$382,436,722 ","$382,436,722 ","27,606","7,615",869,"17,282",94,362,"1,333",15,36, -   
SE225,SA River Murray Floods,18-Nov-22,19-Jan-23,FY22,SA,Murray,SA Flooding,Flood,2022,"5075, 5238, 5253, 5254, 5320, 5321, 5330, 5331, 5333, 5340, 5341, 5353, 5354, 5357","$441,168,308 ","$441,168,308 ","2,609","1,554",782,46,14,116,8,12,16,61
SE224,Central West NSW Floods,12-Nov-22,5-Dec-22,FY22,NSW,,"Severe flooding in Central West NSW. The impact of flooding has been felt must significantly in communities surrounding Central West NSW, in particular Cowra, Forbes, Condolobin, Eugowra and Molong. Record flooding in Forbes causing large evacuations",Flood,2022,"2040, 2333, 2594, 2640, 2646, 2650, 2672, 2792, 2794, 2795, 2800, 2803, 2804, 2805, 2806, 2810, 2820, 2864, 2865, 2866, 2867, 2869, 2870, 2871, 2875, 2876, 2877","$261,912,401 ","$261,912,401 ","14,913","7,155","4,384",843,35,"1,770",183,82,80,381
CAT223,"Victorian, NSW and Tasmanian Floods",19-Oct-22,28-Oct-22,FY22,"VIC, NSW, TAS","regions of Victoria, Tasmania and New South Wales",This declaration reflects the growing severity of the floods and the forecasted further extreme weather.,Flood,2022,"2083, 2250, 2251, 2256, 2257, 2258, 2259, 2260, 2261, 2262, 2263, 2329, 2338, 2339, 2340, 2341, 2342, 2343, 2344, 2345, 2346, 2347, 2352, 2353, 2354, 2355, 2356, 2357, 2365, 2370, 2371, 2379, 2380, 2381, 2382, 2386, 2387, 2388, 2390, 2395, 2396, 2397, 2398, 2399, 2400, 2401, 2402, 2403, 2404, 2405, 2406, 2408, 2409, 2411, 2579, 2580, 2581, 2582, 2583, 2611, 2622, 2640, 2642, 2644, 2646, 2650, 2659, 2660, 2669, 2671, 2672, 2710, 2713, 2714, 2716, 2721, 2733, 2775, 2786, 2790, 2791, 2792, 2793, 2794, 2795, 2797, 2798, 2799, 2800, 2804, 2805, 2806, 2807, 2809, 2810, 2817, 2818, 2820, 2821, 2822, 2823, 2824, 2825, 2826, 2827, 2828, 2829, 2830, 2831, 2832, 2833, 2834, 2838, 2839, 2840, 2842, 2843, 2844, 2845, 2846, 2848, 2849, 2850, 2852, 2864, 2865, 2866, 2867, 2868, 2869, 2870, 2871, 2873, 2874, 2875, 2876, 2877, 3000, 3002, 3003, 3004, 3006, 3008, 3011, 3012, 3013, 3019, 3031, 3032, 3033, 3034, 3039, 3040, 3041, 3042, 3051, 3054, 3068, 3078, 3102, 3103, 3104, 3121, 3123, 3127, 3147, 3207, 3237, 3239, 3249, 3251, 3260, 3264, 3265, 3266, 3268, 3269, 3323, 3324, 3325, 3351, 3352, 3361, 3363, 3364, 3370, 3371, 3373, 3375, 3377, 3384, 3393, 3395, 3430, 3431, 3432, 3433, 3434, 3435, 3437, 3438, 3440, 3441, 3442, 3444, 3446, 3448, 3450, 3451, 3453, 3458, 3460, 3461, 3462, 3463, 3464, 3465, 3468, 3469, 3472, 3475, 3477, 3478, 3480, 3482, 3483, 3485, 3488, 3515, 3516, 3517, 3518, 3520, 3521, 3522, 3523, 3525, 3527, 3529, 3530, 3531, 3533, 3537, 3542, 3550, 3551, 3555, 3556, 3557, 3558, 3559, 3561, 3562, 3563, 3564, 3565, 3566, 3570, 3571, 3572, 3573, 3575, 3576, 3579, 3607, 3608, 3610, 3612, 3614, 3616, 3617, 3618, 3620, 3621, 3622, 3623, 3624, 3629, 3630, 3631, 3633, 3634, 3646, 3647, 3658, 3659, 3660, 3662, 3664, 3666, 3669, 3670, 3672, 3673, 3675, 3712, 3713, 3714, 3717, 3719, 3723, 3725, 3726, 3753, 3756, 3757, 3758, 3762, 3763, 3764, 3777, 3778, 3779, 4630, 7212, 7248, 7249, 7250, 7252, 7254, 7258, 7259, 7267, 7268, 7290, 7292, 7301, 7302, 7303, 7304, 7305, 7306, 7307, 7310, 7315, 7316","$873,786,465 ","$873,786,465 ","23,055","11,461","5,765","2,578",154,"2,158",692,123,81,43
SE222,NSW Severe Weather,1-Jul-22,8-Jul-22,FY22,NSW,Hunter region and greater Sydney,The Insurance Council of Australia (ICA) has declared a ‘significant event’ for regions of New South Wales impacted by significant storm and flooding.,Flood,2022,"2000, 2007, 2008, 2009, 2010, 2011, 2015, 2016, 2017, 2018, 2019, 2020, 2021, 2022, 2023, 2024, 2025, 2026, 2027, 2028, 2029, 2030, 2031, 2032, 2033, 2034, 2035, 2036, 2037, 2038, 2039, 2040, 2041, 2042, 2043, 2044, 2045, 2046, 2047, 2048, 2049, 2050, 2060, 2061, 2062, 2063, 2064, 2065, 2066, 2067, 2068, 2069, 2070, 2071, 2072, 2073, 2074, 2075, 2076, 2077, 2079, 2080, 2081, 2082, 2083, 2084, 2085, 2086, 2087, 2088, 2089, 2090, 2092, 2093, 2094, 2095, 2096, 2097, 2099, 2100, 2101, 2102, 2103, 2104, 2105, 2106, 2107, 2108, 2110, 2111, 2112, 2113, 2114, 2115, 2116, 2117, 2118, 2119, 2120, 2121, 2122, 2125, 2126, 2127, 2128, 2130, 2131, 2132, 2133, 2134, 2135, 2136, 2137, 2138, 2140, 2141, 2142, 2143, 2144, 2145, 2146, 2147, 2148, 2150, 2151, 2152, 2153, 2154, 2155, 2156, 2157, 2158, 2159, 2160, 2161, 2162, 2163, 2164, 2165, 2166, 2167, 2168, 2170, 2171, 2172, 2173, 2174, 2175, 2176, 2177, 2178, 2179, 2190, 2191, 2192, 2193, 2194, 2195, 2196, 2197, 2198, 2199, 2200, 2203, 2204, 2205, 2206, 2207, 2208, 2209, 2210, 2211, 2212, 2213, 2214, 2216, 2217, 2218, 2219, 2220, 2221, 2222, 2223, 2224, 2225, 2226, 2227, 2228, 2229, 2230, 2231, 2232, 2233, 2234, 2250, 2251, 2256, 2257, 2258, 2259, 2260, 2261, 2262, 2263, 2264, 2265, 2267, 2278, 2280, 2281, 2282, 2283, 2284, 2285, 2286, 2287, 2289, 2290, 2291, 2292, 2293, 2294, 2295, 2296, 2297, 2298, 2299, 2300, 2302, 2303, 2304, 2305, 2306, 2307, 2308, 2311, 2312, 2315, 2316, 2317, 2318, 2319, 2320, 2321, 2322, 2323, 2324, 2325, 2326, 2327, 2328, 2329, 2330, 2331, 2333, 2334, 2335, 2336, 2337, 2338, 2415, 2420, 2421, 2422, 2423, 2424, 2425, 2426, 2427, 2428, 2429, 2430, 2439, 2441, 2443, 2444, 2445, 2446, 2500, 2502, 2505, 2506, 2508, 2515, 2516, 2517, 2518, 2519, 2525, 2526, 2527, 2528, 2529, 2530, 2533, 2534, 2535, 2536, 2537, 2538, 2539, 2540, 2541, 2545, 2546, 2555, 2556, 2557, 2558, 2559, 2560, 2563, 2564, 2565, 2566, 2567, 2568, 2569, 2570, 2571, 2572, 2573, 2574, 2575, 2576, 2577, 2578, 2579, 2580, 2581, 2582, 2583, 2619, 2620, 2621, 2622, 2623, 2745, 2747, 2748, 2749, 2750, 2752, 2753, 2754, 2756, 2757, 2758, 2759, 2760, 2761, 2762, 2763, 2765, 2766, 2767, 2768, 2769, 2770, 2773, 2774, 2775, 2776, 2777, 2778, 2779, 2780, 2782, 2783, 2784, 2785, 2786, 2787, 2790, 2795, 2798, 2799, 2800, 2804, 2817, 2818, 2820, 2822, 2827, 2828, 2830, 2831, 2838, 2839, 2844, 2845, 2846, 2847, 2848, 2849, 2850, 2852, 2864, 2865, 2866, 2867, 2868, 2870","$300,902,936 ","$300,902,936 ","23,771","14,808","5,205","2,223",183,"1,072",165,54,60,1
CAT221,SE Queensland and NSW Floods,21-Feb-22,9-Mar-22,FY21,NSW and SEQ,Across NSW and SE Queensland,"Record breaking flooding across NSW and SEQ. Consistent rain for weeks, with water levels rapidly rising.  Reported 23 deaths. Lismore notably affected, waters reaching 14.4m.",Flood,2022,"2000, 2001, 2006, 2007, 2008, 2009, 2010, 2011, 2015, 2016, 2017, 2018, 2019, 2020, 2021, 2022, 2023, 2024, 2025, 2026, 2027, 2028, 2029, 2030, 2031, 2032, 2033, 2034, 2035, 2036, 2037, 2038, 2039, 2040, 2041, 2042, 2043, 2044, 2045, 2046, 2047, 2048, 2049, 2050, 2052, 2060, 2061, 2062, 2063, 2064, 2065, 2066, 2067, 2068, 2069, 2070, 2071, 2072, 2073, 2074, 2075, 2076, 2077, 2079, 2080, 2081, 2082, 2083, 2084, 2085, 2086, 2087, 2088, 2089, 2090, 2092, 2093, 2094, 2095, 2096, 2097, 2099, 2100, 2101, 2102, 2103, 2104, 2105, 2106, 2107, 2108, 2109, 2110, 2111, 2112, 2113, 2114, 2115, 2116, 2117, 2118, 2119, 2120, 2121, 2122, 2123, 2124, 2125, 2126, 2127, 2128, 2129, 2130, 2131, 2132, 2133, 2134, 2135, 2136, 2137, 2138, 2139, 2140, 2141, 2142, 2143, 2144, 2145, 2146, 2147, 2148, 2150, 2151, 2152, 2153, 2154, 2155, 2156, 2157, 2158, 2159, 2160, 2161, 2162, 2163, 2164, 2165, 2166, 2167, 2168, 2170, 2171, 2172, 2173, 2174, 2175, 2176, 2177, 2178, 2179, 2190, 2191, 2192, 2193, 2194, 2195, 2196, 2197, 2198, 2199, 2200, 2203, 2204, 2205, 2206, 2207, 2208, 2209, 2210, 2211, 2212, 2213, 2214, 2216, 2217, 2218, 2219, 2220, 2221, 2222, 2223, 2224, 2225, 2226, 2227, 2228, 2229, 2230, 2231, 2232, 2233, 2234, 2250, 2251, 2256, 2257, 2258, 2259, 2260, 2261, 2262, 2263, 2287, 2289, 2291, 2292, 2293, 2294, 2295, 2296, 2297, 2298, 2299, 2300, 2302, 2303, 2304, 2305, 2307, 2308, 2312, 2322, 2324, 2330, 2337, 2350, 2351, 2360, 2365, 2369, 2370, 2371, 2372, 2399, 2415, 2420, 2422, 2423, 2424, 2425, 2426, 2427, 2428, 2429, 2430, 2431, 2439, 2440, 2441, 2443, 2444, 2445, 2446, 2447, 2448, 2449, 2450, 2452, 2453, 2454, 2455, 2456, 2460, 2462, 2463, 2464, 2465, 2466, 2469, 2470, 2471, 2472, 2473, 2474, 2475, 2476, 2477, 2478, 2479, 2480, 2481, 2482, 2483, 2484, 2485, 2486, 2487, 2488, 2489, 2490, 2500, 2502, 2505, 2506, 2508, 2515, 2516, 2517, 2518, 2519, 2520, 2522, 2525, 2526, 2527, 2528, 2529, 2530, 2533, 2534, 2535, 2536, 2537, 2538, 2539, 2540, 2541, 2545, 2546, 2548, 2549, 2550, 2551, 2555, 2556, 2557, 2558, 2559, 2560, 2563, 2564, 2565, 2566, 2567, 2568, 2569, 2570, 2571, 2572, 2573, 2574, 2575, 2576, 2577, 2578, 2579, 2580, 2622, 2632, 2729, 2745, 2747, 2748, 2749, 2750, 2751, 2752, 2753, 2754, 2755, 2756, 2757, 2758, 2759, 2760, 2761, 2762, 2763, 2765, 2766, 2767, 2768, 2769, 2770, 2773, 2774, 2775, 2776, 2777, 2778, 2779, 2780, 2782, 2783, 2784, 2785, 2786, 2787, 2790, 2898, 4000, 4001, 4004, 4005, 4006, 4007, 4008, 4009, 4010, 4011, 4012, 4013, 4014, 4017, 4018, 4019, 4020, 4021, 4022, 4025, 4029, 4030, 4031, 4032, 4034, 4035, 4036, 4037, 4051, 4053, 4054, 4055, 4059, 4060, 4061, 4064, 4065, 4066, 4067, 4068, 4069, 4070, 4072, 4073, 4074, 4075, 4076, 4077, 4078, 4101, 4102, 4103, 4104, 4105, 4106, 4107, 4108, 4109, 4110, 4111, 4112, 4113, 4114, 4115, 4116, 4117, 4118, 4119, 4120, 4121, 4122, 4123, 4124, 4125, 4127, 4128, 4129, 4130, 4131, 4132, 4133, 4151, 4152, 4153, 4154, 4155, 4156, 4157, 4158, 4159, 4160, 4161, 4163, 4164, 4165, 4169, 4170, 4171, 4172, 4173, 4174, 4178, 4179, 4183, 4184, 4205, 4207, 4208, 4209, 4210, 4211, 4212, 4213, 4214, 4215, 4216, 4217, 4218, 4219, 4220, 4221, 4222, 4223, 4224, 4225, 4226, 4227, 4228, 4229, 4230, 4270, 4271, 4272, 4275, 4280, 4285, 4287, 4300, 4301, 4303, 4304, 4305, 4306, 4307, 4309, 4310, 4311, 4312, 4313, 4314, 4340, 4341, 4342, 4343, 4344, 4345, 4346, 4347, 4350, 4352, 4358, 4359, 4373, 4400, 4405, 4500, 4501, 4502, 4503, 4504, 4505, 4506, 4507, 4508, 4509, 4510, 4511, 4512, 4514, 4515, 4516, 4517, 4518, 4519, 4520, 4521, 4550, 4551, 4552, 4553, 4554, 4555, 4556, 4557, 4558, 4559, 4560, 4561, 4562, 4563, 4564, 4565, 4566, 4567, 4568, 4569, 4570, 4571, 4572, 4573, 4574, 4575, 4580, 4581, 4600, 4601, 4605, 4606, 4608, 4610, 4611, 4612, 4613, 4614, 4615, 4620, 4621, 4625, 4626, 4627, 4630, 4650, 4655, 4659, 4660, 4662, 4670, 4671, 4673, 4674, 4676","$6,375,616,815 ","$6,375,616,815 ","245,985","134,048","60,973","25,076","1,665","17,333","4,563","1,326",979,22
CAT216,SA Vic Severe Storms,28-Oct-21,1-Nov-21,FY21,"SA, Vic","SA: Barossa Valley, Elizabeth, the Adelaide Hills, Salisbury, Craigmore and surrounds  Vic:",Severe storm with large hailstones impacted the northern suburbs of Adelaide and the Barossa Valley causing severe damage to vehicles and primary producers. This storm front continued into Victoria over the weekend with damaging winds and flash flooding causing damage to property,Storm,2021,"3000, 3001, 3011, 3012, 3013, 3015, 3016, 3018, 3019, 3020, 3021, 3022, 3023, 3024, 3025, 3026, 3027, 3028, 3029, 3030, 3031, 3032, 3033, 3034, 3036, 3037, 3038, 3039, 3040, 3041, 3042, 3043, 3044, 3046, 3047, 3048, 3049, 3051, 3053, 3055, 3056, 3057, 3058, 3059, 3060, 3061, 3064, 3066, 3067, 3068, 3070, 3071, 3072, 3073, 3074, 3075, 3076, 3078, 3079, 3081, 3082, 3083, 3084, 3085, 3087, 3088, 3089, 3090, 3091, 3093, 3094, 3095, 3097, 3099, 3101, 3102, 3103, 3104, 3105, 3106, 3107, 3108, 3109, 3111, 3113, 3114, 3115, 3116, 3121, 3122, 3123, 3124, 3125, 3126, 3127, 3128, 3129, 3130, 3131, 3132, 3133, 3134, 3135, 3136, 3137, 3138, 3139, 3140, 3143, 3144, 3145, 3146, 3147, 3148, 3149, 3150, 3151, 3152, 3153, 3154, 3155, 3156, 3158, 3159, 3160, 3161, 3162, 3163, 3165, 3166, 3167, 3168, 3169, 3170, 3171, 3172, 3173, 3174, 3175, 3177, 3178, 3180, 3181, 3182, 3183, 3184, 3185, 3186, 3187, 3188, 3190, 3192, 3193, 3194, 3195, 3196, 3197, 3198, 3199, 3200, 3201, 3202, 3204, 3205, 3206, 3212, 3214, 3215, 3216, 3217, 3218, 3219, 3220, 3221, 3222, 3223, 3224, 3225, 3226, 3227, 3228, 3230, 3231, 3232, 3233, 3234, 3238, 3241, 3243, 3249, 3250, 3251, 3254, 3260, 3264, 3265, 3266, 3268, 3270, 3272, 3277, 3278, 3280, 3281, 3282, 3283, 3284, 3294, 3300, 3304, 3305, 3312, 3315, 3317, 3321, 3324, 3329, 3331, 3333, 3334, 3335, 3336, 3337, 3338, 3340, 3341, 3342, 3345, 3350, 3351, 3352, 3355, 3356, 3357, 3358, 3360, 3361, 3363, 3364, 3370, 3371, 3373, 3377, 3379, 3380, 3381, 3396, 3400, 3401, 3409, 3418, 3420, 3427, 3429, 3433, 3434, 3435, 3437, 3441, 3442, 3444, 3458, 3465, 3478, 3483, 3489, 3490, 3494, 3496, 3500, 3502, 3505, 3509, 3515, 3518, 3527, 3550, 3551, 3555, 3556, 3568, 3571, 3579, 3597, 3612, 3614, 3660, 3677, 3713, 3717, 3719, 3741, 3747, 3750, 3752, 3754, 3755, 3756, 3757, 3763, 3765, 3770, 3775, 3777, 3781, 3782, 3783, 3785, 3786, 3787, 3788, 3791, 3792, 3793, 3795, 3796, 3799, 3802, 3803, 3804, 3805, 3806, 3807, 3808, 3809, 3810, 3812, 3813, 3815, 3816, 3818, 3820, 3821, 3822, 3824, 3825, 3831, 3833, 3840, 3844, 3847, 3850, 3851, 3854, 3856, 3860, 3862, 3865, 3869, 3871, 3874, 3875, 3882, 3885, 3888, 3892, 3909, 3910, 3911, 3912, 3913, 3915, 3916, 3918, 3919, 3922, 3923, 3925, 3926, 3927, 3928, 3929, 3930, 3931, 3933, 3934, 3936, 3937, 3938, 3939, 3940, 3941, 3942, 3943, 3944, 3945, 3950, 3951, 3953, 3956, 3959, 3960, 3971, 3975, 3976, 3977, 3978, 3980, 3981, 3984, 3987, 3988, 3991, 3995, 3996, 4011, 5000, 5006, 5007, 5008, 5009, 5010, 5011, 5017, 5018, 5019, 5021, 5022, 5023, 5024, 5025, 5031, 5032, 5037, 5038, 5039, 5042, 5043, 5045, 5046, 5048, 5051, 5061, 5062, 5063, 5064, 5065, 5066, 5067, 5071, 5072, 5074, 5075, 5076, 5081, 5082, 5084, 5085, 5086, 5087, 5089, 5090, 5091, 5092, 5093, 5094, 5095, 5096, 5097, 5098, 5106, 5107, 5108, 5109, 5110, 5111, 5112, 5113, 5114, 5115, 5116, 5117, 5118, 5120, 5121, 5125, 5126, 5127, 5131, 5132, 5133, 5144, 5151, 5152, 5154, 5158, 5159, 5161, 5162, 5167, 5168, 5169, 5172, 5173, 5202, 5211, 5213, 5214, 5231, 5232, 5233, 5234, 5235, 5236, 5238, 5241, 5244, 5250, 5251, 5252, 5255, 5260, 5261, 5264, 5265, 5268, 5270, 5271, 5290, 5291, 5302, 5311, 5320, 5322, 5330, 5331, 5332, 5333, 5340, 5341, 5343, 5344, 5345, 5351, 5352, 5353, 5355, 5356, 5357, 5360, 5371, 5372, 5373, 5374, 5400, 5401, 5410, 5411, 5412, 5413, 5422, 5453, 5454, 5460, 5461, 5501, 5502, 5520, 5521, 5540, 5550, 5554, 5556, 5558, 5560, 5570, 5571, 5572, 5573, 5575, 5580, 5581, 5583, 5600, 5605, 5606, 5607, 5608, 5631, 5670, 5700, 5710, 7004, 7005, 7007, 7008, 7009, 7018, 7020, 7030, 7116, 7120, 7170, 7173, 7249, 7252, 7256, 7259, 7302, 7325","$891,731,742 ","$975,700,000 ","110,428","47,651","9,810","41,766",144,"5,505","4,249",169,150,984
SE215,Mansfield Earthquake,22-Sep-21,22-Sep-21,FY21,Vic,Mansfield Victoria with damage reported in Melbourne CBD,"An earthquake struck approximately 53 kilometres SSW of the town of Mansfield (27 km from the closest settlement of Jamieson), in the Victorian Alps of Australia on 22 September 2021, at 09:15 local time. The earthquake measured 5.9 on the moment magnitude scale. The earthquake caused minor structural damage in parts of Melbourne and left one person injured. The earthquake was also felt in New South Wales, Australian Capital Territory, South Australia and Tasmania.[6] The earthquake was substantially stronger than the 1989 Newcastle earthquake that measured Mw 5.6 and killed 13 people.",Earthquake,2021,,"$100,455,393 ","$113,300,000 ","18,465","15,709",781,14,10,"1,512",356,21,62, -   
CAT214,Severe Weather & Flooding,7-Jun-21,14-Jun-21,FY20,VIC,Various,Extensive storm damage and flooding felt most significantly in Gippsland around Traralgon and in the Yarra Ranges.,Storm,2021,,"$313,193,118 ","$375,700,000 ","34,372","16,446","12,517","1,239",45,"3,683",165,228,49, -   
CAT213,TC Seroja,7-Apr-21,14-Apr-21,FY20,WA,Kalbarri and Northampton,"On 14 April, the Insurance Council of Australia declared an Insurance Catastrophe for impacted parts of Western Australia from Tropical Cyclone Seroja. The cyclone made landfall late Sunday 11 April, with the coastal town of Kalbarri, taking the brunt of Seroja, as did the community of Northampton. Tropical Cyclone Seroja severely damaged homes, businesses, communications, and road infrastructure as well as the electricity service, across a number of West Australian communities",Cyclone,2021,"6043, 6401, 6405, 6407, 6409, 6410, 6411, 6412, 6413, 6414, 6415, 6418, 6420, 6421, 6422, 6423, 6424, 6425, 6426, 6427, 6429, 6430, 6431, 6432, 6434, 6436, 6442, 6443, 6460, 6461, 6462, 6463, 6465, 6466, 6467, 6468, 6470, 6472, 6473, 6475, 6476, 6477, 6479, 6480, 6484, 6485, 6487, 6488, 6489, 6490, 6502, 6503, 6504, 6505, 6506, 6509, 6510, 6512, 6513, 6517, 6530, 6532, 6535, 6536, 6566, 6567, 6568, 6569, 6571, 6572, 6574, 6575, 6603, 6605, 6606, 6608, 6609, 6612, 6613, 6614, 6616, 6620, 6625, 6627, 6628, 6630, 6631, 6632, 6635, 6638, 6639, 6640, 6705","$408,121,391 ","$431,100,000 ","10,066","4,059","2,606",300,70,"2,637",232,107,42,13
CAT212,Extreme Weather Event,16-Mar-21,24-Mar-21,FY20,NSW and SEQ,,"Following intense rainfall on 18th-22nd March, flooding and storm damage affected Sydney, The Hunter Valley and the Mid North Coastal areas.  Major impact in Taree where the Manning River reached a peak of 5.6m and areas around Port Macquarie. The Western Sydney suburbs around Penrith and along the Nepean river were submerged after the river burst its banks. 150mm of rain to the Warragamba Dam catchment caused it to spill adding to the already swollen Nepean River. Downstream suburbs of Richmond, Windso, Pitt Town and into Wisemans Ferry were also affected by flooding. On the 24th March, the affected area was extended to include Southeast Queensland",Flood,2021,"2000, 2006, 2007, 2008, 2009, 2010, 2011, 2015, 2016, 2017, 2018, 2019, 2020, 2021, 2022, 2023, 2024, 2025, 2026, 2027, 2028, 2029, 2030, 2031, 2032, 2033, 2034, 2035, 2036, 2037, 2038, 2039, 2040, 2041, 2042, 2043, 2044, 2045, 2046, 2047, 2048, 2049, 2050, 2052, 2060, 2061, 2062, 2063, 2064, 2065, 2066, 2067, 2068, 2069, 2070, 2071, 2072, 2073, 2074, 2075, 2076, 2077, 2079, 2080, 2081, 2082, 2083, 2084, 2085, 2086, 2087, 2088, 2089, 2090, 2091, 2092, 2093, 2094, 2095, 2096, 2097, 2099, 2100, 2101, 2102, 2103, 2104, 2105, 2106, 2107, 2108, 2109, 2110, 2111, 2112, 2113, 2114, 2115, 2116, 2117, 2118, 2119, 2120, 2121, 2122, 2125, 2126, 2127, 2128, 2130, 2131, 2132, 2133, 2134, 2135, 2136, 2137, 2138, 2139, 2140, 2141, 2142, 2143, 2144, 2145, 2146, 2147, 2148, 2150, 2151, 2152, 2153, 2154, 2155, 2156, 2157, 2158, 2159, 2160, 2161, 2162, 2163, 2164, 2165, 2166, 2167, 2168, 2170, 2171, 2172, 2173, 2174, 2175, 2176, 2177, 2178, 2179, 2190, 2191, 2192, 2193, 2194, 2195, 2196, 2197, 2198, 2199, 2200, 2203, 2204, 2205, 2206, 2207, 2208, 2209, 2210, 2211, 2212, 2213, 2214, 2216, 2217, 2218, 2219, 2220, 2221, 2222, 2223, 2224, 2225, 2226, 2227, 2228, 2229, 2230, 2231, 2232, 2233, 2234, 2250, 2251, 2256, 2257, 2258, 2259, 2260, 2261, 2262, 2263, 2264, 2265, 2267, 2278, 2280, 2281, 2282, 2283, 2284, 2285, 2286, 2287, 2289, 2290, 2291, 2292, 2293, 2294, 2295, 2296, 2297, 2298, 2299, 2300, 2302, 2303, 2304, 2305, 2306, 2307, 2308, 2311, 2312, 2314, 2315, 2316, 2317, 2318, 2319, 2320, 2321, 2322, 2323, 2324, 2325, 2326, 2327, 2328, 2329, 2330, 2331, 2333, 2334, 2335, 2336, 2337, 2338, 2339, 2340, 2341, 2342, 2343, 2344, 2345, 2346, 2347, 2350, 2351, 2352, 2353, 2354, 2355, 2356, 2357, 2358, 2359, 2360, 2361, 2365, 2369, 2370, 2371, 2372, 2379, 2380, 2381, 2382, 2386, 2387, 2388, 2390, 2395, 2396, 2397, 2398, 2399, 2400, 2401, 2402, 2403, 2404, 2405, 2406, 2408, 2409, 2410, 2411, 2415, 2420, 2421, 2422, 2423, 2424, 2425, 2426, 2427, 2428, 2429, 2430, 2431, 2439, 2440, 2441, 2443, 2444, 2445, 2446, 2447, 2448, 2449, 2450, 2452, 2453, 2454, 2455, 2456, 2460, 2462, 2463, 2464, 2465, 2466, 2469, 2470, 2471, 2472, 2473, 2474, 2475, 2476, 2477, 2478, 2479, 2480, 2481, 2482, 2483, 2484, 2485, 2486, 2487, 2488, 2489, 2490, 2500, 2502, 2505, 2506, 2508, 2515, 2516, 2517, 2518, 2519, 2522, 2525, 2526, 2527, 2528, 2529, 2530, 2533, 2534, 2535, 2536, 2537, 2538, 2539, 2540, 2541, 2545, 2546, 2548, 2549, 2550, 2551, 2555, 2556, 2557, 2558, 2559, 2560, 2563, 2564, 2565, 2566, 2567, 2568, 2569, 2570, 2571, 2572, 2573, 2574, 2575, 2576, 2577, 2578, 2579, 2580, 2581, 2582, 2583, 2584, 2585, 2586, 2587, 2588, 2590, 2594, 2600, 2601, 2602, 2603, 2604, 2605, 2606, 2607, 2609, 2611, 2612, 2614, 2615, 2617, 2618, 2619, 2620, 2621, 2622, 2623, 2624, 2625, 2626, 2627, 2628, 2629, 2630, 2631, 2632, 2633, 2640, 2641, 2642, 2643, 2644, 2645, 2646, 2647, 2648, 2649, 2650, 2651, 2652, 2653, 2655, 2656, 2658, 2659, 2660, 2661, 2663, 2665, 2666, 2668, 2669, 2671, 2672, 2675, 2680, 2681, 2700, 2701, 2702, 2703, 2705, 2706, 2707, 2710, 2711, 2712, 2713, 2714, 2715, 2716, 2717, 2720, 2721, 2722, 2725, 2726, 2727, 2729, 2730, 2731, 2732, 2733, 2734, 2735, 2736, 2737, 2738, 2739, 2745, 2747, 2748, 2749, 2750, 2752, 2753, 2754, 2755, 2756, 2757, 2758, 2759, 2760, 2761, 2762, 2763, 2765, 2766, 2767, 2768, 2769, 2770, 2773, 2774, 2775, 2776, 2777, 2778, 2779, 2780, 2782, 2783, 2784, 2785, 2786, 2787, 2790, 2791, 2792, 2793, 2794, 2795, 2797, 2798, 2799, 2800, 2803, 2804, 2805, 2806, 2807, 2808, 2809, 2810, 2820, 2821, 2823, 2824, 2825, 2827, 2828, 2829, 2830, 2831, 2832, 2833, 2834, 2835, 2836, 2839, 2840, 2842, 2843, 2844, 2845, 2846, 2847, 2848, 2849, 2850, 2852, 2864, 2865, 2866, 2867, 2868, 2869, 2870, 2871, 2873, 2874, 2875, 2876, 2877, 2878, 2879, 2880, 2898, 2899, 2900, 2902, 2903, 2904, 2905, 2906, 2911, 2912, 2913, 2914, 3585, 3586, 3641, 3644, 3707, 4000, 4005, 4006, 4007, 4008, 4009, 4010, 4011, 4012, 4013, 4014, 4017, 4018, 4019, 4020, 4021, 4022, 4025, 4029, 4030, 4031, 4032, 4034, 4035, 4036, 4037, 4051, 4053, 4054, 4055, 4059, 4060, 4061, 4064, 4065, 4066, 4067, 4068, 4069, 4070, 4073, 4074, 4075, 4076, 4077, 4078, 4101, 4102, 4103, 4104, 4105, 4106, 4107, 4108, 4109, 4110, 4111, 4112, 4113, 4114, 4115, 4116, 4117, 4118, 4119, 4120, 4121, 4122, 4123, 4124, 4125, 4127, 4128, 4129, 4130, 4131, 4132, 4133, 4151, 4152, 4153, 4154, 4155, 4156, 4157, 4158, 4159, 4160, 4161, 4163, 4164, 4165, 4169, 4170, 4171, 4172, 4173, 4174, 4178, 4179, 4183, 4184, 4205, 4207, 4208, 4209, 4210, 4211, 4212, 4213, 4214, 4215, 4216, 4217, 4218, 4219, 4220, 4221, 4223, 4224, 4225, 4226, 4227, 4228, 4229, 4230, 4270, 4271, 4272, 4275, 4280, 4285, 4287, 4300, 4301, 4303, 4304, 4305, 4306, 4307, 4309, 4310, 4311, 4312, 4313, 4340, 4341, 4342, 4343, 4344, 4345, 4346, 4347, 4350, 4352, 4353, 4354, 4355, 4356, 4357, 4358, 4359, 4360, 4361, 4362, 4363, 4364, 4365, 4370, 4371, 4372, 4373, 4374, 4375, 4376, 4377, 4378, 4380, 4381, 4382, 4383, 4384, 4385, 4387, 4388, 4390, 4400, 4401, 4402, 4403, 4404, 4405, 4406, 4407, 4408, 4410, 4411, 4412, 4413, 4415, 4416, 4417, 4418, 4419, 4420, 4421, 4422, 4423, 4424, 4425, 4426, 4427, 4428, 4454, 4455, 4461, 4462, 4465, 4467, 4468, 4470, 4471, 4472, 4474, 4475, 4477, 4478, 4479, 4480, 4481, 4482, 4486, 4487, 4488, 4489, 4490, 4491, 4492, 4493, 4494, 4496, 4497, 4498, 4500, 4501, 4502, 4503, 4504, 4505, 4506, 4507, 4508, 4509, 4510, 4511, 4512, 4514, 4515, 4516, 4517, 4518, 4519, 4520, 4521, 4550, 4551, 4552, 4553, 4554, 4555, 4556, 4557, 4558, 4559, 4560, 4561, 4562, 4563, 4564, 4565, 4566, 4567, 4568, 4569, 4570, 4571, 4572, 4573, 4574, 4575, 4580, 4581, 4600, 4601, 4605, 4606, 4608, 4610, 4611, 4612, 4613, 4614, 4615, 4620, 4621, 4625, 4626, 4627, 4630, 4650, 4655, 4659, 4660, 4662, 4670, 4671, 4673, 4674, 4676, 4677, 4678, 4680, 4694, 4695, 4697, 4699, 4700, 4701, 4702, 4703, 4704, 4705, 4706, 4707, 4709, 4710, 4711, 4712, 4713, 4714, 4715, 4716, 4717, 4718, 4719, 4720, 4721, 4722, 4723, 4724, 4725, 4726, 4727, 4728, 4730, 4731, 4732, 4733, 4735, 4736, 4737, 4738, 4739, 4740, 4741, 4742, 4743, 4744, 4745, 4746, 4750, 4751, 4753, 4754, 4756, 4757, 4798, 4799, 4800, 4801, 4802, 4803, 4804, 4805, 4806, 4807, 4808, 4809, 4810, 4811, 4812, 4814, 4815, 4816, 4817, 4818, 4819, 4820, 4821, 4822, 4823, 4824, 4825, 4828, 4829, 4830, 4849, 4850, 4852, 4854, 4855, 4856, 4857, 4858, 4859, 4860, 4861, 4862, 4865, 4868, 4869, 4870, 4871, 4872, 4873, 4874, 4875, 4876, 4877, 4878, 4879, 4880, 4881, 4882, 4883, 4884, 4885, 4886, 4887, 4888, 4890, 4891, 4895","$617,532,295 ","$689,800,000 ","58,865","37,168","12,284","4,354",387,"3,909",440,171,134,18
CAT211,Perth Hills Bushfire,1-Feb-21,21-Feb-21,FY20,WA,,The Insurance Council has declared a catastrophe for the Perth Hills Bushfires (CAT211) which remain at emergency warning level. The WA Department of Fire and Emergency Services has confirmed 81 homes have been destroyed,Bushfire,2021,"6084, 6558, 6059, 6083","$98,557,284 ","$106,900,000 ","1,342",245,247,84,2,617,110,28,8,1
CAT204,Halloween Hail,31-Oct-20,31-Oct-20,FY20,SEQ,"Ipswich, Logan and surrounds","On 31 October 2020, severe thunderstorms impacted Central and South East Queensland, causing high winds and hail. One particular cell  impacted the Western and South Western outskirts of Brisbane with giant hail as large at 14 cm. Significant damage to homes and motor vehicles was reported, particularly in the Ipswich and Logan Council Areas. The suburb of Springfield Lakes appeared to be the worst affected.",Hail,2020,,"$1,056,074,599 ","$1,187,300,000 ","44,703","20,889","4,581","15,952",99,"1,285","1,753",5,35,105
Undeclared,Rockhampton Hail,19-Apr-20,19-Apr-20,FY19,FNQ,"Rockhampton, Yeppoon","Severe hailstorm impacted Rockhampton and Yeppoon region on 19 April 2020. The event was not declared a catastrophe due to low early loss estimates. However, the event experiences an unusally long claims tail that saw significant claims lodged many months after the initial event. This caused a significant increase in claims costs.",Hail,2020,,"$502,766,415 ","$570,600,000 ","14,804","10,021",477,"2,824",18,806,639,8,11,
CAT203,COVID-19,11-Mar-20,,FY19,,,Global Pandemic for COVID-19,Storm,2020,,,,,,,,,,,,,
CAT202,South East Coast Storms & Flooding,4-Feb-20,10-Feb-20,FY19,SEQ,,"The Insurance Council of Australia declared a Catastrophe (CAT202) for severe storms and flooding that impacted many localities in Queensland and NSW. The commencement date for this CAT was February 4. The SES  received 10,248 requests for assistance since the commencement of this weather event. The localities with the greatest number of requests were Gosford (633), Hornsby (483), Wyong (465) and Ku-ring-gai (457). The majority of these requests relate to leaking roofs, fallen trees and inundated roads. There were 197 flood rescues, with the majority in the Sydney Metro area (116). SES also issued evacuation orders for residents in Narrabeen, Moorebank, Chipping Norton, Pitt Town Bottoms, Gronos Point area and Richmond Lowlands area.In Qld, SES was tasked with over 250 storm and flood related tasks in the last 24hrs. The localities with the greatest number of taskings were Redland City (65+), Gold Coast (50+), Toowoomba (35+) and Brisbane (25+).",Flood,2020,"2000, 2007, 2008, 2009, 2010, 2011, 2015, 2016, 2017, 2018, 2019, 2020, 2021, 2022, 2023, 2024, 2025, 2026, 2027, 2028, 2029, 2030, 2031, 2032, 2033, 2034, 2035, 2036, 2037, 2038, 2039, 2040, 2041, 2042, 2043, 2044, 2045, 2046, 2047, 2048, 2049, 2050, 2060, 2061, 2062, 2063, 2064, 2065, 2066, 2067, 2068, 2069, 2070, 2071, 2072, 2073, 2074, 2075, 2076, 2077, 2079, 2080, 2081, 2082, 2083, 2084, 2085, 2086, 2087, 2088, 2089, 2090, 2092, 2093, 2094, 2095, 2096, 2097, 2099, 2100, 2101, 2102, 2103, 2104, 2105, 2106, 2107, 2108, 2110, 2111, 2112, 2113, 2114, 2115, 2116, 2117, 2118, 2119, 2120, 2121, 2122, 2125, 2126, 2127, 2128, 2130, 2131, 2132, 2133, 2134, 2135, 2136, 2137, 2138, 2140, 2141, 2142, 2143, 2144, 2145, 2146, 2147, 2148, 2150, 2151, 2152, 2153, 2154, 2155, 2156, 2157, 2158, 2159, 2160, 2161, 2162, 2163, 2164, 2165, 2166, 2167, 2168, 2170, 2171, 2172, 2173, 2174, 2175, 2176, 2177, 2178, 2179, 2190, 2191, 2192, 2193, 2194, 2195, 2196, 2197, 2198, 2199, 2200, 2203, 2204, 2205, 2206, 2207, 2208, 2209, 2210, 2211, 2212, 2213, 2214, 2216, 2217, 2218, 2219, 2220, 2221, 2222, 2223, 2224, 2225, 2226, 2227, 2228, 2229, 2230, 2231, 2232, 2233, 2234, 2250, 2251, 2256, 2257, 2258, 2259, 2260, 2261, 2262, 2263, 2264, 2265, 2267, 2278, 2280, 2281, 2282, 2283, 2284, 2285, 2286, 2287, 2289, 2290, 2291, 2294, 2295, 2296, 2297, 2298, 2299, 2300, 2303, 2304, 2305, 2307, 2311, 2312, 2315, 2316, 2317, 2318, 2319, 2320, 2321, 2322, 2323, 2324, 2325, 2326, 2327, 2328, 2329, 2330, 2333, 2335, 2337, 2340, 2341, 2343, 2344, 2346, 2347, 2350, 2352, 2353, 2354, 2357, 2360, 2361, 2370, 2372, 2379, 2380, 2382, 2387, 2388, 2390, 2395, 2397, 2400, 2402, 2403, 2404, 2406, 2415, 2420, 2421, 2422, 2423, 2424, 2425, 2427, 2428, 2429, 2430, 2431, 2439, 2440, 2441, 2443, 2444, 2445, 2446, 2447, 2448, 2449, 2450, 2452, 2454, 2455, 2456, 2460, 2462, 2463, 2464, 2470, 2472, 2473, 2474, 2477, 2478, 2479, 2480, 2481, 2482, 2483, 2484, 2485, 2486, 2487, 2488, 2489, 2500, 2502, 2505, 2506, 2508, 2515, 2516, 2517, 2518, 2519, 2525, 2526, 2527, 2528, 2529, 2530, 2533, 2534, 2535, 2536, 2537, 2538, 2539, 2540, 2541, 2546, 2548, 2549, 2550, 2551, 2556, 2557, 2558, 2559, 2560, 2563, 2564, 2565, 2566, 2567, 2568, 2569, 2570, 2571, 2572, 2573, 2574, 2575, 2576, 2577, 2578, 2579, 2580, 2581, 2582, 2583, 2586, 2590, 2594, 2601, 2602, 2603, 2605, 2606, 2607, 2609, 2611, 2612, 2614, 2615, 2617, 2620, 2621, 2622, 2626, 2630, 2631, 2640, 2641, 2650, 2652, 2653, 2656, 2665, 2666, 2669, 2672, 2680, 2681, 2705, 2710, 2720, 2722, 2725, 2726, 2727, 2730, 2745, 2747, 2748, 2749, 2750, 2752, 2753, 2754, 2756, 2757, 2758, 2759, 2760, 2761, 2762, 2763, 2765, 2766, 2767, 2768, 2769, 2770, 2773, 2774, 2775, 2776, 2777, 2778, 2779, 2780, 2782, 2783, 2784, 2785, 2786, 2787, 2790, 2794, 2795, 2800, 2804, 2807, 2810, 2820, 2823, 2824, 2825, 2827, 2829, 2830, 2831, 2835, 2840, 2842, 2844, 2845, 2848, 2849, 2850, 2852, 2864, 2869, 2870, 2871, 2873, 2875, 2877, 2878, 2880, 2900, 2902, 2903, 2904, 2905, 2906, 2912, 2913, 2914, 3691, 3722, 3851, 3909, 4000, 4005, 4006, 4007, 4009, 4010, 4011, 4012, 4014, 4017, 4018, 4019, 4020, 4021, 4030, 4031, 4032, 4034, 4035, 4036, 4037, 4051, 4053, 4054, 4055, 4060, 4061, 4064, 4065, 4066, 4067, 4068, 4069, 4070, 4073, 4074, 4075, 4077, 4078, 4101, 4102, 4103, 4104, 4105, 4106, 4108, 4109, 4110, 4111, 4112, 4113, 4114, 4115, 4116, 4118, 4119, 4120, 4121, 4122, 4123, 4125, 4127, 4128, 4129, 4130, 4131, 4132, 4133, 4152, 4154, 4156, 4157, 4158, 4159, 4160, 4161, 4163, 4164, 4165, 4169, 4170, 4171, 4172, 4173, 4178, 4179, 4183, 4184, 4207, 4208, 4209, 4210, 4211, 4212, 4213, 4214, 4215, 4216, 4217, 4218, 4220, 4221, 4223, 4224, 4225, 4226, 4227, 4228, 4270, 4272, 4275, 4280, 4285, 4300, 4301, 4304, 4305, 4306, 4310, 4311, 4313, 4340, 4341, 4342, 4344, 4347, 4350, 4352, 4355, 4356, 4357, 4358, 4361, 4362, 4363, 4370, 4371, 4380, 4385, 4388, 4390, 4400, 4401, 4402, 4404, 4405, 4406, 4410, 4412, 4413, 4421, 4455, 4478, 4486, 4488, 4500, 4502, 4503, 4504, 4505, 4506, 4507, 4508, 4509, 4510, 4511, 4512, 4515, 4516, 4518, 4520, 4521, 4550, 4551, 4552, 4553, 4555, 4556, 4557, 4558, 4559, 4560, 4561, 4562, 4563, 4564, 4565, 4566, 4567, 4570, 4572, 4573, 4574, 4575, 4580, 4581, 4608, 4610, 4613, 4615, 4620, 4626, 4627, 4630, 4650, 4655, 4659, 4670, 4671, 4673, 4677, 4680, 4700, 4701, 4702, 4715, 4717, 4718, 4720, 4722, 4738, 4740, 4750","$973,837,676 ","$1,176,500,000 ","102,286","59,590","27,274","5,025",269,"9,355",306,360,197, -   
CAT201,January Hailstorms,18-Jan-20,20-Jan-20,FY19,SEQ,"Melbourne, Canberra, Queanbeyan, Sydney, Goulburn","A series of destructive hailstorms impacted VIC, ACT, QLD and NSW on 18, 19 and 20 January. Estimated Value @ 23 August 2020, $1,625,120,016 (73% domestic, 27% commercial) Lodged Claims @ 23 August 2020, 129,201 (90% domestic, 10% commercial).  Breakdown:  38,793 Residential Building Claims, 72.49% closed, average value $15,018  10,462 Contents Claims, 73.52% closed, average value $3,081 67,435 Domestic Motor Claims, 84.43% closed, average value $8,455 146 Domestic Other, 5,214 Commercial Property Claims, 66.36% closed, average value $69,069 6,954 Commercial Motor Claims, 75.57% closed, average value $10,656 146 Business Interruption Claims, 52.74% closed, average value $24,277 50 Commercial Other (including crop, marine, aviation)",Hail,2020,"2021, 2036, 2065, 2073, 2076, 2087, 2097, 2099, 2101, 2118, 2170, 2171, 2172, 2173, 2204, 2218, 2224, 2226, 2227, 2228, 2229, 2230, 2232, 2233, 2234, 2250, 2256, 2261, 2324, 2360, 2425, 2446, 2452, 2463, 2480, 2485, 2486, 2489, 2508, 2558, 2560, 2564, 2566, 2600, 2601, 2603, 2604, 2609, 2612, 2614, 2615, 2617, 2619, 2620, 2705, 2750, 2767, 2790, 2800, 2830, 3020, 3023, 3042, 3088, 3094, 3095, 3101, 3103, 3104, 3105, 3106, 3107, 3108, 3109, 3111, 3113, 3122, 3123, 3124, 3126, 3127, 3134, 3141, 3142, 3143, 3144, 3145, 3146, 3147, 3148, 3149, 3150, 3156, 3160, 3161, 3162, 3163, 3165, 3184, 3185, 3186, 3187, 3197, 3198, 3204, 3220, 3325, 3340, 3352, 3400, 3630, 3775, 3803, 3804, 3806, 3810, 3934, 3938, 3976, 4020, 4037, 4053, 4055, 4060, 4068, 4069, 4074, 4078, 4109, 4115, 4116, 4122, 4128, 4130, 4157, 4159, 4160, 4161, 4163, 4164, 4165, 4208, 4209, 4210, 4211, 4212, 4213, 4214, 4215, 4216, 4217, 4218, 4220, 4221, 4223, 4224, 4226, 4227, 4228, 4280, 4285, 4300, 4305, 4350, 4507, 4551, 4556, 4557, 4558, 4567, 4573, 4575, 4740, 4805, 4860, 4882","$1,681,889,372 ","$2,025,300,000 ","132,205","39,654","10,696","68,576",197,"5,756","7,109",152,65,
CAT196,November 17 Hailstorm (SEQ),17-Nov-19,17-Nov-19,FY19,SEQ,"Sunshine Coast, Noose","A severe hailstorm that impacted communities in SEQ, in particular the Sunshine Coast region. Event declared a catastrophe event on 18/11/19.",Hail,2019,"4000, 4012, 4014, 4032, 4035, 4037, 4053, 4124, 4205, 4207, 4209, 4210, 4211, 4212, 4214, 4215, 4216, 4217, 4221, 4226, 4230, 4270, 4272, 4280, 4380, 4500, 4502, 4507, 4508, 4509, 4510, 4512, 4517, 4518, 4519, 4520, 4550, 4551, 4553, 4556, 4557, 4558, 4560, 4562, 4563, 4564, 4566, 4567, 4569, 4570, 4572, 4575, 4581, 4620, 4655, 4662","$498,300,091 ","$592,100,000 ","30,923","10,669","1,660","15,512",71,"1,185","1,814",5,7,
CAT195,"2019/20 Bushfires (NSW,QLD,SA,VIC)",8-Nov-19,13-Feb-20,FY19,SEQ,,"A series of fires across NSW, QLD, SA and VIC impacted homes and businesses from 8th November (to date). A catastrophe (CAT195) was declared by the insurance industry on 8th November and remains open whilst the fire emergency continues. The area defined by this declaration has grown over the bushfire season as losses have continued to occur. The event now encompasses 183 postcodes across four states, an area that contains many tens of thousands of building and contents policies.",Bushfire,2019,"2157, 2250, 2311, 2325, 2328, 2329, 2330, 2337, 2338, 2340, 2346, 2350, 2354, 2355, 2370, 2371, 2372, 2422, 2424, 2429, 2430, 2440, 2441, 2444, 2445, 2446, 2447, 2449, 2453, 2454, 2460, 2463, 2466, 2469, 2470, 2471, 2472, 2474, 2475, 2476, 2480, 2482, 2484, 2536, 2537, 2538, 2539, 2540, 2545, 2546, 2550, 2551, 2570, 2571, 2572, 2573, 2574, 2575, 2621, 2622, 2629, 2630, 2631, 2640, 2642, 2644, 2649, 2653, 2720, 2729, 2730, 2752, 2753, 2756, 2758, 2775, 2780, 2785, 2786, 2787, 2790, 2846, 2847, 2848, 2849, 2850, 3691, 3697, 3699, 3701, 3705, 3707, 3708, 3709, 3875, 3882, 3885, 3887, 3888, 3889, 3890, 3891, 3892, 3893, 3895, 3896, 4287, 4310, 4312, 4355, 4357, 4562, 4565, 4703, 4800, 5076, 5109, 5110, 5111, 5112, 5113, 5114, 5115, 5116, 5117, 5118, 5120, 5121, 5125, 5131, 5132, 5133, 5134, 5139, 5144, 5155, 5223, 5231, 5232, 5233, 5234, 5236, 5240, 5241, 5242, 5243, 5244, 5245, 5250, 5251, 5252, 5254, 5255, 5350, 5351, 5371, 5400, 5501, 5502","$2,319,164,486 ","$2,405,400,000 ","38,936","9,665","14,355","1,659",712,"8,883","1,368","1,268",998,
CAT194,Northern NSW Rappville Bushfire (Amalgamated into CAT195),8-Oct-19,9-Oct-19,FY19,,"Drake, Tabulam, Coongbar, Rappville","A severe bushfire fire impacting an estimated 45 dwellings (TBC), Loss estimate data not yet available. ICA declared a catastrophe event on 10/10/19 to assist. Further updates to be advised.",Bushfire,2019,2469,,,,,,,,,,,,
CAT193,NSW/QLD September 2019 Bushfires,5-Sep-19,11-Sep-19,FY19,SEQ,,"Upto 70 bushfires across southern QLD and 70 in NSW, fanned by high winds led to multiple property losses over 5,6,7,8,9 September. Fires yet to be controlled. Catastrophe declared by ICA on 7 September:QLD Damage assessment so far:Eight homes at Sarabah,Three homes at Applethorpe and Stanthorpe,One home in Biboohra,Damage assessments underway in Peregian Springs.NSW Damage assessment so far:Drake, 4 homes destroyed, 4 outbuildings destroyed, 4 damaged Tenterfield, 1 home destroyed, 4 damaged, 3 facilities destroyed, 15 outbuildings destroyed, 10 damagedLidsdale 1 home damaged, 3 outbuildings destroyed",Bushfire,2019,,"$13,500,000 ","$15,900,000 ",,,,,,,,,,
Undeclared,"Severe weather in SA, VIC, NSW, QLD, ACT",9-Aug-19,12-Aug-19,FY19,SEQ,,"Commencing on 08AUG until 12AUG a severe cold front impacted SA, VIC, NSW, ACT, and SEQ. High winds were reported in each state, resulting in atypical wind and storm damage (roof damage, tree’s down etc). ICA estimates that 3,800 claims were lodged for storm related damage. No catastrophe event was declared.",Storm,2019,,,,,,,,,,,,,
Undeclared,Kimberley Coast Earthquake,14-Jul-19,14-Jul-19,FY19,,Kimberley Coast of Western Australia,"Coastal earthquake felt from Broome all the way down to Perth. The 6.6 magnitude quake (revised from 6.5 on 15/7/19) struck off the Kimberley coast at 1.39pm on Sunday. This earthquake was of a larger magnitude than the event that destroyed Meckering in 1968 (CAT681). No significant damage has been reported, no insurance catastrophe declared. Since the initial quake, four aftershocks have been reported by Geoscience Australia registering at 4.1, 5.2, 4.0 and 3.8 magnitude.",Earthquake,2019,,"$1,500,000 ","$1,600,000 ",,,,,,,,,,
Undeclared,Severe Weather NSW & VIC,29-Jun-19,29-Jun-19,FY18,,"Kyabram, Shepparaton, Tocumwal, Tatura, Axe Creek","High winds and heavy rainfalls impacted townships in Northern Victoria and Southern NSW on 29/6/19. Victorian SES responded to 551 requests for assistance including 394 trees down and 114 incidents with property damage. At least one home was destroyed in Axe Creek by what was determined by the BoM to be an EF2 tornado (Fujita scale), with winds over 200kmh.NSW SES responded to 88 requests for assistance for the event with the focus on Tocumwal (62 tasks) on the Victorian border where at least 2 homes were reported as severely damaged.This event has not been declared a catastrophe for insurance purposes.",Storm,2019,"2714, 3551, 3616, 3620, 3630",,,,,,,,,,,,
Undeclared,NT Earthquake Event,24-Jun-19,24-Jun-19,FY18,,Darwin,"A 7.2 magnitude earthquake occurred in the Banda Sea to the north of Darwin 24/6/19 at 1302 AEST. The event was felt in Darwin and in towns up to 300km south of the city, however no significant damage has been reported to date.  Given the depth of the event (207km) no tsunami risk was declared by the Joint Australian Tsunami Warning Centre. Insurers reported less than 100 claims (so far), for minor issues, this is not expected to increase significantly. No catastrophe event for insurance purposes was declared. Community observations regarding the experience of the tremor in Darwin are exemplified by the following social media quotes""I watched the walls of my house wobble like jelly! There were two. One small one and then a larger on shortly after.""""It lasted at least one minute in Stuart Park, I was confused! Then heard sirens.""""Rattle and shake in Parap, pool water was sloshing side to side.""""The biggest one I have felt in Darwin for years.""""We shook for at least a minute at Wagaman. Was sitting on bed and when I first felt movement, I thought the cat had woken up! But then quickly got more severe — windows rattled, the outside chime sang and neighbourhood dogs started barking! I was wondering if I should evacuate! But then it stopped. It made my head feel a bit dizzy.""""We are on the 7th floor of Quest Palmerston, I felt the tremor start about 3mins before the building started to sway/shake. I got dizzy then everything started shaking, I thought the washing was banging the wall then EVERYTHING was like a wave.""""I'm 8 stories high & in CBD; it brought back terrible memories of Newcastle in 1989. Me and the cats definitely vacated the building.""",Earthquake,2019,"810, 812, 820, 828, 829, 830, 832",,,,,,,,,,,,
Undeclared,Bulloo Downs Earthquake,25-May-19,25-May-19,FY18,,Bulloo Downs,MW3.0 earthquake reported on Channel Country western Queensland near Bulloo Downs. No insurance damage reported. https://goo.gl/maps/ztuscH2SXYA1QzvS7,Earthquake,2019,4492, $-   ,,,,,,,,,,,
Undeclared,NSW Severe Weather,24-May-19,29-May-19,FY18,,"Blue Mountains, Lake Macquarie, Newcastle, Wollongong","A series of cold fronts moved from the southwest across the state starting on 24/5/19, brought damaging winds from the mid north coast to southern and eastern areas of NSW. The SES responded to approximately 800 requests for assistance, for trees down and roof damage. Insurers have not reported a spike in claims lodgements beyond what would normally be expected for this season. No insurance catastrophe was declared.",Storm,2019,, $-   ,,,,,,,,,,,
Undeclared,Lake Purrumbete Caravan Park Tornado,2-May-19,2-May-19,FY18,,"Camperdown, Lake Purrumbete","No catastrophe declared by insurance industry as event fell below damage threshold. Roofs were reportedly torn off buildings and thrown up to half a kilometre away by what is believed to have been a tornado that tore through parts of south-west Victoria. Lake Purrumbete Caravan Park ( http://www.lakepurrumbeteholidaypark.com.au/ ) , in Victoria's south-west, bore the brunt of the weather event. There were only a handful of people staying at the caravan park, with minimal injuries reported. Damage was reported from Camperdown to Lake Purrumbete.",Storm,2019,3260,"$250,000 ","$300,000 ",,7,3,3,,,,,,
Undeclared,Bunker Hill Bushfire,29-Mar-19,30-Mar-19,FY18,,Bunker Hill,A grassfire destroyed 3 homes west of Ballarat near Bunker Hill,Bushfire,2019,3352,"$750,000 ","$1,000,000 ",,3,3,5,,,,,,
Undeclared,Cyclone Veronica,20-Mar-19,26-Mar-19,FY18,,Port Headland,"Impacting the north west cape of WA this cyclone made landfall as a Category 4, little damage was reported.",Cyclone,2019,, $-   ,,,,,,,,,,,
Undeclared,Cyclone TREVOR,19-Mar-19,26-Mar-19,FY18,,Groote Eylant,Cyclone Trevor impacted the cape of York before intensifying in the gulf and impacting remote communities in the NT. No significant insurance losses were recorded. No catastrophe event was declared.,Cyclone,2019,, $-   ,,,,,,,,,,,
CAT192,Bunyip Bushfires,3-Mar-19,12-Mar-19,FY18,,Bunyip State Forrest,Victorian authorities confirmed 29 houses and 67 structures were destroyed in a bushfire that was sparked by lightning strikes in the Bunyip State Park in eastern Victoria.,Bushfire,2019,"3139, 3678, 3712, 3713, 3722, 3723, 3737, 3779, 3781, 3782, 3783, 3797, 3799, 3810, 3812, 3813, 3814, 3815, 3816, 3818, 3820, 3821, 3822, 3823, 3824, 3825, 3831, 3832, 3833, 3856, 3857, 3858, 3859, 3860, 3862, 3869","$35,429,104 ","$54,000,000 ",519,142,147,32, -   ,90,39,38,30,1
CAT191,FNQ Monsoonal Flood,24-Jan-19,11-Feb-19,FY18,FNQ,Townsville,"Over the last week of January 2019 and the first week of February, torrential rainfalls over far North Queensland caused widespread flooding. The Insurance Council of Australia declared a catastrophe event on February 2 and commenced coordinating industry activity to assist in the recovery. The insurance industry’s declaration covers damage that occurred between 24/1/19 and 10/2/19 in 79 postcodes. Updated value $1.267bn, 30,674 claims. 81% building claims closed, 87% contents claims closed, 97% motor claims closed.",Flood,2019,"4740, 4742, 4743, 4744, 4745, 4746, 4750, 4751, 4753, 4754, 4756, 4757, 4798, 4799, 4800, 4801, 4802, 4803, 4804, 4805, 4806, 4807, 4808, 4809, 4810, 4811, 4812, 4814, 4815, 4816, 4817, 4818, 4819, 4820, 4821, 4822, 4823, 4824, 4825, 4828, 4829, 4830, 4849, 4850, 4852, 4854, 4855, 4856, 4858, 4859, 4860, 4861, 4865, 4868, 4869, 4870, 4871, 4872, 4873, 4874, 4875, 4876, 4877, 4878, 4879, 4880, 4881, 4882, 4883, 4884, 4885, 4886, 4887, 4888, 4890, 4891, 4892, 4895, 4741","$1,267,963,959 ","$1,563,500,000 ","30,674","13,233","9,358","4,575",53,"2,336",487,559,73, -   
CAT185,NSW Hailstorm,20-Dec-18,20-Dec-18,FY18,,"Sydney Metropolitan, Central Coast, Northern Tablelands",A significant hail event on 20/12/18 impacting multiple metro and rural regions across  NSW.,Hail,2018,"2000, 2006, 2007, 2008, 2009, 2010, 2011, 2015, 2016, 2017, 2018, 2019, 2020, 2021, 2022, 2023, 2024, 2025, 2026, 2027, 2028, 2029, 2030, 2031, 2032, 2033, 2034, 2035, 2036, 2037, 2038, 2039, 2040, 2041, 2042, 2043, 2044, 2045, 2046, 2047, 2048, 2049, 2050, 2052, 2060, 2061, 2062, 2063, 2064, 2065, 2066, 2067, 2068, 2069, 2070, 2071, 2072, 2073, 2074, 2075, 2076, 2077, 2079, 2080, 2081, 2082, 2083, 2084, 2085, 2086, 2087, 2088, 2089, 2090, 2091, 2092, 2093, 2094, 2095, 2096, 2097, 2099, 2100, 2101, 2102, 2103, 2104, 2105, 2106, 2107, 2108, 2109, 2110, 2111, 2112, 2113, 2114, 2115, 2116, 2117, 2118, 2119, 2120, 2121, 2122, 2125, 2126, 2127, 2128, 2130, 2131, 2132, 2133, 2134, 2135, 2136, 2137, 2138, 2139, 2140, 2141, 2142, 2143, 2144, 2145, 2146, 2147, 2148, 2150, 2151, 2152, 2153, 2154, 2155, 2156, 2157, 2158, 2159, 2160, 2161, 2162, 2163, 2164, 2165, 2166, 2167, 2168, 2170, 2171, 2172, 2173, 2174, 2175, 2176, 2177, 2178, 2179, 2190, 2191, 2192, 2193, 2194, 2195, 2196, 2197, 2198, 2199, 2200, 2203, 2204, 2205, 2206, 2207, 2208, 2209, 2210, 2211, 2212, 2213, 2214, 2216, 2217, 2218, 2219, 2220, 2221, 2222, 2223, 2224, 2225, 2226, 2227, 2228, 2229, 2230, 2231, 2232, 2233, 2234, 2250, 2251, 2256, 2257, 2258, 2259, 2260, 2261, 2262, 2263, 2264, 2265, 2267, 2278, 2280, 2281, 2282, 2283, 2284, 2285, 2286, 2287, 2289, 2290, 2291, 2292, 2293, 2294, 2296, 2297, 2298, 2299, 2300, 2302, 2303, 2304, 2305, 2306, 2307, 2308, 2312, 2314, 2315, 2316, 2317, 2318, 2319, 2320, 2321, 2322, 2323, 2324, 2325, 2326, 2327, 2328, 2329, 2330, 2331, 2333, 2334, 2335, 2336, 2337, 2338, 2339, 2340, 2341, 2342, 2343, 2344, 2345, 2346, 2347, 2350, 2351, 2352, 2353, 2354, 2355, 2356, 2357, 2358, 2359, 2360, 2361, 2365, 2369, 2370, 2371, 2372, 2379, 2380, 2381, 2382, 2386, 2387, 2388, 2390, 2395, 2396, 2397, 2398, 2399, 2400, 2401, 2402, 2403, 2404, 2405, 2406, 2408, 2409, 2410, 2411, 2415, 2420, 2421, 2422, 2423, 2424, 2425, 2426, 2427, 2428, 2429, 2430, 2431, 2439, 2440, 2441, 2443, 2444, 2445, 2446, 2447, 2448, 2449, 2450, 2452, 2453, 2454, 2455, 2456, 2460, 2462, 2463, 2464, 2465, 2466, 2469, 2470, 2471, 2472, 2473, 2474, 2475, 2476, 2477, 2478, 2479, 2480, 2481, 2482, 2483, 2484, 2485, 2486, 2487, 2488, 2489, 2490, 2500, 2502, 2505, 2506, 2508, 2515, 2516, 2517, 2518, 2519, 2522, 2525, 2526, 2527, 2528, 2529, 2530, 2533, 2534, 2535, 2536, 2537, 2538, 2539, 2540, 2541, 2545, 2546, 2548, 2549, 2550, 2551, 2555, 2556, 2557, 2558, 2559, 2560, 2563, 2564, 2565, 2566, 2567, 2568, 2569, 2570, 2571, 2572, 2573, 2574, 2575, 2576, 2577, 2578, 2579, 2580, 2581, 2582, 2583, 2584, 2618, 2619, 2620, 2621, 2622, 2623, 2625, 2626, 2627, 2628, 2629, 2630, 2631, 2632, 2633, 2642, 2665, 2666, 2668, 2669, 2671, 2672, 2721, 2725, 2745, 2747, 2748, 2749, 2750, 2752, 2753, 2754, 2755, 2756, 2757, 2758, 2759, 2760, 2761, 2762, 2763, 2765, 2766, 2767, 2768, 2769, 2770, 2773, 2774, 2775, 2776, 2777, 2778, 2779, 2780, 2782, 2783, 2784, 2785, 2786, 2787, 2790, 2791, 2792, 2793, 2794, 2795, 2797, 2798, 2799, 2800, 2804, 2805, 2806, 2807, 2809, 2810, 2820, 2821, 2823, 2824, 2825, 2827, 2828, 2829, 2830, 2842, 2843, 2844, 2845, 2846, 2847, 2848, 2849, 2850, 2852, 2864, 2865, 2866, 2867, 2868, 2869, 2870, 2871, 2873, 2874, 2875, 2876, 2295, 2311","$1,357,939,813 ","$1,743,900,000 ","143,084","32,652","6,727","90,897",66,"2,629","9,375",662,76, -   
CAT181,North Queensland Floods,3-Dec-18,3-Dec-18,FY18,FNQ,,"Consistent heavy rainfalls across much of Northern and Central Queensland led to significant flooding across multiple regions.  The main focus is Ingham, Cordelia and Innisfail. A relatively low number of properties experienced overfloor flooding. Approximately 525 claims have been lodged throughout the region.",Flood,2018,"4850, 4860, 4870","$16,800,000 ","$20,500,000 ",525,,,,,,,,,
Undeclared,Gympie Region Hailstorm,11-Oct-18,12-Oct-18,FY18,SEQ,"Gympie, Woolooga, Imbil, Kandanga Creek, Curra, Amamoor, Gunalda, Widgee, Goomboorian, Kybong, Dagun, Mothar Mountain, Wolvi, Pie Creek, Brooloo, Amamoor Creek, Wallu, Monkland, Traveston, Jones Hill, Tuchekoi, Tamaree, Theebine, Cedar Pocket, Lower Wonga, North Deep Creek, Mooloo, Kanigan, Munna Creek, Victory Heights, Bells Bridge, Toolara Forest, Glanmire, East Deep Creek, Anderleigh, Scotchy Pocket, Lagoon Pocket, Bollier, Langshaw, Coondoo, Neerdie, Bella Creek, Greens Creek, Melawondi, McIntosh Creek, Canina, Fishermans Pocket, Nahrunda, Beenaam Valley, Cooloola Cove, Tin Can Bay, Kingaroy, Bundaberg","Reported as tornado driven hail impacting the South Burnett region on October 12th, 2018. This event was initially not declared an insurance catastrophe, however two months after the event claims lodgements have steadily increased in a non-traditional trajectory. Claims volume for this undeclared event (based on scaled market reporting from 80% of the market) is 14,250 claims (55% property, 45% motor) for an approximate value of $63.2 million.",Hail,2018,"4570, 4580, 4610, 4650, 4670, 4671","$63,215,338 ","$77,500,000 ",,,,,,,,,,
CAT184,Hobart Floods,11-May-18,11-May-18,FY17,,Hobart,"On the morning of 11 May 2018, heavy rainfall brought significant water inundation and flooding to the Hobart region.  Parts of the region experienced in excess of 130mm of rainfall in 24 hours.  The suburbs worst affected were Kingston, Sandy Bay, and Blackmans Bay.  While much of the inundation was from storm water runoff, the Hobart Rivulet is understood to have breached in two locations, potentially causing flooding to low lying commercial addresses. The ICA and a number of key insurers ran community forums for impacted residents on 13,14 June in the region, attended by approximately 100 claimants. Estimated total insured loss value @ 12 October 2018, $99,588,880 (67% domestic, 33% commercial)Lodged Claims @ 12 October 2018, 8,898 (90% domestic, 10% commercial)",Flood,2018,"7000, 7004, 7005, 7007, 7008, 7009, 7010, 7011, 7012, 7015, 7016, 7017, 7018, 7019, 7020, 7021, 7022, 7023, 7024, 7025, 7026, 7027, 7030, 7050, 7052, 7053, 7054, 7055, 7109, 7112, 7113, 7116, 7117, 7120, 7140, 7150, 7155, 7162, 7163, 7170, 7171, 7172, 7173, 7176, 7177, 7178, 7179, 7180, 7182, 7183, 7184, 7186, 7190","$99,588,880 ","$147,800,000 ","8,897","4,878","2,902",227,40,729,31,86,4, -   
CAT182,Tathra Bushfires,17-Mar-18,19-Mar-18,FY17,,Tathra,"Bushfires in NSW and VIC caused approx 125 structure losses (NSW 100, VIC 27). Damage to residential properties was focussed in the NSW town of Tathra. The industry was quick to deploy teams, who engaged directly with victims at an insurance hub established near the government recovery centre. Approximately 90% of claims for this event are closed, 18% faster than in similar historical events. Underinsurance has been an issue for properties that were a total physical loss, resulting in a higher rate of cash settlement (insufficient funds to rebuild). A NSW government scheme to support the removal of debris from properties was not adopted by the majority of industry as in other states. Insurers elected to organise cleanup operations with their own resources.Estimated Value $82,489,235Lodged Claims 1,03921% of claims are from Victoria, the remainder are from New South Wales.23% of the loss value is from Victoria, the remainder from New South Wales",Bushfire,2018,"2550, 3237, 3249, 3260, 3264, 3265, 3266, 3267, 3268, 3269, 3270, 3272, 3274, 3276, 3277, 3281, 3282, 3283, 3285, 3286, 3287, 3289, 3301, 3325","$82,489,235 ","$111,100,000 ","1,032",364,320,49,18,220,24,26,11, -   
CAT183,Cyclone Marcus,14-Mar-18,27-Mar-18,FY17,,,"On Saturday, 17 March, Tropical Cyclone Marcus made landfall over the NT North coast.  That afternoon, the system impacted Darwin as a category 2 system.  There were numerous reports of fallen trees causing damage to buildings and vehicles.   Lodged Claims 6,218 as at May 2018, comprising:  3,944 Residential Building Claims 1,205 Contents Claims 284 Domestic Motor Claims 9 Domestic Other 687 Commercial Property Claims 33 Commercial Motor Claims 55 Business Interruption Claims 1 Commercial Other",Cyclone,2018,"800, 810, 812, 820, 822, 828, 829, 830, 832, 835, 836, 837, 838, 840, 841, 845, 846, 847, 850, 852, 853, 880, 885, 886, 6725, 6728, 6740, 6743, 6765, 6770","$61,919,384 ","$78,400,000 ",,,,,,,,,,
Undeclared,Cyclone Kelvin,18-Feb-18,19-Feb-18,FY17,,,"On Sunday, 18 January, Tropical Cyclone Kelvin made landfall at Anna Plains in the West Kimberley as a category 2 system, with wind gusts of up to 150km/h.  Unusually, due to the amount of ground moisture in the region, TC Kelvin continued to intensify over the following 10 hours as it moved inland, with wind gusts up to 155km/h.  While there were reports of damaged roofs and destroyed sheds, insurance losses are expected to be minimal given the region is sparsely populated.  Heavy rainfall as a result of TC Kelvin has caused further flooding to the region causing damage to road and rail infrastructure.  The system was downgraded to a category 1, before becoming a tropical low on 19 January as it continued in a SSE direction towards South-Eastern WA.",Cyclone,2018,,,,,,,,,,,,,
Undeclared,Cyclone Joyce,11-Jan-18,11-Jan-18,FY17,,,"On 12 January, Tropical Cyclone Joyce made landfall over Eighty Mile Beach (to the West of Wallal Downs) as a Category 1 system, after failing to intensify as had been predicted. As a result, only very limited property damage was experienced. The system then weakened to a tropical low as it travelled South over the Pilbara, bringing heavy rainfalls and some water inundation.  Extra-cyclone Joyce continued South impacting farming areas around Cunderdin and causing limited property damage, before impacting Perth with heavy rainfalls which resulted in some water inundation.",Cyclone,2018,,,,,,,,,,,,,
Undeclared,Sherwood Fire,6-Jan-18,9-Jan-18,FY17,,,"On Saturday 6th January 2018 a fire broke out in the Sherwood district of the upper south east in catastrophic conditions. The cause has been confirmed as a faulty electric fence. 12,100 hectares of scrub, farmland and stockfeed were destroyed before the fire was contained. There are 41 affected properties (19 owners). There were no human casualties. Five homes were destroyed, two of which were occupied. The initial damage assessment is listed below:         Six vehicles destroyed        Four farm sheds destroyed and two damaged       Two shearing sheds, three haysheds, two sheep/cattle yards        101 hectares of crops        4000 olive trees?        Fencing loss reported by five owners?        An unknown number of farming implements destroyed?        Estimated livestock losses 2,600 (mostly sheep). Conservative estimated value of lost stock is $567,760?        A power line came down on Emu Flat Road affecting power to approximately 30 homes  ?        Telstra cable infrastructure was damaged?        National Parks or Reserves were not affected by the fire, however two properties with Heritage Agreements were impacted.",Bushfire,2018,,,,,,,,,,,,,
Undeclared,Tropical Cyclone Hilda,28-Dec-17,28-Dec-17,FY17,,,"Tropical Cyclone Hilda made landfall near Broome, WA, around 5am on 28 December as a Category 1 system.  TC Hilda brought windspeeds of up to 130km/h and rainfall in excess 150mm to the region, which resulted in minor property damage, uprooted trees and downed powerlines. The system had dissipated to a tropical low by afternoon as it tracked South into the Great Sandy Desert region.",Cyclone,2017,,,, -   ,,,,,,,,,
Undeclared,Boxing Day storms,26-Dec-17,26-Dec-17,FY17,SEQ,,"On 26 December 2017, a severe storm cell impacted QLD's Darling Downs and South Burnett region. Around 100 homes were damaged with roofs ripped off and rural properties damaged. More than 4000 homes lost power for over 12 hours.",Storm,2017,,,,,,,,,,,,,
CAT174,Victorian Severe Weather 19 December,19-Dec-17,19-Dec-17,FY17,,,"On 19 December 2017, severe thunderstorms brought large hailstones and heavy rain to parts of Victoria causing localised water inundation, vehicle damage and instances of property damage.  In particular, East and South-East suburbs of Melbourne were the worst impacted.  Power outages affected approximately 110,000 homes, mostly in the North and North-East of Victoria including Bendigo, Shepparton, Mildura, Kilmore and Benalla.  In excess of 60,000 claims were lodged for damage relating to storms, including 15,269 Homes, 1,415 Commercial Buildings, 30,744 domestic vehicles and 4,714 commercial vehicles.",Storm,2017,"3016, 3018, 3019, 3022, 3024, 3030, 3032, 3039, 3042, 3044, 3055, 3063, 3071, 3078, 3085, 3088, 3090, 3095, 3097, 3103, 3105, 3114, 3122, 3124, 3125, 3133, 3135, 3136, 3143, 3145, 3154, 3156, 3161, 3168, 3170, 3177, 3180, 3183, 3185, 3187, 3189, 3192, 3193, 3201, 3211, 3213, 3221, 3223, 3226, 3231, 3232, 3238, 3241, 3242, 3254, 3264, 3266, 3274, 3276, 3279, 3286, 3294, 3301, 3311, 3318, 3322, 3328, 3336, 3338, 3341, 3351, 3357, 3361, 3363, 3373, 3375, 3380, 3391, 3393, 3401, 3412, 3414, 3431, 3432, 3434, 3441, 3450, 3463, 3465, 3469, 3472, 3483, 3501, 3506, 3512, 3517, 3533, 3540, 3559, 3565, 3567, 3573, 3576, 3583, 3584, 3591, 3623, 3633, 3635, 3641, 3658, 3662, 3666, 3669, 3673, 3685, 3687, 3699, 3712, 3719, 3735, 3737, 3738, 3740, 3747, 3751, 3753, 3761, 3763, 3778, 3788, 3792, 3803, 3813, 3818, 3824, 3831, 3847, 3852, 3854, 3859, 3871, 3888, 3891, 3896, 3898, 3902, 3903, 3910, 3912, 3919, 3920, 3926, 3929, 3931, 3936, 3938, 3941, 3943, 3953, 3958, 3965, 3971, 3976, 3978, 3000, 3003, 3011, 3012, 3025, 3026, 3027, 3028, 3046, 3047, 3048, 3049, 3053, 3056, 3058, 3059, 3060, 3065, 3073, 3074, 3075, 3076, 3081, 3099, 3107, 3109, 3115, 3116, 3129, 3130, 3131, 3146, 3147, 3149, 3158, 3163, 3165, 3166, 3172, 3173, 3174, 3175, 3190, 3195, 3196, 3215, 3216, 3217, 3220, 3234, 3250, 3251, 3268, 3269, 3270, 3272, 3289, 3292, 3314, 3315, 3321, 3332, 3333, 3334, 3335, 3340, 3355, 3356, 3377, 3379, 3384, 3385, 3387, 3395, 3396, 3407, 3418, 3419, 3423, 3428, 3437, 3438, 3446, 3447, 3448, 3451, 3467, 3468, 3475, 3477, 3485, 3487, 3488, 3491, 3529, 3537, 3542, 3550, 3561, 3562, 3563, 3564, 3571, 3572, 3588, 3589, 3594, 3595, 3596, 3597, 3607, 3608, 3610, 3630, 3631, 3644, 3646, 3663, 3664, 3670, 3688, 3690, 3695, 3697, 3701, 3705, 3708, 3714, 3715, 3717, 3720, 3722, 3730, 3732, 3749, 3750, 3765, 3766, 3767, 3779, 3781, 3783, 3786, 3796, 3797, 3799, 3814, 3815, 3816, 3835, 3840, 3842, 3850, 3860, 3869, 3873, 3874, 3875, 3878, 3893, 3895, 3909, 3915, 3916, 3922, 3923, 3945, 3946, 3950, 3951, 3967, 3979, 3981, 3987, 3992, 3996, 3002, 3004, 3008, 3013, 3015, 3021, 3023, 3031, 3033, 3038, 3043, 3045, 3052, 3054, 3057, 3061, 3062, 3064, 3070, 3072, 3079, 3082, 3087, 3089, 3104, 3106, 3108, 3111, 3123, 3134, 3142, 3148, 3159, 3160, 3162, 3167, 3169, 3171, 3178, 3186, 3191, 3194, 3200, 3202, 3207, 3212, 3218, 3219, 3224, 3230, 3233, 3235, 3240, 3249, 3265, 3267, 3271, 3273, 3280, 3285, 3287, 3293, 3300, 3309, 3312, 3317, 3319, 3329, 3337, 3342, 3352, 3358, 3360, 3378, 3381, 3388, 3392, 3409, 3415, 3424, 3427, 3429, 3433, 3435, 3442, 3444, 3453, 3458, 3464, 3478, 3482, 3489, 3490, 3500, 3507, 3509, 3515, 3525, 3527, 3544, 3546, 3551, 3566, 3568, 3575, 3585, 3590, 3599, 3612, 3614, 3622, 3624, 3629, 3634, 3640, 3647, 3659, 3660, 3691, 3698, 3700, 3704, 3707, 3709, 3713, 3718, 3723, 3728, 3733, 3741, 3744, 3752, 3754, 3759, 3762, 3764, 3770, 3775, 3777, 3782, 3785, 3787, 3793, 3795, 3802, 3804, 3809, 3810, 3812, 3825, 3844, 3851, 3864, 3865, 3870, 3880, 3882, 3889, 3890, 3892, 3904, 3911, 3913, 3918, 3921, 3927, 3930, 3939, 3940, 3942, 3944, 3954, 3959, 3962, 3964, 3966, 3975, 3984, 3988, 3995, 3006, 3020, 3029, 3034, 3036, 3037, 3040, 3041, 3051, 3066, 3067, 3068, 3083, 3084, 3091, 3093, 3094, 3096, 3101, 3102, 3113, 3121, 3126, 3127, 3128, 3132, 3137, 3138, 3139, 3140, 3141, 3144, 3150, 3151, 3152, 3153, 3155, 3179, 3181, 3182, 3184, 3188, 3197, 3198, 3199, 3204, 3205, 3206, 3214, 3222, 3225, 3227, 3228, 3236, 3237, 3239, 3243, 3260, 3275, 3277, 3278, 3281, 3282, 3283, 3284, 3302, 3303, 3304, 3305, 3310, 3323, 3324, 3325, 3330, 3331, 3345, 3350, 3364, 3370, 3371, 3374, 3390, 3400, 3413, 3420, 3430, 3440, 3460, 3461, 3462, 3480, 3494, 3496, 3498, 3505, 3516, 3518, 3520, 3521, 3522, 3523, 3530, 3531, 3549, 3555, 3556, 3557, 3558, 3570, 3579, 3580, 3581, 3586, 3616, 3617, 3618, 3620, 3621, 3636, 3637, 3638, 3639, 3649, 3665, 3672, 3675, 3677, 3678, 3682, 3683, 3711, 3725, 3726, 3727, 3739, 3746, 3755, 3756, 3757, 3758, 3760, 3789, 3791, 3805, 3806, 3807, 3808, 3820, 3821, 3822, 3823, 3832, 3833, 3856, 3857, 3858, 3862, 3885, 3886, 3887, 3900, 3925, 3928, 3933, 3934, 3937, 3956, 3957, 3960, 3977, 3980, 3990, 3991","$378,000,000 ","$574,300,000 ","56,786","18,186",,"38,600",,,,,,
Undeclared,Victorian Storms,1-Dec-17,3-Dec-17,FY17,,,"On 1-3 December, severe thunderstorms brought heavy rainfall to much of victoria and Southern NSW.  BOM and SES issued major storm and flood alerts, however instances of inundation were far less than expected.",Storm,2017,,,,,,,,,,,,,
Undeclared,Kalgoorlie Storms,18-Nov-17,18-Nov-17,FY17,,,"On 18 November, severe thunderstorms and strong winds in excess of 100km/h.  The storm uprooted trees, lifted roofs and caused extensive property damage in Kalgoorlie, Boulder and Kambalda. Significant power outages were also experienced.",Storm,2017,,,,,,,,,,,,,
Undeclared,Bundaberg Storms,7-Nov-17,7-Nov-17,FY17,FNQ,,"On 7 November, severe thunderstorms brought wild winds, heavy rain and 2cm hail stones, with the Wide Bay region/Bundaberg being the hardest hit. In excess of 1,100 claims were lodged.",Storm,2017,,"$10,000,000 ","$12,900,000 ", -   ,,,,,,,,,
Undeclared,East Coast Low,6-Nov-17,6-Nov-17,FY17,,,"On 6 November, a low pressure system caused strong winds and storms along the NSW East Coast.  In particular, Kurri Kurri and Toukley were impacted by super cells which caused structural damage to buildings.  As at 1230h on 7 November, NSW SES had received 754 Requests For Assistance.",Storm,2017,,"$10,000,000 ","$14,000,000 ", -   ,,,,,,,,,
Undeclared,Bundaberg Storms,2-Oct-17,2-Oct-17,FY17,FNQ,,"On 02 October severe storms impacted SEQ. Record rainfalls (for October) fell in the wide-bay burnett region. Several residents reported tornado activity. Damage reported included several roof's caravans, vehicles and atypical water ingress damage. This event was not declared a catastrophe. The insured loss estimate is a model based on the input of greater than 50% of market.",Storm,2017,,"$7,000,000 ","$9,000,000 ",,,,,,,,,,
CAT173,Cyclone Debbie,28-Mar-17,10-Apr-17,FY16,FNQ,,"Cyclone Debbie struck the QLD coast in the vicinty of Bowen on Tuesday 28th march 2017, at midday. Damage assessment is underway.",Cyclone,2017,"2370, 2371, 2372, 2460, 2463, 2464, 2465, 2466, 2469, 2470, 2471, 2472, 2473, 2474, 2475, 2476, 2477, 2478, 2479, 2480, 2481, 2482, 2483, 2484, 2485, 2486, 2487, 2488, 2489, 2490, 4000, 4005, 4006, 4007, 4008, 4009, 4010, 4011, 4012, 4013, 4014, 4017, 4018, 4019, 4020, 4021, 4022, 4025, 4030, 4031, 4032, 4034, 4035, 4036, 4037, 4051, 4053, 4054, 4055, 4059, 4060, 4061, 4064, 4065, 4066, 4067, 4068, 4069, 4070, 4072, 4073, 4074, 4075, 4076, 4077, 4078, 4101, 4102, 4103, 4104, 4105, 4106, 4107, 4108, 4109, 4110, 4111, 4112, 4113, 4114, 4115, 4116, 4117, 4118, 4119, 4120, 4121, 4122, 4123, 4124, 4125, 4127, 4128, 4129, 4130, 4131, 4132, 4133, 4151, 4152, 4153, 4154, 4155, 4156, 4157, 4158, 4159, 4160, 4161, 4163, 4164, 4165, 4169, 4170, 4171, 4172, 4173, 4174, 4178, 4179, 4183, 4184, 4205, 4207, 4208, 4209, 4210, 4211, 4212, 4213, 4214, 4215, 4216, 4217, 4218, 4219, 4220, 4221, 4223, 4224, 4225, 4226, 4227, 4228, 4229, 4230, 4270, 4271, 4272, 4275, 4280, 4285, 4287, 4300, 4301, 4303, 4304, 4305, 4306, 4307, 4309, 4310, 4311, 4312, 4313, 4340, 4341, 4342, 4343, 4344, 4345, 4346, 4347, 4350, 4352, 4353, 4354, 4355, 4358, 4359, 4360, 4361, 4362, 4370, 4371, 4372, 4373, 4374, 4375, 4376, 4377, 4378, 4380, 4381, 4382, 4383, 4400, 4402, 4500, 4501, 4502, 4503, 4504, 4505, 4506, 4507, 4508, 4509, 4510, 4511, 4512, 4514, 4515, 4516, 4517, 4518, 4519, 4520, 4521, 4550, 4551, 4552, 4553, 4554, 4555, 4556, 4557, 4558, 4559, 4560, 4561, 4562, 4563, 4564, 4565, 4566, 4567, 4568, 4569, 4570, 4571, 4572, 4573, 4574, 4575, 4580, 4581, 4600, 4601, 4614, 4615, 4620, 4621, 4630, 4650, 4655, 4659, 4660, 4662, 4670, 4671, 4673, 4674, 4676, 4677, 4678, 4680, 4694, 4695, 4699, 4700, 4701, 4702, 4703, 4705, 4707, 4710, 4711, 4714, 4721, 4737, 4738, 4739, 4740, 4741, 4742, 4743, 4744, 4750, 4751, 4753, 4754, 4756, 4757, 4798, 4799, 4800, 4801, 4802, 4803, 4804, 4805, 4806, 4807, 4808, 4809, 4810, 4811, 4812, 4813, 4814, 4815, 4816, 4817, 4818, 4819, 4820, 4850","$1,774,598,765 ","$2,348,300,000 ","76,841","38,581","22,925","5,214",610,"6,998",843,"1,298",168,204
Undeclared,Northern Rivers Storm,15-Mar-17,31-Mar-17,FY16,,,"NSW's Northern Rivers region was impacted by severe storm cells with extensive damage and flooding in Maclean, 90 minutes north of Coffs Harbour.",Flood,2017,,,,,,,,,,,,,
CAT172,Sydney Hailstorms,18-Feb-17,18-Feb-17,FY16,,,"On Saturday, 18 February, a large storm impacted Sydney and parts of the Illawarra region.  Significant number of claims for hail damage to vehicles and roofs, including incidental claims for contents damage.  As at 28 Feb, approximately 48,000 claims have been lodged with insurers, with an estimated 38% of those claims being for motor vehicles. Claims are still being lodged and the estimated loss value is still growing.  Lodged claims as at 2nd March 2017, 50,192?, comprising:  13,599 Residential Building Claims 5,262 Contents Claims 27,274 Domestic Motor Claims 1,144 Domestic Other 785 Commercial Property Claims 1,969 Commercial Motor Claims 22 Business Interruption Claims 137 Commercial Other ",Hail,2017,,"$328,000,000 ","$501,100,000 ","50,000",,,,,,,,,
CAT171,NSW Bushfires,12-Feb-17,18-Feb-17,FY16,,,"Over the period 12 Feburary to 18 February up to 100 bushfire occured throughout NSW. The most devestatiing bushfire occured to the East of Dunedoo, destroying an estimated 26 homes and causing significant equipment, fencing and livestock losses to rural properties.  A further 11 homes were destroyed and 12 damaged in a fast moving fire near Carwoola on 17 February.  Approximately 7 other homes were destroyed in other bushfires across NSW during the period.",Bushfire,2017,"2329, 2620, 2621, 2843, 2844, 2850","$33,500,000 ","$52,300,000 ", -   ,,,,,,,,,
Undeclared,Melbourne Thunderstorm Asthma Event,21-Nov-16,21-Nov-16,FY16,,Melbourne,"At 2pm on 21 November, the Bureau of Meteorology issued a severe thunderstorm warning for Victoria's Mallee, South West and Wimmera regions, and parts of Northern Country districts, for damaging winds, heavy rainfall and large hailstones. At 4.00pm, the warning was extended to other areas including Geelong and Melbourne.The temperature had climbed to 35 degrees Celsius – the state's hottest day since March. A Total Fire Ban was declared for the Mallee region.At 5.00pm, the gust front reached Geelong and moved quickly over Melbourne's metropolitan area, as many commuters were travelling home. The pollen count was high due to the combination of hot, dry northerly winds and rye grass to Melbourne's north and west. The moisture from the storm is thought to have caused the pollen to break into smaller particles, more able to penetrate a person's lower airways and cause an asthmatic reaction. The Victorian Department of Health and Human Services attributed nine deaths to this thunderstorm asthma event and over 8,000 hospital visits.There was no significant property damage or general insurance claims for this event. An insurance catastrophe was not declared.",Storm,2016,, $-   ,,,,,,,,,,,
CAT165,November Hailstorm,11-Nov-16,11-Nov-16,FY16,,,"On 11 November, a severe storm/hailstorm struck Victoria’s far North West, as well as parts of Eastern South Australia and Western New South Wales. The storm which brought hail the size of golf balls, strong winds with gusts of almost 100km/hour, and heavy rain (with Mildura receiving 29mm of rain in 15min) was likened to a mini tornado. Typical hail and storm damage has been reported to residential and commercial buildings, as well as a significant number of vehicles. Estimated Value @ 5 January 2017, $272,141,664 million ( 71% Domestic, 29% Commercial) Lodged Claims @ 5 January 2017, 31,790 (86% Domestic, 14% Commercial)  ",Hail,2016,"2648, 2715, 2717, 2737, 2738, 2739, 2836, 2879, 2880, 3490, 3494, 3496, 3498, 3500, 3501, 3505, 3549, 5000, 5005, 5006, 5007, 5008, 5009, 5010, 5011, 5012, 5013, 5022, 5023, 5024, 5025, 5031, 5032, 5033, 5034, 5035, 5037, 5038, 5039, 5040, 5041, 5042, 5043, 5044, 5045, 5046, 5047, 5048, 5049, 5050, 5051, 5052, 5061, 5062, 5063, 5064, 5065, 5066, 5067, 5068, 5069, 5070, 5072, 5073, 5074, 5075, 5076, 5081, 5082, 5083, 5084, 5085, 5086, 5087, 5088, 5089, 5090, 5091, 5092, 5093, 5094, 5095, 5096, 5097, 5098, 5106, 5107, 5108, 5109, 5125, 5126, 5127, 5131, 5132, 5133, 5134, 5136, 5137, 5138, 5139, 5140, 5141, 5142, 5144, 5151, 5152, 5153, 5154, 5155, 5156, 5157, 5231, 5232, 5233, 5234, 5235, 5236, 5237, 5238, 5240, 5241, 5242, 5243, 5244, 5245, 5250, 5251, 5252, 5253, 5254, 5307, 5308, 5309, 5311, 5320, 5321, 5322, 5330, 5331, 5332, 5333, 5340, 5341, 5342, 5343, 5344, 5345, 5346, 5351, 5352, 5353, 5354, 5356, 5357, 5950","$597,000,000 ","$846,900,000 ",,,,,,,,,,
Undeclared,NSW Bushfires,6-Nov-16,8-Nov-16,FY16,,,"On 6,7,8 November upto 21 bushfires were active along the NSW coast. Very limited property damage was reported. The event was not declared a catastrophe for insurance purposes. The insured loss estimate is based upon market reporting from approximately 50% of insurers within the footprint, modelled to estimate the industry loss estimate.",Bushfire,2016,,"$1,000,000 ","$1,600,000 ",,,,,,,,,,
Undeclared,Victoria Windstorm,8-Oct-16,9-Oct-16,FY16,,,"A significant windstorm occured statewide in Victoria, resulting in approximately 5,000 claims for atypical storm damage, including trees down, roof and vehicle damage. The event was not declared a catastrophe for insurance purposes. The insured loss estimate is based upon market reporting from approximately 50% of insurers within the claims footprint, modelled to estimate the industry loss estimate.",Cyclone,2016,,"$7,500,000 ","$12,000,000 ",,,,,,,,,,
Undeclared,SA Severe Windstorm,28-Sep-16,28-Sep-16,FY16,,,"A severe windstorm accross southern SA impacted power supply for the entire state. Whilst some property damage occured it was reported to be isolated and limited in nature, approximately 250 domestic claims. Business interuption claimsfor loss of utilities (electricity) were expected to be limited as the power outage was less than 24hrs for most areas.  The event was not declared a catastrophe for insurance purposes. The insured loss estimate is based upon market reporting from approximately 50% of insurers within the claims footprint, modelled to estimate the industry loss estimate.",Storm,2016,,"$4,500,000 ","$5,700,000 ",,,,,,,,,,
Undeclared,South Australia / South West Victoria Floods,12-Sep-16,13-Sep-16,FY16,,,"Sustained heavy rainfall caused flooding in South Australia and Victoria.  Evacuation order was put in place in Hamilton with 45 homes and businesses at risk of indunation if temporary levee failed.  Levee is now holding, although a number of reports of inundation. 15th September has seen risk of flooding persist, with reports of up to 80 homes damaged or inundated in the Adelaide Hills, SA Govt has announced an 'extreme weather event'.  SA SES has assessed 135 properties in affected areas with 36 major damage and 54 having minor damage.  Early estimate of 2500 claims across SA and VIC. The event was not declared a catastrophe for insurance purposes. The insured loss estimate is based upon market reporting from approximately 50% of insurers within the claims footprint, modelled to estimate the industry loss estimate.",Flood,2016,,"$12,680,000 ","$18,900,000 ",,,,,,,,,,
Undeclared,Bowen Earthquake,18-Aug-16,18-Aug-16,FY16,FNQ,,"A 5.8 magnitude earthquake occured off the coast of Bowen QLD, followed by 22 aftershocks during the next 3 days. Very lite damage was reported to contents, no significant structual damage was reported. Precautionary shutdowns of airports and rail infrastructure were carried out. This event was not declared a catastrophe for insurance purposes. The insured loss estimate is based upon market reporting from approximately 50% of insurers within the claims footprint, modelled to estimate the industry loss estimate.",Earthquake,2016,,"$2,000,000 ","$2,900,000 ",,,,,,,,,,
Undeclared,Windstorm,16-Jul-16,16-Jul-16,FY16,,,"On 16,17 July a windstorm (3 second gust speeds exceeding 100kmh) occured across parts of South Australia and Victoria. Significant damage occured to a small number of residnetial properties in all states. This event was not declared a catastrophe for insurance purposes. The insured loss estimate is based upon market reporting from approximately 50% of insurers within the claims footprint, modelled to estimate the industry loss estimate.",Storm,2016,,"$12,000,000 ","$17,500,000 ",,,,,,,,,,
Undeclared,East Coast Low,18-Jun-16,20-Jun-16,FY15,,,"On 18,19,20 June an East Coast Low formed over NSW. This was the second ECL for NSW in the same month and it generated signifciant media expectations of further damage to property. Less than 500 SES tasks were recorded and no significant damage was reported. This event was not declared a Catastrophe for insurance purposes.The insured loss estimate is based on market reporting to ICA from great than 50% of insurers, modelled to estimate the industry loss estimate. ",Storm,2016,,"$8,000,000 ","$13,300,000 ",,,,,,,,,,
CAT164,Western NSW Flooding,6-Jun-16,11-Jun-16,FY15,,,"Widespread flooding occured throughout the Lachlan River catchment, impacting forbes and surround towns. Despite signifciant media attention, very few buildings were eventually inundated, with the flood in Forbes itself having behaved in a manner different to flood mapping. Widespread crop damage was reported. Less than 550 claims noted.",Flood,2016,"2594, 2652, 2665, 2666, 2668, 2669, 2671, 2672, 2701, 2721, 2806, 2810, 2821, 2823, 2824, 2825, 2830, 2831, 2867, 2869, 2870, 2871, 2873, 2874, 2875, 2876, 2877","$8,700,000 ","$12,000,000 ","1,200",,,,,,,,,
CAT162,East Coast Low,3-Jun-16,7-Jun-16,FY15,SEQ,Picton,"On 3,4,5,6,7 June an intense east coast low formed in SEQ and moved south along the QLD and NSW, VIC coastlines, before then causing flooding throughout NW Tasmania. Significant low level damage was reported to private infrastructure, typical for storms, including trees down, overflowing gutters and localised flash flooding. Localised beach erosion also occured in parts of North Sydney. Considerable media attention was paid to commercial premises in both Picton (NSw) and parts of Tasmania, where a small number of commercial business owners had not purchased flood cover (1.2% of commercial policies). These claims were managed by insurers with assessments by hydrologists and where a claim was regrettably denied, through the dispute resolution process to the Ombudsman (dispute numbers pending). Estimated Value @ 18 August 2016, $421,696,229 (64% Domestic, 36% Commercial) Lodged Claims @ 18 August 2016, 46,363  ",Flood,2016,"2000, 2006, 2007, 2008, 2009, 2010, 2011, 2015, 2016, 2017, 2018, 2019, 2020, 2021, 2022, 2023, 2024, 2025, 2026, 2027, 2028, 2029, 2030, 2031, 2032, 2033, 2034, 2035, 2036, 2037, 2038, 2039, 2040, 2041, 2042, 2043, 2044, 2045, 2046, 2047, 2048, 2049, 2050, 2052, 2060, 2061, 2062, 2063, 2064, 2065, 2066, 2067, 2068, 2069, 2070, 2071, 2072, 2073, 2074, 2075, 2076, 2077, 2079, 2080, 2081, 2082, 2083, 2084, 2085, 2086, 2087, 2088, 2089, 2090, 2092, 2093, 2094, 2095, 2096, 2097, 2099, 2100, 2101, 2102, 2103, 2104, 2105, 2106, 2107, 2108, 2109, 2110, 2111, 2112, 2113, 2114, 2115, 2116, 2117, 2118, 2119, 2120, 2121, 2122, 2125, 2126, 2127, 2128, 2129, 2130, 2131, 2132, 2133, 2134, 2135, 2136, 2137, 2138, 2139, 2140, 2141, 2142, 2143, 2144, 2145, 2146, 2147, 2148, 2150, 2151, 2152, 2153, 2154, 2155, 2156, 2157, 2158, 2159, 2160, 2161, 2162, 2163, 2164, 2165, 2166, 2167, 2168, 2170, 2171, 2172, 2173, 2174, 2175, 2176, 2177, 2178, 2179, 2190, 2191, 2192, 2193, 2194, 2195, 2196, 2197, 2198, 2199, 2200, 2203, 2204, 2205, 2206, 2207, 2208, 2209, 2210, 2211, 2212, 2213, 2214, 2216, 2217, 2218, 2219, 2220, 2221, 2222, 2223, 2224, 2225, 2226, 2227, 2228, 2229, 2230, 2231, 2232, 2233, 2234, 2250, 2251, 2256, 2257, 2258, 2259, 2260, 2261, 2262, 2263, 2264, 2265, 2267, 2278, 2280, 2281, 2282, 2283, 2284, 2285, 2286, 2287, 2289, 2290, 2291, 2292, 2293, 2294, 2295, 2296, 2297, 2298, 2299, 2300, 2302, 2303, 2304, 2305, 2306, 2307, 2308, 2311, 2312, 2314, 2315, 2316, 2317, 2318, 2319, 2320, 2321, 2322, 2323, 2324, 2325, 2326, 2327, 2330, 2334, 2335, 2350, 2354, 2415, 2420, 2421, 2422, 2423, 2424, 2425, 2426, 2427, 2428, 2429, 2430, 2431, 2439, 2440, 2441, 2443, 2444, 2445, 2446, 2447, 2448, 2449, 2450, 2452, 2453, 2454, 2455, 2456, 2460, 2462, 2463, 2464, 2465, 2466, 2469, 2470, 2471, 2472, 2473, 2474, 2476, 2477, 2478, 2479, 2480, 2481, 2482, 2483, 2484, 2485, 2486, 2487, 2488, 2489, 2490, 2500, 2502, 2505, 2506, 2508, 2515, 2516, 2517, 2518, 2519, 2525, 2526, 2527, 2528, 2529, 2530, 2533, 2534, 2535, 2536, 2537, 2538, 2539, 2540, 2541, 2545, 2546, 2548, 2549, 2550, 2551, 2555, 2556, 2557, 2558, 2559, 2560, 2563, 2564, 2565, 2566, 2567, 2568, 2569, 2570, 2571, 2572, 2573, 2574, 2575, 2576, 2577, 2578, 2579, 2580, 2621, 2622, 2623, 2626, 2630, 2631, 2632, 2633, 2745, 2748, 2756, 2759, 2760, 2761, 2762, 2763, 2765, 2766, 2767, 2768, 2769, 2770, 2775, 3888, 3889, 3890, 3891, 3892, 4118, 4124, 4125, 4129, 4130, 4132, 4133, 4165, 4183, 4184, 4205, 4207, 4208, 4209, 4210, 4211, 4212, 4213, 4214, 4215, 4216, 4217, 4218, 4219, 4220, 4221, 4223, 4224, 4225, 4226, 4227, 4228, 4229, 4230, 4270, 4271, 4272, 4275, 4280, 4285, 4287, 4300, 4306, 4310, 7000, 7004, 7005, 7007, 7008, 7009, 7010, 7011, 7012, 7015, 7016, 7017, 7018, 7019, 7020, 7021, 7022, 7023, 7024, 7025, 7026, 7027, 7030, 7050, 7052, 7053, 7054, 7055, 7109, 7112, 7116, 7117, 7120, 7140, 7150, 7155, 7162, 7163, 7170, 7171, 7172, 7173, 7176, 7177, 7178, 7179, 7180, 7182, 7183, 7184, 7186, 7190, 7209, 7210, 7211, 7212, 7213, 7214, 7215, 7216, 7255, 7257, 7259, 7260, 7261, 7262, 7263, 7264, 7265","$421,696,229 ","$680,000,000 ","46,363",,,,,,,,,
Undeclared,Kalgoorlie Earthquake,26-Apr-16,26-Apr-16,FY15,,,"A 2.9 magnitude earthquake occurred approximately 4 km South West of Kalgoorlie, WA at 06:24am.  Depth was recorded as 0kms.  Reported felt, no reports of damage.",Earthquake,2016,,,,,,,,,,,,,
Undeclared,Central Victorian Severe Weather,20-Mar-16,20-Mar-16,FY15,,,"This event was not declared as a catastrophe for insurance purposes as the damage threshold was not reached. Intense rainfalls were recorded over areas of central and western Victoria, with one reported drowning. This insured loss estimate is based on market submissions to ICA from greater than 50% of market, modeled to estimate the industry loss estimate.",Storm,2016,,"$2,000,000 ","$3,400,000 ",,,,,,,,,,
Undeclared,Severe Weather New South Wales,20-Mar-16,20-Mar-16,FY15,,,"Severe storms impacted much of NSW with record breaking rainfalls in some locations. The SES responded to several thousand requests statewide and executed a number of flood rescues. The event was not declared as a catastrophe even for insurance purposes. This insured loss estimate is based on market submissions to ICA from greater than 50% of market, modeled to estimate the industry loss estimate.",Storm,2016,,"$5,000,000 ","$8,300,000 ",,,,,,,,,,
Undeclared,Western and Southern Sydney Severe Weather,20-Feb-16,20-Feb-16,FY15,,,"Late in the evening of 20/2/16 a cluster of severe thunderstorms struck western and southern Sydney, leading to atypical storm damage including the loss of 6 aircraft and hangers at The Oaks township. The SES responded to approximately 100 requests for assistance from the community. This event was not declared a catastrophe for insurance purposes.  ",Storm,2016,,"$4,500,000 ","$7,500,000 ",,,,,,,,,,
Undeclared,Cyclone TATIANA,10-Feb-16,14-Feb-16,FY15,FNQ,,Coral Sea event with no signifciant Australian landfall,Cyclone,2016,,,,,,,,,,,,,
Undeclared,Geelong Severe Storm Event,27-Jan-16,27-Jan-16,FY15,,,"A 30min storm delivering 43mm of rainfall, described by BoM as a 2%AEP storm event. 486 SES emergency callouts occured for flood rescues and atypical storm damage to residential property. This insured loss estimate is based on market submissions to ICA from greater than 50% of market, modeled to estimate the industry loss estimate arising from a modelled 4,000 claims across all classes",Storm,2016,,"$10,500,000 ","$18,000,000 ",,,,,,,,,,
Undeclared,Cyclone STAN,27-Jan-16,31-Jan-16,FY15,,,"Cyclone Stan crossed the WA coast near Pardoo as a Category 3 storm, with no significant damage reported, This insured loss estimate is based on market submissions to ICA from greater than 50% of market, modeled to estimate the industry loss estimate.",Cyclone,2016,,"$8,800,000 ","$11,200,000 ",,,,,,,,,,
Undeclared,NSW Severe Storms,21-Jan-16,22-Jan-16,FY15,,,"48hrs of severe thunderstorms struck the eastern seaboard of NSW. Approximately 1,300 requests for assistance were received by the NSW SES. This event was not declared a catastrophe for insurance purposes. The insured loss estimate is based on market reporting to ICA from great than 50% of insurers, modelled to estimate the industry loss estimate.",Storm,2016,,"$19,500,000 ","$32,400,000 ",,,,,,,,,,
Undeclared,Tasmania Wide Bushfires,15-Jan-16,15-Feb-16,FY15,,,"During January 2016 upto 88 separate bushfires burned across the North of Tasmania. Limited damage occured to private property. The Commonwealth Disaster Plan was activiated in order to provide additional fire figthing resources to Tasmani in order to get the fires under control. This event was not declared a catastrophe for insurance purposes. The insured loss estimate is based on market reporting to ICA from great than 50% of insurers, modelled to estimate the industry loss estimate.",Bushfire,2016,,"$2,200,200 ","$3,500,000 ",,,,,,,,,,
Undeclared,Western Sydney Severe Storm,14-Jan-16,14-Jan-16,FY15,,,"Western and North Western Sydney experienced a series of severe thunderstorms late in the afternoon following a day of high temperatures. A driver was killed in Penrith and several hundred home were damaged by high winds, hails and debris. The SES responded to in excess of 2000 calls for assistance.",Storm,2016,,"$18,000,000 ","$29,900,000 ",,,,,,,,,,
Undeclared,Northern Victoria Flooding,10-Jan-16,27-Jan-16,FY15,,,"Moderate flooding occured in northern river catchments throughout Victoria, the event is believed to have resulted in the flooding of approximately 88 residential properties statewide. The event was not declared a catastrophe for insurance purposes. The insured loss estimate is based upon market reporting from approximately 50% of insurers within the claims footprint, modelled to estimate the industry loss estimate.",Flood,2016,,"$3,000,000 ","$4,800,000 ",,,,,,,,,,
CAT161,Yarloop Bushfires,6-Jan-16,23-Jan-16,FY15,,,"181 buildings destroyed in the historic township of Yarloop in a fire event that started on 6 January and took 17 days to bring under control. Industry requested a government funded cleanup program, to preserve RoD allocations for rebuilding operations, noting that the area has potential underinsurance issues.  Finalised Insured Loss Value, $71,250,666 (66% Domestic, 34% Commercial)   Lodged Claims?: 1,358, 390 Residential Building Claims 585 Contents Claims 65 Domestic Motor Claims? 32 Domestic Other 234 Commercial Property Claims 14 Commercial Motor Claims 18 Business Interruption Claims 20 Commercial Other ",Bushfire,2016,"6208, 6213, 6214, 6215, 6218, 6220, 6221, 6223, 6224, 6225, 6226, 6227, 6229","$71,250,666 ","$93,600,000 ","1,358",,,,,,,,,
CAT158,Great Ocean Rd Bushfires,24-Dec-15,27-Dec-15,FY15,,,"116 homes were destroyed on Xmas day in a fire that impacted the communities of Wye River and Separation Creek along the Great Ocean Rd in Victoria. The ICA declared Catastrophe Event 158 on the 26th of December. Insured Loss Value, $109,833,512 (77% Domestic, 23% Commercial)  Lodged Claims?, 527 235 Residential Building Claims 177 Contents Claims 16 Domestic Motor Claims 12 Domestic Other 65 Commercial Property Claims 8 Commercial Motor Claims 10 Business Interruption Claims 4 Commercial Other",Bushfire,2015,3234,"$109,833,512 ","$164,400,000 ",,,,,,,,,,
Undeclared,Victorian Bushfires Wk3 December,19-Dec-15,23-Dec-15,FY15,,,"A four day stretch of high temperatures across Victoria has led to 300 bushfires in a short period of time. Loss to fencing and outbuildings has been widespread, however as at 20th December 2015 only 3 homes have been lost at a fire to the south of Bllarata (Scotsburn). This event was not declared as a catastrophe for insurance purposes. This insured loss estimate is based on market submissions to ICA from greater than 50% of market, modeled to estimate the industry loss estimate.",Bushfire,2015,,"$5,000,000 ","$8,500,000 ",,,,,,,,,,
CAT157,Tornado Kurnell,16-Dec-15,16-Dec-15,FY15,,,"CAT157 was declared by the ICA on 16 December 2015 following a severe storm in Sydney's southern and eastern suburbs that destroyed 25 properties with record windspeeds for NSW (213kmh).  Several very large commercial losses lead the value of the event.  Insured Loss Value, $205,799,600 (32% Domestic, 68% Commercial) Lodged Claims 5,199  2,180 Residential Building Claims 1,255 Contents Claims 1,339 Domestic Motor Claims 21 Domestic Other 328 Commercial Property Claims 56 Commercial Motor Claims 16 Business Interruption Claims 4 Commercial Other  ",Storm,2015,"2019, 2022, 2023, 2024, 2025, 2026, 2029, 2030, 2031, 2032, 2034, 2035, 2036, 2052, 2229, 2230, 2231","$205,799,600 ","$342,400,000 ",,,,,,,,,,
CAT156,Pinery Bushfires,26-Nov-15,28-Nov-15,FY15,,,"This bushfire event impacted towns and cropping areas to the north of Adelaide. 90 structures and a number of lives were lost. Crops, Livestock and a number of large commercial properties make up the bulk of the insurance loss to date. Estimated Value $171,589,230 (28% Domestic, 72% Commercial)  Lodged Claims 2,030 530 Residential Building Claims 545 Contents Claims 114 Domestic Motor Claims 19 Domestic Other 380 Commercial Property Claims 192 Commercial Motor Claims 15 Business Interruption Claims 34 Commercial Other 201 Crop claims",Bushfire,2015,"5118, 5350, 5352, 5355, 5360, 5371, 5372, 5373, 5374, 5400, 5401, 5410, 5411, 5412, 5413, 5414, 5415, 5451, 5452, 5460, 5461, 5501, 5502, 5510, 5550","$171,589,230 ","$254,300,000 ",,,,,,,,,,
Undeclared,Esperance Bushfires,20-Nov-15,24-Nov-15,FY15,,,"This event was not declared as a catastrophe for insurance purposes. This insured loss estimate is based on market submissions to ICA from greater than 50% of market, modeled to estimate the industry loss estimate. This bushfire complex encompassed several locations to the north of Esperance in WA. A number of farm properties, crops and several thousand head of livestock were lost in this event, however damage remains below the threshold for declaration of a catastrophe event. Four lives were tragically lost.",Bushfire,2015,,"$16,800,000 ","$21,400,000 ",,,,,,,,,,
CAT155,SEQ Extreme Weather,30-Apr-15,3-May-15,FY14,SEQ,,"An event involving extreme weather in South East Queensland between 30 April and 3 May 2015, and declared by the ICA on 4 May 2015. Insured Loss Value, $351,102,112 (81% Domestic, 19% Commercial)  Lodged Claims?, 24,533 13,001 Residential Building Claims 5,697 Contents Claims 4,165 Domestic Motor Claims 15 Domestic Other 1,355 Commercial Property Claims 284 Commercial Motor Claims 10 Business Interruption Claims 6 Commercial Other ",Flood,2015,"4110, 4114, 4115, 4116, 4117, 4118, 4124, 4125, 4127, 4128, 4129, 4130, 4131, 4132, 4133, 4165, 4183, 4184, 4205, 4207, 4208, 4209, 4210, 4211, 4212, 4213, 4214, 4215, 4216, 4217, 4218, 4219, 4220, 4221, 4223, 4224, 4225, 4226, 4227, 4228, 4229, 4230, 4270, 4271, 4272, 4275, 4280, 4285","$351,102,112 ","$613,200,000 ",,,,,,,,,,
Undeclared,Cyclone Quang,27-Apr-15,30-Apr-15,FY14,,,"This event was not declared as a catastrophe for insurance purposes. This insured loss estimate is based on market submissions to ICA from greater than 50% of market, modeled to estimate the industry loss estimate.",Cyclone,2015,,"$5,000,000 ","$7,500,000 ",,,,,,,,,,
CAT154,Anzac Day Sydney Hailstorm,25-Apr-15,25-Apr-15,FY14,,,"CAT Event 154 was declared following a significant hail event in metropolitan Sydney on Anzac Day 2015, with particular impacts on industrial facilities in Western Sydney. Insured Loss Value, $421,132,705 (34% Domestic, 66% Commercial)  Lodged Claims?, 18,210 8,379 Residential Building Claims 3,216 Contents Claims 2,612 Domestic Motor Claims 3 Domestic Other 3,859 Commercial Property Claims 86 Commercial Motor Claims 46 Business Interruption Claims 9 Commercial Other",Hail,2015,"2060, 2062, 2063, 2064, 2065, 2066, 2067, 2068, 2069, 2070, 2071, 2072, 2073, 2074, 2087, 2089, 2109, 2110, 2111, 2112, 2113, 2114, 2115, 2116, 2117, 2118, 2119, 2121, 2122, 2125, 2127, 2128, 2129, 2133, 2134, 2135, 2136, 2137, 2138, 2139, 2140, 2141, 2142, 2143, 2144, 2145, 2146, 2147, 2148, 2150, 2151, 2152, 2153, 2154, 2160, 2161, 2162, 2163, 2164, 2165, 2166, 2167, 2168, 2170, 2171, 2172, 2173, 2174, 2175, 2176, 2177, 2178, 2179, 2190, 2191, 2192, 2193, 2194, 2195, 2196, 2197, 2198, 2199, 2200, 2205, 2206, 2207, 2208, 2209, 2210, 2211, 2212, 2213, 2214, 2216, 2217, 2218, 2219, 2220, 2221, 2222, 2223, 2224, 2225, 2226, 2229, 2232, 2234, 2564, 2565, 2566, 2761, 2766, 2767, 2768, 2770","$421,132,705 ","$742,000,000 ",,,,,,,,,,
CAT153,East Coast Low,22-Apr-15,22-Apr-15,FY14,,,"CAT Event 153 was declared on 22 April 2015, following a severe east coast low impacting much of NSW. At least 4 people died in this event that was described by many in the region as the worst since 2007. Severe flooding affected the areas of Maitland and Dungog, inundating homes and isolating entire communities. Power and water access was restricted for tens of thousands of homes across the wider Hunter Region. Insured Loss Value, $949,615,700 (74% Domestic, 26% Commercial)  Lodged Claims?, 135,283 65,118 Residential Building Claims 56,166 Contents Claims 4,834 Domestic Motor Claims 87 Domestic Other 7,998 Commercial Property Claims 236 Commercial Motor Claims 754 Business Interruption Claims 84 Commercial Other",Storm,2015,"2000, 2006, 2007, 2008, 2009, 2010, 2011, 2015, 2016, 2017, 2018, 2019, 2020, 2021, 2022, 2023, 2024, 2025, 2026, 2027, 2028, 2029, 2030, 2031, 2032, 2033, 2034, 2035, 2036, 2037, 2038, 2039, 2040, 2041, 2042, 2043, 2044, 2045, 2046, 2047, 2048, 2049, 2050, 2052, 2060, 2061, 2062, 2063, 2064, 2065, 2066, 2067, 2068, 2069, 2070, 2071, 2072, 2073, 2074, 2075, 2076, 2077, 2079, 2080, 2081, 2082, 2083, 2084, 2085, 2086, 2087, 2088, 2089, 2090, 2092, 2093, 2094, 2095, 2096, 2097, 2099, 2100, 2101, 2102, 2103, 2104, 2105, 2106, 2107, 2108, 2109, 2110, 2111, 2112, 2113, 2114, 2115, 2116, 2117, 2118, 2119, 2120, 2121, 2122, 2125, 2126, 2127, 2128, 2129, 2130, 2131, 2132, 2133, 2134, 2135, 2136, 2137, 2138, 2139, 2140, 2141, 2142, 2143, 2144, 2145, 2146, 2150, 2151, 2152, 2153, 2154, 2156, 2158, 2159, 2160, 2161, 2162, 2163, 2164, 2165, 2166, 2167, 2168, 2170, 2172, 2173, 2174, 2190, 2191, 2192, 2193, 2194, 2195, 2196, 2197, 2198, 2199, 2200, 2203, 2204, 2205, 2206, 2207, 2208, 2209, 2210, 2211, 2212, 2213, 2214, 2216, 2217, 2218, 2219, 2220, 2221, 2222, 2223, 2224, 2225, 2226, 2227, 2228, 2229, 2230, 2231, 2232, 2233, 2234, 2250, 2251, 2256, 2257, 2258, 2259, 2260, 2261, 2262, 2263, 2264, 2265, 2267, 2278, 2280, 2281, 2282, 2283, 2284, 2285, 2286, 2287, 2289, 2290, 2291, 2292, 2293, 2294, 2295, 2296, 2297, 2298, 2299, 2300, 2302, 2303, 2304, 2305, 2306, 2307, 2308, 2312, 2314, 2315, 2316, 2317, 2318, 2319, 2320, 2321, 2322, 2323, 2324, 2325, 2326, 2327, 2350, 2354, 2415, 2420, 2421, 2422, 2423, 2424, 2425, 2426, 2427, 2428, 2429, 2430, 2431, 2439, 2440, 2441, 2443, 2444, 2445, 2446, 2447, 2448, 2449, 2450, 2452, 2453, 2454, 2455, 2456, 2460, 2462, 2463, 2464, 2465, 2466, 2469, 2470, 2471, 2472, 2473, 2474, 2477, 2478, 2479, 2480, 2481, 2482, 2483, 2484, 2487, 2488, 2489, 2500, 2502, 2505, 2506, 2508, 2515, 2516, 2517, 2518, 2519, 2525, 2526, 2527, 2528, 2529, 2530, 2533, 2534, 2535, 2540, 2541, 2560, 2564, 2565, 2566, 2569, 2571, 2574, 2576, 2577, 2622, 2775, 4275, 4285, 4287","$949,615,700 ","$1,662,500,000 ",,,,,,,,,,
Undeclared,Cyclone Ikola,6-Apr-15,8-Apr-15,FY14,,,"This event was not declared as a catastrophe event for insurance purposes as no damage was recorded, including in Australia's Indian ocean territories.",Cyclone,2015,,,,,,,,,,,,,
Undeclared,Cyclone Nathan,20-Mar-15,26-Mar-15,FY14,FNQ,,This event was not declared as a catastrophe event for insurance purposes as no damage was reported.,Cyclone,2015,,,,,,,,,,,,,
Undeclared,Cyclone Olwyn,11-Mar-15,14-Mar-15,FY14,,,"This event was not declared as a catastrophe for insurance purposes. This insured loss estimate is based on market submissions to ICA from greater than 50% of market, modeled to estimate the industry loss estimate. Olwyn caused extensive damage along the coast of Western Australia, from Onslow to Kalbarri. On 15 March Olwyn's remnants bought severe storms to the Southern Western Australia. Olwyn was the first ex-tropical cyclone to hit Geraldton, Jurien Bay, Wheatbelt and Perth since cyclone Iggy in 2012 and Bianca in 2011.",Cyclone,2015,,"$66,800,000 ","$83,700,000 ",,,,,,,,,,
Undeclared,Tornado Cluster Illawarra Region,24-Feb-15,24-Feb-15,FY14,,,"This event was not declared as a catastrophe for insurance purposes. This insured loss estimate is based on market submissions to ICA from greater than 50% of market, modeled to estimate the industry loss estimate. Several tornadoes struck the Illawarra region south of Sydney, New South Wales. Tornadoes occurred at Kiama, Seven Mile Beach to Nowra, Jamberoo and Albion Park Rail. The tornado at Kiama caused significant damage to homes.",Storm,2015,,"$7,800,000 ","$13,100,000 ",,,,,,,,,,
CAT152,Severe Tropical Cyclone Marcia,20-Feb-15,20-Feb-15,FY14,FNQ,,"Declared on the 20th of February 2015 following landfall of Severe Tropical Cyclone Marcia near Rockhampton in Queensland as a Category 5 Cyclone. Insured Loss Value, $544,458 (77% Domestic, 23% Commercial)  Lodged Claims?, 37,160 20,631 Residential Building Claims 11,319 Contents Claims 1,523 Domestic Motor Claims 68 Domestic Other 3,184 Commercial Property Claims 172 Commercial Motor Claims 214 Business Interruption Claims 49 Commercial Other",Cyclone,2015,"4621, 4625, 4626, 4630, 4659, 4660, 4670, 4671, 4673, 4674, 4676, 4677, 4678, 4680, 4694, 4695, 4699, 4700, 4701, 4702, 4703, 4710, 4711, 4712, 4714, 4715, 4716, 4717","$544,163,458 ","$807,600,000 ",,,,,,,,,,
Undeclared,Severe Tropical Cyclone Lam,18-Feb-15,20-Feb-15,FY14,,,"This event was not declared a catastrophe for insurance purposes. This insured loss estimate is based on market submissions to ICA from greater than 50% of market, modeled to estimate the industry loss estimate. Cyclone Lam in 2015 was the strongest storm to strike Australia's Northern Territory since Cyclone Monica in 2006. About six hours after Lam moved ashore, Cyclone Marcia struck Queensland as a Category 5 cyclone, marking the first time on record that two storms of Category 4 intensity struck Australia on the same day.",Cyclone,2015,,"$45,000,000 ","$66,300,000 ",,,,,,,,,,
CAT151,Sampsons Flat Bushfire,2-Feb-15,9-Feb-15,FY14,,,"On 2 January 2015, fire broke out at Sampson Flat, 38 km north-west of Adelaide. Over subsequent days damage occurred to livestock, crops, sheds, fencing and 27 homes were destroyed. No deaths occurred as a result of this event.  Insured Loss Value, $62,133,554 (70% Domestic, 30% Commercial)  Lodged Claims?, 837 298 Residential Building Claims 120 Contents Claims 87 Domestic Motor Claims 61 Domestic Other 112 Commercial Property Claims 90 Commercial Motor Claims 21 Business Interruption Claims 48 Commercial Other",Bushfire,2015,"5091, 5114, 5125, 5126, 5131, 5132, 5133, 5231, 5232, 5233, 5234","$62,133,554 ","$90,300,000 ",,,,,,,,,,
Undeclared,Cyclone Kate,21-Dec-14,30-Dec-14,FY14,FNQ,,"A Category 2 cyclone in the Coral Sea that did not make landfall. Cyclone Kate caused minor damage in Torres Strait communities, primarily from wave action and erosion. This event was not declared a catastrophe event for insurance purposes.",Cyclone,2014,,,,,,,,,,,,,
Undeclared,Cyclone Bakung,10-Dec-14,14-Dec-14,FY14,FNQ,,A Category 2 cyclone in the Indian Ocean that did not make landfall. This event was not declared as a catastrophe event for insurance purposes.,Cyclone,2014,,,,,,,,,,,,,
CAT144,Brisbane Hailstorm,27-Nov-14,27-Nov-14,FY14,SEQ,,"CAT144 was declared by the ICA on the afternoon of 27 November 2014, after a supercell storm hit Brisbane with wind gusts of up to 144 km per hour, approximately 6000 lightning strikes and hail the size of tennis balls. The time of day (4pm) contributed to a large number of motor vehcile claims. Insured Loss Value, $1,391,556,200 (69% Domestic, 31% Commercial)  Lodged Claims?, 124,252 22,527 Residential Building Claims 7,250 Contents Claims 81,571 Domestic Motor Claims 44 Domestic Other 6,128 Commercial Property Claims 6,474 Commercial Motor Claims 190 Business Interruption Claims 68 Commercial Other",Hail,2014,"4000, 4005, 4006, 4007, 4008, 4009, 4010, 4011, 4012, 4013, 4014, 4025, 4030, 4031, 4032, 4034, 4051, 4053, 4054, 4055, 4059, 4060, 4061, 4064, 4065, 4066, 4067, 4068, 4069, 4072, 4073, 4074, 4075, 4077, 4101, 4102, 4103, 4104, 4105, 4106, 4107, 4108, 4109, 4110, 4111, 4112, 4113, 4114, 4115, 4116, 4117, 4118, 4119, 4120, 4121, 4122, 4123, 4127, 4151, 4152, 4153, 4154, 4155, 4156, 4157, 4158, 4159, 4160, 4161, 4163, 4169, 4170, 4171, 4172, 4173, 4174, 4178, 4179, 4520","$1,391,556,200 ","$2,430,500,000 ",,,,,,,,,,
Undeclared,Urban Building Explosion,4-Sep-14,4-Sep-14,FY14,,,"This event was not declared as a catastrophe for insurance purposes due to the limited number of insurers involved. Whilst it was not declared, this arson/explosion is believed to have caused an insurance loss of $12.2 million.",Man-made,2014,,"$12,200,000 ","$21,500,000 ",,,,,,,,,,
CAT142,Cyclone Ita,11-Apr-14,11-Apr-14,FY13,FNQ,,"CAT 142 was declared by the ICA in Queensland following Tropical Cyclone Ita crossing the coast near Cape Flattery on 11 April 2014 as a category 4 storm, with wind gusts of up to 230 km per hour. Moderate damage occurred in Hopevale and surrounding communities.",Cyclone,2014,"4565, 4716, 4722, 4756, 4757, 4798, 4799, 4800, 4804, 4828, 4830, 4852, 4891, 4895, 4676, 4677, 4678, 4717, 4718, 4719, 4720, 4750, 4751, 4825, 4823, 4822, 4824, 4850, 4849, 4868, 4876, 4882, 4884, 4871, 4872, 4873, 4874, 4885, 4886, 4887, 4888, 4869, 4870, 4875, 4877, 4881, 4883, 4878, 4879, 4880","$22,458,451 ","$37,300,000 ",,,,,,,,,,
Undeclared,Cyclone 09U,13-Mar-14,13-Mar-14,FY13,,,This event was not declared as a catastrophe for insurance purposes. The ICA loss estimate for this event is $7.1 million with the most notable damage occurring to 20 homes in the Kimberly (flooding).,Cyclone,2014,,"$1,700,000 ","$2,100,000 ",,,,,,,,,,
Undeclared,Cyclone Gillian,6-Mar-14,26-Mar-14,FY13,FNQ,,"This event was not declared as a catastrophe event for insurance purposes. Much of Far North Queensland was affected by rain for over a week as Gillian slowly moved through the Gulf of Carpentaria. On 17 March, Gillian brushed the Top End region, bringing only minor rainfall to coastal areas. This was the first cyclone to affect Christmas Island since Cyclone Rosie in 2008, Gillian approached the island as a category 2 system, causing light to moderate damage. Only one structure on the island, the Immigration Detention Centre, is constructed to cyclone-standards on the island. Gale-force winds, peaking at 96 km/h, battered the island for 15 hours. Several homes lost their roof and one family had to be evacuated, most structures were left unscathed.",Cyclone,2014,,,,,,,,,,,,,
Undeclared,Victorian Bushfires,7-Feb-14,14-Feb-14,FY13,,,"This event was not declared a catastrophe event for insurance purposes. Individual fires throughout the north and east of Victoria are believed to have caused the loss of livestock, fencing, farm equipment and upto 28 structures (unknown type). The ICA loss estimate for this undeclared event is $11.1 million.",Bushfire,2014,,"$11,100,000 ","$20,700,000 ",,,,,,,,,,
Undeclared,Cyclone Fletcher,3-Feb-14,9-Feb-14,FY13,,,"This event was not declared as a catastrophe for insurance purposes. No signifciant wind damage was reported in remote communities, there was isolated flood damage as a result of heavy rainfall in some remote catchments. The ICA loss estimate for this event is $3.8 million.",Cyclone,2014,,"$3,800,000 ","$6,200,000 ",,,,,,,,,,
Undeclared,Cyclone Dylan,24-Jan-14,31-Jan-14,FY13,,,"This event was not declared as a catastrophe event for insurance purposes. ICA estimates the insured loss extended to $11.3 million, primarily from localised flooding exacerbated by king tides. There was siognificant uninsured damaged on some island resorts.",Cyclone,2014,,"$11,300,000 ","$18,400,000 ",,,,,,,,,,
Undeclared,Grampians Bushfire,15-Jan-14,15-Jan-14,FY13,,,"This event was not declared as a catastrophe event for insurance purposes. 7,000 head of livestock were reported lost during the event, along with upto 30 structures (unknown type). The ICA loss estimate for this undeclared event is $18.5 million.",Bushfire,2014,,"$18,500,000 ","$29,400,000 ",,,,,,,,,,
CAT141,Perth Hills Bushfire,12-Jan-14,1-Feb-14,FY13,,,"On 12 January 2014 a fast moving busffire moved  through semi rural suburbs in the Perth Hills. 55 Homes were destroyed in the Mundaring Shire . One person lost his life  after collapsing on his roof whilst preparuing his home for the fires. Insured Loss Value, $87,812,300 (85% Domestic, 15% Commercial)  Lodged Claims?, 430 108 Residential Building Claims 98 Contents Claims 78 Domestic Motor Claims 38 Domestic Other 44 Commercial Property Claims 7 Commercial Motor Claims 7 Business Interruption Claims 50 Commercial Other",Bushfire,2014,"6055, 6056, 6057, 6058, 6070, 6071, 6072, 6073, 6074, 6076, 6081, 6082, 6105, 6107, 6109, 6110, 6111, 6556","$87,812,300 ","$125,200,000 ",,,,,,,,,,
Undeclared,Intense Monsoonal Low,10-Jan-14,23-Jan-14,FY13,FNQ,,This event was not declared as a catastrophe for insurance purposes.,Storm,2014,,,,,,,,,,,,,
Undeclared,Cyclone Christine,31-Dec-13,1-Jan-14,FY13,,,"On 31 December, Cyclone Christine made landfall near Port Hedland, directly between Roebourne and Whim Creek as a Category 4 Cyclone (Severe) . All mining and shipping operations were cancelled in Port Hedland, however no actual damage to mining infrastructure was reported. Roebourne and Wickham bore the brunt of Christine's winds, with a maximum confirmed gust of 172 km/h recorded at Roebourne. Towns received significant damage and according to local residents of Wickham this ""was the worst cyclone in recent memory""; several roofs were significantly damaged. In Roebourne, roofs of some houses were reported to have collapsed under the weight of water or were ripped off by wind gusts, while the whole town lost electricity for a short period. Karratha and Port Hedland were spared any major damage, apart from minor flooding and wind-related damage. This event was not declared as a catastrophe for insurance purposes. This insured loss estimate is based on market submissions to ICA from greater than 50% of market, modeled to estimate the industry loss estimate.",Cyclone,2013,,"$6,300,000 ","$7,700,000 ",,,,,,,,,,
Undeclared,New England Tornado Cluster,23-Nov-13,23-Nov-13,FY13,,,"Up to four tornadoes were suspected to have touched down in the New England region, one tornado had an 100-200m wide path and estimated winds of 160 km/h near Tenterden, New South Wales. This event is reported to have destroyed a home, caused extensive damage to other property and uprooted trees. This event was not declared as a catastrophe for insurance purposes. This insured loss estimate is based on market submissions to ICA from greater than 50% of market, modeled to estimate the industry loss estimate.",Storm,2013,,"$1,000,000 ","$1,600,000 ",,,,,,,,,,
Undeclared,Cyclone Alessia,20-Nov-13,30-Nov-13,FY13,,,"Cyclone Alessia remained a marginal Category 1 cyclone as it skirted the northern Kimberley coast, passing just south of Troughton Island before emerging into the Joseph Bonaparte Gulf. It made its final landfall near the Anson Bay, Daly and Reynolds River Floodplains area of the Top End midday local time on 24 November. Owing to previously dry conditions, the rain associated with this system proved mostly beneficial to the region. Flash flooding along the Goomadeer River in Arnhem Land caught at least seven people off-guard, including one infant, as their two vehicles were overcome with water. Six people safely made it out while another was swept downstream. He was rescued two days later by local police. In Darwin, strong winds downed a few trees in the Northern Suburbs and Howard Springs while localised flooding occurred in Palmerston. Additionally, one power line was downed in the city. This event was not declared as a catastrophe for insurance purposes. This insured loss estimate is based on market submissions to ICA from greater than 50% of market, modeled to estimate the industry loss estimate.",Cyclone,2013,,"$4,500,000 ","$7,300,000 ",,,,,,,,,,
Undeclared,Ararat Tornado,22-Oct-13,22-Oct-13,FY13,,,"Trees were brought down and roofs were damaged on McLellan Street at about 7:45pm (AEDT).  One car was crushed by debris and the old sporting club rooms, which were used for storage, were blown apart by the storm. This event was not declared as a catastrophe for insurance purposes. This insured loss estimate is based on market submissions to ICA from greater than 50% of market, modeled to estimate the industry loss estimate.",Storm,2013,,"$1,200,000 ","$1,900,000 ",,,,,,,,,,
CAT135,Blue Mountains Bushfires,17-Oct-13,28-Oct-13,FY13,,,"221 Residential properties destroyed in NSW Bushfires in various locations, primarily in the Blue Mountains. Insured Loss Value, $193,450,500 (83% Domestic, 17% Commercial)  Lodged Claims?, 1,745 697 Residential Building Claims 538 Contents Claims 103 Domestic Motor Claims 30 Domestic Other 297 Commercial Property Claims 48 Commercial Motor Claims 27 Business Interruption Claims 5 Commercial Other",Bushfire,2013,"2750, 2753, 2773, 2774, 2776, 2777, 2778, 2779, 2780, 2782, 2783, 2784","$193,450,500 ","$307,200,000 ",,,,,,,,,,
Undeclared,Eastern Victorian Tornado Cluster,21-Mar-13,21-Mar-13,FY12,,"Koonoomoo, Rutherglen, Cobram, Yarrawonga, Bundalong, Euroa, Mulwala","At least 20 people were taken to hospital, two in a critical condition, after two tornadoes cut a path of destruction across Victoria's north-east last night.  A severe storm moved across an area stretching from Cobram to Rutherglen just after 7.00pm (AEDT), ripping roofs from houses and uprooting trees.  Buildings in Rutherglen's historic main street were severely damaged, with awnings ripped off and windows smashed.  The Murray Valley Highway at Bundalong was also closed for several hours after massive trees along a large stretch of the road were ripped to pieces.This event was not declared as a catastrophe for insurance purposes. This insured loss estimate is based on market submissions to ICA from greater than 50% of market, modeled to estimate the industry loss estimate.",Storm,2013,,"$2,300,000 ","$4,300,000 ",,19,21,22,77,7,,,,
Undeclared,Cyclone Tim,10-Mar-13,20-Mar-13,FY12,,,"Located approximately 440 km (275 mi) north-east of Cairns, Tropical Cyclone Tim began to move in an east south-easterly direction towards Willis Island. It passed directly over the island, where the automated weather station recorded 10 minute wind gusts of 75 km (45 mi) before the station stopped recording.[58] By late on the 14 of March, Tim rapidly intensified into a Category 2 storm on the Australian Scale, with maximum 10 minute wind gusts of 95 km (60 mi) and a barometric pressure of 984 mbar, equal to a Tropical Storm on the Saffir-Simpson Hurricane Scale.  By the 15 of March, Tim began to swing towards the south-east, rather than continue its south-westerly track, and was expected to make landfall on the Queensland as a weak Category 1 or Tropical Low by the 19 of March. The storm managed to maintain its strength until the 17 of March. The residual tropical low persisted for several days in the eastern Coral Sea, moving north-west along the Queensland coast, and on the 20 of March, it dissipated 102 km (65 mi) east north-east of Cardwell on the north Queensland Coast. The remnants of the system crossed the coast near Innisfail on the 21 of March, bringing light winds and showers, however no significant totals or damage were recorded, apart from an isolated fall of 125.8 mm (5 in) of rain at Innisfail. This event was not declared as a catastrophe for insurance purposes. This insured loss estimate is based on market submissions to ICA from greater than 50% of market, modeled to estimate the industry loss estimate.",Cyclone,2013,,"$2,850,000 ","$4,300,000 ",,,,,,,,,,
Undeclared,Metro Sydney Tornado,23-Feb-13,23-Feb-13,FY12,,,"A tornado with winds of up to 135 was reported in Sydney's inner east causing extensive damage at Kirribilli, Chifley, Malabar and Randwick. The effects were most severe at Kirribilli where it removing roofs from houses, uprooted trees and damaging the Westpac Bank and the Sydney Flying Squadron.This event was not declared as a catastrophe for insurance purposes. This insured loss estimate is based on market submissions to ICA from greater than 50% of market, modeled to estimate the industry loss estimate.",Storm,2013,,"$6,305,000 ","$11,600,000 ",,,,,,,,,,
Undeclared,Cyclone Rusty,22-Feb-13,28-Mar-13,FY12,,,"On 22 February, a tropical low formed northwest of Kuri Bay. Two days later, the low reached Tropical Cyclone strength and was named Rusty as it moved very slowly south towards the coast of Western Australia. A cyclone watch was declared for a large area of the Pilbara/Kimberley coastline between Broome and Mardie extending inland to Marble Bar. Rusty remained relatively stationary off the Western Australian coastline, reaching category 4 strength on 27 February with winds gusting to 230 km/h. Rusty made landfall on 27 February near Pardoo, 100 km East of Port Hedland. Due to the slow-moving nature of the cyclone, Port Hedland experienced 39 hours of winds of at least gale-force strength. The highest rainfall was recorded at Pardoo Station with a total of 482.5 mm. Confirmed falls of over 300 mm were also reported at De Grey Station and at Yarrie mine. The effects of Rusty were far reaching, with areas of Southern WA and the Goldfields experiencing heavy rains. For example, the city of Kalgoorlie-Boulder and the surrounding areas have had non-stop rains for over 15 hours, with totals amounting to about 88 mm for the city itself. This event was not declared as a catastrophe for insurance purposes. This insured loss estimate is based on market submissions to ICA from greater than 50% of market, modeled to estimate the industry loss estimate.",Cyclone,2013,,"$7,830,000 ","$10,100,000 ",,,,,,,,,,
Undeclared,Ballarat Tornado,31-Jan-13,31-Jan-13,FY12,,Ballarat,"A small tornado swept through parts of Ballarat. Starting in Ballarat North where it caused the most damage, it rounded Black Hill, briefly crossing the CBD before sweeping across Ballarat East and continuing to Eureka in the east of the city. The tornado caused extensive and localised minor damage to houses and buildings, tearing away roofs, fences and garages, smashing windows, uprooting trees, destroying chimneys and cutting power to parts of the CBD and deactivating traffic lights. Wind gusts of over 80 km/h were recorded. This event was not declared as a catastrophe for insurance purposes. This insured loss estimate is based on market submissions to ICA from greater than 50% of market, modeled to estimate the industry loss estimate.",Storm,2013,,"$2,300,000 ","$4,500,000 ",,,,,,,,,,
CAT134,NSW Flooding Ex Cyclone Oswald,22-Jan-13,29-Oct-13,FY12,,,"Severe storm activity effecting Northern NSW town, including Grafton and Lismore. This was a result of ex tropical Oswald. Insured Loss Value, $125,310,500 (61% Domestic, 39% Commercial)  Lodged Claims?, 13,466 6,145 Residential Building Claims 4,923 Contents Claims 1,310 Domestic Motor Claims 48 Domestic Other 896 Commercial Property Claims 20 Commercial Motor Claims 17 Business Interruption Claims 107 Commercial Other",Cyclone,2013,"2460, 2463, 2464, 2465, 2466, 2469, 2470, 2471, 2472, 2473, 2474, 2476, 2477, 2478, 2479, 2480, 2481, 2482, 2483, 2484, 2486, 2487, 2488, 2489, 4275, 4285, 4287","$125,310,500 ","$198,400,000 ",,,,,,,,,,
CAT133,QLD Flooding Ex Cyclone Oswald,20-Jan-13,29-Jan-13,FY12,FNQ,Bundaberg,"Although a relatively weak storm, Oswald produced torrential rains over much of Queensland. Rainfall peaked in Tully where approximately 1,000 mm (39 in) of rain fell, with 632 mm (24.9 in) falling over a 48 hour span. The township of Scherger received a record-breaking 370 mm (15 in) in just 24 hours. These rains caused widespread flooding in the state that shut down many roads and isolated communities. The town of Ingham was completely cut off due to high waters. Residents in the town were advised to stock up on emergency supplies as the Herbert River rose rapidly after 200 mm (7.9 in) of rain fell in the town in just three hours. In Cairns, winds up to 90 km/h (56 mph) left many homes without power and waves up to 4 m (13 ft) prompted the cancellation of most coastal activities. Additionally, a brief tornado or waterspout with winds of 140 km/h (87 mph) touched down near Hay Point. Flooding caused by Oswald has killed at least 6 people in Australia, making it the deadliest cyclone to hit the Australian mainland since Cyclone Rona-Frank in February 1999. Flooding and storm activity resulting from Ex TC Oswald. This caused servere flooding in the Bundaberg and North Burnett areas. Insured Loss Value, $987,000,000 (72% Domestic, 28% Commercial)  Lodged Claims?, 89,518 51,039 Residential Building Claims 22,706 Contents Claims 3,561 Domestic Motor Claims 112 Domestic Other 11,821 Commercial Property Claims 66 Commercial Motor Claims 105 Business Interruption Claims 108 Commercial Other",Cyclone,2013,"4570, 4580, 4581, 4600, 4601, 4620, 4621, 4625, 4630, 4650, 4655, 4659, 4660, 4662, 4670, 4671, 4673, 4674, 4676, 4677, 4680","$987,000,000 ","$1,581,300,000 ",,"51,039","22,706","3,561",112,"11,821",66,105,108,
Undeclared,Cyclone Peta,20-Jan-13,23-Jan-13,FY12,,,"Peta made landfall near Point Samson with winds of 75 km/h. Hours after moving onshore, Peta rapidly weakened and the final advisory was issued during the afternoon of 23 January. On 22 January, Port Hedland shut down all shipping. Across much of western Pilbara, Peta dropped heavy rains that caused widespread flooding. The highest 24-hour total 261.6 mm (10.30 in) at Hooley Station, which marked the station's highest daily total since 1972. Several other areas recorded more than 100 mm (3.9 in) of rain from the cyclone, including Port Hedland. The rains also added 28 billion litres (7.4 billion gallons) at the Harding Dam, raising its storage from 40 to 80 percent. Flooding prompted officials to shut down parts of the Great Northern Highway.This event was not declared as a catastrophe for insurance purposes. This insured loss estimate is based on market submissions to ICA from greater than 50% of market, modeled to estimate the industry loss estimate.",Cyclone,2013,,"$5,000,000 ","$7,400,000 ",,,,,,,,,,
CAT132,Warrumbungle Bushfires,7-Jan-13,21-Jan-13,FY12,,,"On 7 January 2013, bushfires started in the southern regions of New South Wales, when temperatures across the state reached 40°C and above. By 8 January, more than 100 fires were burning throughout the state and at times 30 of these were uncontrolled. The Insurance Council of Australia declared the Coonabarabran bushfire a catastrophe, with the estimated cost from the bushfire $35 million.",Bushfire,2013,"2357, 2380, 2827, 2829","$35,000,000 ","$50,500,000 ",,,,,,,,,,
Undeclared,Cyclone Narelle,5-Jan-13,15-Jan-13,FY12,,,"An Indian Ocean Category 4 Storm that did not make landfall in Australia, skirting the WA coast in a southerly direction. This event was not declared as a catastrophe for insurance purposes.",Cyclone,2013,,,,,,,,,,,,,
CAT131,Tasman Peninsula Bushfires,3-Jan-13,10-Jan-13,FY12,,,"232 residential properties destroyed in various locations, primarily in hamlets along the approaches to the Tasman Peninsula. Insured Loss Value, $88,800,000 (88% Domestic, 12% Commercial)  Lodged Claims?, 1,907 580 Residential Building Claims 850 Contents Claims 107 Domestic Motor Claims 21 Domestic Other 259 Commercial Property Claims 66 Commercial Motor Claims 21 Business Interruption Claims 3 Commercial Other",Bushfire,2013,"7140, 7172, 7173, 7174, 7175, 7177, 7178, 7179, 7182, 7189, 7214, 7215","$88,800,000 ","$184,800,000 ",,,,,,,,,,
Undeclared,Townsville Tornado,20-Mar-12,20-Mar-12,FY11,,,"A tornado was reported to have caused major structural and tree damage in the suburb of Vincent. Windspeed estimated at 160–200 km/h from damage analysis. Other suburbs affected were Garbutt, Gulliver, Aitkenvale, and Annandale. This event was not declared as a catastrophe for insurance purposes. This insured loss estimate is based on market submissions to ICA from greater than 50% of market, modeled to estimate the industry loss estimate.",Storm,2012,,"$1,300,000 ","$2,100,000 ",,,,,,,,,,
Undeclared,Cyclone Lua,10-Mar-12,18-Mar-12,FY11,,,"Ultimately intensifying into a borderline Category 4 severe tropical cyclone with maximum sustained 10-minute winds of 165 km/h, Lua made landfall near the remote community of Pardoo, east of Port Hedland. It steadily weakened as it progressed south over interior Western Australia, diminishing below tropical cyclone status on 18 March. This event was not declared as a catastrophe for insurance purposes. This insured loss estimate is based on market submissions to ICA from greater than 50% of market, modeled to estimate the industry loss estimate.",Cyclone,2012,,"$7,800,000 ","$10,600,000 ",,,,,,,,,,
CAT123,VIC Flood Event,20-Feb-12,18-Feb-12,FY11,,,Victorian Flood Event,Flood,2012,,"$135,680,234 ","$237,300,000 ",,,,,,,,,,
CAT121,South West QLD Flood Event,18-Feb-12,20-Feb-12,FY11,SWQ,,SWQ region flooding.,Flood,2012,,"$128,000,000 ","$186,500,000 ",,,,,,,,,,
CAT122,NSW Flooding Event,15-Feb-12,22-Feb-12,FY11,,,Wagga Wagga Region Flooding,Flood,2012,,"$131,432,000 ","$210,100,000 ",,,,,,,,,,
Undeclared,Cyclone Jasmine,1-Feb-12,16-Feb-12,FY11,FNQ,,"Early in its existence, Jasmine produced numerous rain showers over northern areas of Queensland. Gusty winds in Weipa, Queensland from Jasmine damaged trees on 2 February. A strong rainband associated with the cyclone produced heavy rainfalls over southern parts of Queensland. In Cairns, Queensland, several roads were closed due to severe weather associated with the cyclone, and trees were uprooted by strong winds. Power lines in the northern suburbs of Cairns were also damaged due to strong winds. Other areas of Queensland recorded rain totals in excess of 100 mm.  This event was not declared as a catastrophe for insurance purposes. This insured loss estimate is based on market submissions to ICA from greater than 50% of market, modeled to estimate the industry loss estimate.",Cyclone,2012,,"$3,400,000 ","$5,200,000 ",,,,,,,,,,
Undeclared,Cyclone Heidi,9-Jan-12,13-Jan-12,FY11,,,"Cyclone Heidi crossed the north west coast of Western Australia, near Port Hedland in the early hours of January 12. Coastal Pilbara communities were given the all-clear about seven hours later, inland communities hours after that. No major damage was reported in the wake of the cyclone, some buildings lost roofs, suffered wind driven water penetration. This event was not declared as a catastrophe for insurance purposes. This insured loss estimate is based on market submissions to ICA from greater than 50% of market, modeled to estimate the industry loss estimate.",Cyclone,2012,,"$2,800,000 ","$3,800,000 ",,,,,,,,,,
Undeclared,Bachus Marsh Tornado,25-Dec-11,25-Dec-11,FY11,,,"A tornado hit Fiskville, west of Bacchus Marsh, Victoria. A second tornado was reported at Melton from the same storm. Tennis-ball sized hail and flash-flooding also occurred with the storms, leaving an estimated damage bill in the millions of dollars. This event was not declared as a catastrophe for insurance purposes. This insured loss estimate is based on market submissions to ICA from greater than 50% of market, modeled to estimate the industry loss estimate.",Storm,2011,,"$1,800,000 ","$4,800,000 ",,,,,,,,,,
CAT118,Melbourne Xmas Day Hailstorm,25-Dec-11,25-Dec-11,FY11,,,A signifciant hailstorm and wind event that struck on xmas day in Melbourne's western suburbs.,Hail,2011,,"$728,640,000 ","$1,561,000,000 ",,,,,,,,,,
Undeclared,Cyclone Grant,21-Dec-11,29-Dec-12,FY11,,,A Category 2 storm that impacted the Darwin region. No significant damage was reported. This event was not declared as a catastrophe for insurance purposes.,Cyclone,2011,,,,,,,,,,,,,
CAT115,Melbourne Severe Storm,4-Dec-11,4-Dec-11,FY11,,,A cluster of severe thunderstorms that impacted parts of metropolitan melbourne.,Storm,2011,,"$485,617,000 ","$1,118,500,000 ",,,,,,,,,,
Undeclared,Bellbridge Tornado,9-Nov-11,9-Nov-11,FY11,,,"A tornado hit the Bellbridge and Bethanga areas, near Wodonga. Several homes were severely damaged, some having their roofs removed, and several trees were uprooted. This event was not declared as a catastrophe for insurance purposes. This insured loss estimate is based on market submissions to ICA from greater than 50% of market, modeled to estimate the industry loss estimate.",Storm,2011,,"$1,000,000 ","$1,800,000 ",,,,,,,,,,
CAT117,Margaret River Bushfires,23-Sep-11,23-Sep-11,FY11,,,"On 23 November 2011, a fire broke containment lines from a prescribed burn in Leeuwin-Naturaliste National Park, forcing hundreds to evacuate their homes. Approximately 300 people were expected to register at the Margaret River Cultural Centre. Residents were forced to evacuate over a three-day period, with some residents whose home remained intact unable to return home due to pollution from asbestos and other contaminants spread by the fire. The Margaret River fire was brought under control on 26 November. In total, 3400 ha, 32 houses, five sheds, nine chalets and one shop were destroyed by the fire in the coastal communities of Prevelly, Redgate and Gnarabup.A new fire started at Nannup on 2 December 2011, also from a prescribed burn that broke containment lines. It threatened more than 200 homes and forced evacuations in Augusta and Molloy Island. Approximately 55,150 ha were burnt and a small amount of property was lost. Many fires were ablaze in Western Australia during this period; on 24 November there were a total of 13 fire fronts burning. Western Australia's Premier declared the fires an 'Eligible Natural Disaster' for the purposes of the Western Australia Natural Disaster Relief and Recovery Arrangements, with funding to be provided from FESA and the Commonwealth Government.",Bushfire,2011,,"$53,450,000 ","$88,500,000 ",,,,,,,,,,
Undeclared,Red Rock Tornado,14-Jun-11,14-Jun-11,FY10,,,"A waterspout/tornado unroofed at least two buildings including the Bowling Club, and damaged several others in Red Rock. This event was not declared as a catastrophe for insurance purposes. This insured loss estimate is based on market submissions to ICA from greater than 50% of market, modeled to estimate the industry loss estimate.",Storm,2011,,"$750,000 ","$1,200,000 ",,,,,,,,,,
Undeclared,Canning Vale Tornado,19-May-11,19-May-11,FY10,,,"Perth suburb of Canning Vale was struck by tornado, damaging a number of homes and a vehicle. This event was not declared as a catastrophe for insurance purposes. This insured loss estimate is based on market submissions to ICA from greater than 50% of market, modeled to estimate the industry loss estimate.",Storm,2011,,"$500,000 ","$800,000 ",,,,,,,,,,
Undeclared,Kimberley Flooding,10-Mar-11,14-Mar-11,FY10,,,"This event was not declared as a catastrophe for insurance purposes. This insured loss estimate is based on market submissions to ICA from greater than 50% of market, modeled to estimate the industry loss estimate.",Flood,2011,,,,,,,,,,,,,
Undeclared,Karatha Tornado,21-Feb-11,21-Feb-11,FY10,,,"The Karratha CBD was struck by a tornado, related to Tropical Cyclone Carlos. It reportedly uprooted large trees, tore roofs of houses and threw boats into the air. One person was injured by flying glass. This event was not declared as a catastrophe for insurance purposes. This insured loss estimate is based on market submissions to ICA from greater than 50% of market, modeled to estimate the industry loss estimate.",Storm,2011,,"$750,000 ","$1,100,000 ",,,,,,,,,,
Undeclared,Cyclone Carlos,15-Feb-11,27-Feb-11,FY10,,,As Carlos moved away from the western coast of Australia on 24 February it strengthened into a Severe Tropical Cyclone. This event was not declared as a catastrophe for insurance purposes.,Cyclone,2011,,,,,,,,,,,,,
Undeclared,Cyclone Dianne,14-Feb-11,22-Feb-11,FY10,,,"Dianne was a Category 3 storm in the Idian Ocean that did not make significant Australian landfall, skirting the WA coastline in a southerly direction. This event was not declared as a catastrophe for insurance purposes.",Cyclone,2011,,,,,,,,,,,,,
CAT116,WA Bushfires,5-Feb-11,6-Feb-11,FY10,,,"On the weekend of 5 and 6 February 2011, two major bushfires affected metropolitan Perth. One fire occurred in the suburbs of Roleystone and Kelmscott, south-east of Perth, while the other happened in the suburbs of Red Hill, Herne Hill, Millendon, Baskerville and Gidgegannup in the north-east. The Bureau of Meteorology had issued a Fire Weather Warning and  a Total Fire Ban was declared for all the fire-affected areas prior to the commencement of the fires. Seventy-one homes were destroyed and an estimated 39 homes damaged by the Roleystone fire, which was started accidentally by angle-grinder sparks. Approximately 440 ha were burned at Roleystone and 1100 ha burned at Red Hill. Approximately 517 families were evacuated and at least 12 people were hospitalised. On Monday 7 February 2011, the Western Australian Premier declared the bushfire-ravaged areas of Roleystone, Kelmscott and Red Hill, natural disaster zones.",Bushfire,2011,,"$35,128,000 ","$55,800,000 ",,,,,,,,,,
Undeclared,Whitton Tornado,1-Feb-11,1-Feb-11,FY10,,,"A tornado struck the town destroying a carport, damaging houses and trees. This insured loss estimate is based on market submissions to ICA from greater than 50% of market, modeled to estimate the industry loss estimate.",Storm,2011,,"$100,000 ","$100,000 ",,,,,,,,,,
CAT114,Cylone Yasi,26-Jan-11,6-Feb-11,FY10,FNQ,,"Cyclone Yasi developed as a tropical low north-west of Fiji on 29 January 2011. On 30 January, it was named Yasi by the Fiji Meteorological Service. On 2 February, it was upgraded to a Category 5 system and made landfall near Mission Beach (138 km south of Cairns) between midnight and 1 am (AEST) early on Thursday 3 February. It weakened to a tropical low near Mount Isa around 10 pm on 3 February. In response to warnings about the expected severity of the cyclone, and possible storm surges, approximately 10,000 northern Queenslanders living in low-lying areas evacuated to more than 100 official evacuation centres. Significant numbers were accommodated in unofficial evacuation centres established by communities and church groups. Thousands of people left the area and sought refuge with family and friends. Flights out of the region were fully booked. The hospital's 300 patients were evacuated to Brisbane and other regional hospitals by the the Australian Defence Force, Royal Flying Doctor Service and other means of transportation.  This was an unprecedented evacuation effort. The eye of the cyclone passed over Dunk Island and Mission Beach between Innisfail and Townsville bringing significant winds, the highest estimated at 285 km per hour. Considerable damage occurred to the towns of Tully, Cardwell, Tully Heads, Innisfail, Ingham, Mission Beach, El Arish, Silkwood and Silky Oak and localities, however, the cyclone’s worst impact missed the major centres of Townsville and Cairns. Overall, approximately 1000 people reported significant damage to their homes. Other impacts include power loss to more than 200,000 properties, cars found metres away from where they were left and boats piled on top of each other in some regions. Rainfall totals for the 24 hour period to 9 am Thursday 3 February were 200-300 mm in the area between Cairns and Ayr, causing some flooding. A 5 m tidal surge was observed at the storm tide gauge at Cardwell. Other sea inundation occurred between the beaches north of Cairns and Alva Beach, and there was some inundation in parts of the city of Townsville. The Australian Bureau of Agriculture and Resource Economics and Sciences estimated the cyclone caused a $300 million loss to agricultural production in Queensland, particularly the banana and sugarcane sector. The Federal Government processed more than $250 million worth of recovery grants in the first three weeks after the storm through Centrelink. Financial help was also available in the form of concessional loans for cyclone hit farmers up to $650,000. There was one recorded death.",Cyclone,2011,,"$1,412,239,000 ","$2,100,700,000 ",,,,,,,,,,
Undeclared,Cyclone Bianca,23-Jan-11,30-Jan-11,FY10,,,"Cyclone Bianca was a Category 4 severe tropical cyclone that did not make signifciant landfall. Rain and strong winds were experienced along the Kimberley coast on 25 January. On 26 January, Bianca moved away from the Kimberley and weather conditions started to improve.Bianca disrupted operations in Australia's major iron ore port and several oil facilities. As soon as Bianca became a category 3 Severe tropical cyclone, strong winds lashed through Pilbara suspending Oil and gas production and port facilities.",Cyclone,2011,,,,,,,,,,,,,
Undeclared,Cyclone Zelia,14-Jan-11,16-Jan-11,FY10,,,Cyclone Zelia was a Category 3 storm in the Coral Sea that did not make landfall and was not declared a catastrophe for insurance purposes.,Cyclone,2011,,,,,,,,,,,,,
CAT113,Rural Victoria Flooding,12-Jan-11,14-Jan-11,FY10,,,Riverine flooding impacted various rural centres across northern Victoria.,Flood,2011,,"$128,495,000 ","$283,300,000 ",,,,,,,,,,
CAT112A,Brisbane Flooding,11-Jan-11,14-Jan-11,FY10,SEQ,,"Riverine flooding from the Brisbane and Bremmer rivers impacting on the Brisbane LGA. approximately 5,500 residential properties were innundated, along with commercial and industrial parks.",Flood,2011,,"$1,356,000,000 ","$2,450,400,000 ",,,,,,,,,,
CAT112B,Brisbane Flooding,10-Jan-11,10-Jan-11,FY10,SEQ,,Devastating flooding throught the Lockyer Valley that resulted in multiple deaths.,Flood,2011,,"$283,000,000 ","$453,900,000 ",,,,,,,,,,
Undeclared,Cyclone Vince,9-Jan-11,15-Jan-11,FY10,,,"Cyclone Vince was a Category1 storm that did not make landfall in the Indian Ocean. This insured loss estimate is based on market submissions to ICA from greater than 50% of market, modeled to estimate the industry loss estimate.",Cyclone,2011,,,,,,,,,,,,,
CAT104,Cyclone TASHA,24-Dec-10,25-Dec-10,FY10,SWQ,,"Flooding associated with Ex-Cyclone Tasha caused extensive riverine flooding throughout central, southern and south western QLD",Cyclone,2010,,"$383,000,000 ","$626,800,000 ",,,,,,,,,,
Undeclared,Flooding Gascoyne River,16-Dec-10,21-Dec-10,FY10,,,"As a result of Tropical Low O3U, the Gascoyne River catchment received heavy precipitation from 16 to 19 December and triggered one of the worst floods along the Gascoyne River in history. The rain also affected other river basins in the area, such as Wooramel, Murchison, Lyndon-Minilya, and Ashburton rivers. For the period from 16 to 20 December some stations reported up to 300 mm cumulated precipitation which is equivalent to the normal annual rainfall amount. The highest 24 hours rainfall was reported at Carnarvon Airport on 17 December. During that day 207.8 mm fell which set an all-time record since recording began in 1883 with the previous record 119.4 mm set on 24 March 1923. Extension crop losses occured, atypical flood damage to property and at least 2000 head of cattle were lost in the flood. This event was not declared as a catastrophe for insurance purposes. This insured loss estimate is based on market submissions to ICA from greater than 50% of market, modeled to estimate the industry loss estimate.",Flood,2010,,"$68,000,000 ","$79,200,000 ",,,,,,,,,,
Undeclared,Cyclone ABELE,29-Nov-10,4-Dec-10,FY10,,,"Indian Ocean Category 2, No Landfall, No damage related to this event.",Cyclone,2010,,,,,,,,,,,,,
Undeclared,Kalgoorlie Boulder 5.0 Earthquake,20-Apr-10,20-Apr-10,FY09,,,"Felt up to 200km away from the epicentre, this earthquake caused major damage to the historic buildings in Kalgoorlie-Boulder and injured two people. The strongest quake in the goldfields region for 50 years, it shut down the local mines temporarily, including the Super Pit, the largest open cut mine in Australia.  Some scientists suggest the earthquake may have actually been a 'rock-burst', induced by deep mining and not a natural quake at all. Not declared a catastrophe for insurance purposes.",Earthquake,2010,,"$33,750,000 ","$43,700,000 ",,,,,,,,,,
Undeclared,Cyclone SEAN,20-Apr-10,26-Apr-10,FY09,,,"Indian Ocean Category 2, No Landfall, No damage related to this event.",Cyclone,2010,,,,,,,,,,,,,
Undeclared,Cyclone ROBYN,1-Apr-10,7-Apr-10,FY09,,,"Indian Ocean Category 1, No Landfall, No damage related to this event.",Cyclone,2010,,,,,,,,,,,,,
Undeclared,Cyclone PAUL,22-Mar-10,29-Mar-10,FY09,,,"Gulf of Carpentaria, Category 1, No significant damage reported.",Cyclone,2010,,,,,,,,,,,,,
CAT103,Perth Storm,22-Mar-10,22-Mar-10,FY09,,,"Severe thunderstorms occurred on the afternoon and evening of Monday 22 March 2010 in the central west, lower west, and adjacent parts of the south-west great southern and central wheat belt districts of Western Australia. Severe storms moved through Perth between 3.30 pm and 6 pm with large hail at record levels, heavy rain and severe winds that resulted in considerable damage.  The storm was responsible for record numbers of power outages more than 150,000 properties were without power at the peak, 300 hazard incidents and affected flight, train and bus services. The number of requests for assistance from FESA and SES totalled more than 3000, the most significant number since the May 1994 wind storms. Approximately 15 schools in the northern suburbs were closed the following day due to damage, while many hospitals were also damaged.  Large hail occurred in a strip from the northern coastal suburbs to south Perth. For many suburbs, particularly from Osborne Park to Crawley, hail from 4-6 cm was large enough to badly damage cars, break car windscreens and windows of houses. Hail blocked gutters and drains worsening the impacts of flooding. Many properties were inundated with water including the University of Western Australia's library. A landslip at Kings Park caused the evacuation of several apartment towers as mud inundated lower levels threatening their stability.",Storm,2010,,"$1,053,000,000 ","$1,726,100,000 ",,,,,,,,,,
Undeclared,Cyclone ULUI,14-Mar-10,20-Mar-10,FY09,,,"Cyclone Ului became category 3 Severe Tropical Cyclone Ului on 20 March, and retained this strength until landfall near Airlie Beach, Queensland on the fourth anniversary of Cyclone Larry's landfall on Queensland. Significant damage was not reported from this event, beyond wind driven water pentetration and localised flooding. This event was not declared as a catastrophe for insurance purposes. This insured loss estimate is based on market submissions to ICA from greater than 50% of market, modeled to estimate the industry loss estimate.",Cyclone,2010,,"$12,250,000 ","$19,200,000 ",,,,,,,,,,
CAT102,Melbourne Storm,6-Mar-10,7-Mar-10,FY09,,,"On 6 March 2010, thunderstorms occurred in the west of Victoria, intensifying as they moved eastward towards the Shepparton region. The same day, severe thunderstorms also developed into the north-west of metropolitan Melbourne, bringing isolated severe wind gusts.  Flash flooding was widespread across the city and hailstones measuring 2 - 10 cm caused damage to homes and major buildings including the Arts Centre, Etihad Stadium and Southern Cross Station.  Shepparton experienced localised flooding, hail and wind damage prior to the storm moving south. Power outages occurred to 100,000 homes in Melbourne and 45,000 homes in the Shepparton region.  The severe thunderstorms resulted in more than 7500 calls to the Victorian State Emergency Service, prompting crews from New South Wales, South Australia, Western Australia and Tasmania to help in the clean up.",Storm,2010,,"$1,044,000,000 ","$2,536,300,000 ",,,,,,,,,,
CAT101,West QLD flooding,28-Feb-10,28-Feb-10,FY09,SEQ,,"In the last week of February through to the first week of March 2010, Queensland, Central Australia and Northern New South Wales experienced unprecedented rainfall and serious flooding in several regions. Queensland recorded the highest state wide average rainfall on 2 March, with 31.74 mm.  As a result the heavy deluge brought about widespread flooding to numerous rivers including Paroo, Moonie, Balonne, Dawson, Theodore, Moura, Maranoa, Warrego, Diamantina, Bulloo, Condamine, Weir, Mary, Burnett, and Comet. This had devastating impact on infrastructure including roads, railways and bridges, as well as agriculture and horticulture industries including farms, crops and livestock.",Flood,2010,,"$46,700,000 ","$71,900,000 ",,,,,,,,,,
Undeclared,Cyclone OLGA,21-Jan-10,30-Jan-10,FY09,FNQ,,"A category 2 storm in the Coral Sea that was downgraded to a persistent tropical low at landfall. No significant damage was reported from this event apart from riverine flooding in some North Queensland catchments. This event was not declared as a catastrophe for insurance purposes. This insured loss estimate is based on market submissions to ICA from greater than 50% of market, modeled to estimate the industry loss estimate.",Cyclone,2010,,,,,,,,,,,,,
Undeclared,Cyclone NEVILLE,19-Jan-10,21-Jan-10,FY09,FNQ,,"A short lived Category 1 storm in the Coral Sea that was downgraded severl hours later to a tropical low. This event was not declared as a catastrophe for insurance purposes. This insured loss estimate is based on market submissions to ICA from greater than 50% of market, modeled to estimate the industry loss estimate.",Cyclone,2010,,,,,,,,,,,,,
Undeclared,Cyclone MAGDA,18-Jan-10,24-Jan-10,FY09,,,"Magda made landfall near Kuri Bay late on 21 January as a category three cyclone. This event was not declared as a catastrophe for insurance purposes. This insured loss estimate is based on market submissions to ICA from greater than 50% of market, modeled to estimate the industry loss estimate.",Cyclone,2010,,,,,,,,,,,,,
CAT096,Toodyay Bushfires,29-Dec-09,29-Dec-09,FY09,,,"A major bushfire, blamed on collapsed power lines, broke out at about noon on 29 December 2009 after outdoor temperature had reached 45.4 Â°C and the ""catastrophic"" fire risk rating had been used for the first time in the state. Areas to the south, south-west and east of Toodyay were affected, with more than 3,000 hectares (7,410 acres) of forest burnt and 38 homes lost.",Bushfire,2009,,"$7,400,000 ","$9,100,000 ",,,,,,,,,,
Undeclared,Cyclone LAURENCE,8-Dec-09,23-Dec-09,FY09,,,"A category 5 storm that impacted various parts of northern WA. There were reports of livestock deaths, flash flooding and damage to several homes caused by the cyclone, however, no loss of life was reported. On 22 December, Laurence was downgraded to a category 2 cyclone and then further downgraded to a category 1 cyclone later that day. On 23 December, Laurence was downgraded to a tropical low, as it continued to travel south. This event was not declared as a catastrophe for insurance purposes. This insured loss estimate is based on market submissions to ICA from greater than 50% of market, modeled to estimate the industry loss estimate.",Cyclone,2009,,"$2,500,000 ","$3,700,000 ",,,,,,,,,,
CAT095,East Coast Low,20-May-09,20-May-09,FY08,SEQ,,"On 20 May 2009, an east coast low formed off the south-east Queensland coast. In combination with a strong high pressure system in the southern Tasman Sea, gale to storm force east to south-east winds affected the northern New South Wales coast. Winds of up to 130 km/h were recorded at Byron Bay. Consequently, heavy rain occurred over a large part of the north-east region during the period 19 - 23 May, with additional heavy falls on 20 – 21 May. This was the third major flood to occur in the Mid North Coast this year, compounding damage previously caused during the February and April floods.  As a result, 240 schools were closed across the region, the Tweed area was affected by a lightning strike that disabled powerlines to the north and south of the region (12,000 homes and businesses), and the Macleay River levee at Kempsey broke its banks inundating the township . Moreover,, 16,000 people on the far north coast were without power overnight and up to 35,000 people were isolated by floodwaters... One fatality occurred when a person attempted to cross a flooded creek in Coffs Harbor.",Storm,2009,,"$48,000,000 ","$95,600,000 ",,,,,,,,,,
Undeclared,Cyclone KIRRILY,17-Apr-09,17-Apr-09,FY08,,,An Arafura Sea event with no significant Australian landfall,Cyclone,2009,,,,,,,,,,,,,
CAT094,NSW Coastal Flooding,31-Mar-09,1-Apr-09,FY08,,,"During the period 31 March â€“ 1 April 2009, Coffs Harbour and surrounding regions experienced heavy rainfall associated with severe storms.  The highest falls were recorded at; Red Hill 445 mm, Girralong 730 mm and Wooli 129 mm. The heights of the River systems increased significantly, with; Coffs Creek peaking at 5.14 metres, Bellinger River at 8.6 metres, and the Nambucca River at 10.4 metres.  The effects of the flood were compounded by the heavy rainfall that occurred in February 2009. Consequently, the damage was extensive and affected critical infrastructure, businesses, local industry, property and, crops, while landslips also occurred in some areas. All major roads were closed in Coffs Harbour and immediately surrounding areas, which cut off access to several towns.  There were 760 requests for help from the State Emergency Services (SES).  The response and recovery was assisted by; New South Wales Fire Brigades, Rural Fire Service, Ambulance Service, Police Force and local councils. Over 100 people were rescued, 800 people evacuated and were accommodated overnight in emergency centres and students at three schools stayed overnight.  Several meteorological factors were reported as contributing to the event: a moist, convergent low-level airflow onto the hills inland from Coffs Harbour, a strongly backing vertical wind profile, and a mid-tropospheric trough to the west, which contributed to the upmotion and reduced static stability in the region.  The Minister for Emergency Services declared Coffs Harbour, Nambucca and Bellingen local government areas, a natural disaster zone.  The Insurance Council of Australia estimated the 2009 damage at $37 million with, the 2012 estimated normalised cost of $40 million.",Flood,2009,,"$37,000,000 ","$79,100,000 ",,,,,,,,,,
Undeclared,Cyclone JASPER,23-Mar-09,24-Mar-09,FY08,FNQ,,A Coral Sea event with no significant Australian landfall.,Cyclone,2009,,,,,,,,,,,,,
Undeclared,Cyclone ILSA,15-Mar-09,24-Mar-09,FY08,,,An Indian Ocean event with no significant Australian landfall.,Cyclone,2009,,,,,,,,,,,,,
Undeclared,Cyclone HAMISH,4-Mar-09,14-Mar-09,FY08,FNQ,,"A Category 5 Coral Sea event with no Australian landfall, passing close to the QLD coast impacting areas around Mackay. This event was not declared as a catastrophe for insurance purposes. This insured loss estimate is based on market submissions to ICA from greater than 50% of market, modeled to estimate the industry loss estimate.",Cyclone,2009,,"$12,500,000 ","$24,900,000 ",,,,,,,,,,
Undeclared,Cyclone GABRIELLE,28-Feb-09,6-Mar-09,FY08,,,An Indian Ocean event with no significant Australian landfall.,Cyclone,2009,,,,,,,,,,,,,
CAT093,Black Saturday Bushfire,7-Feb-09,14-Mar-09,FY08,,,"The Black Saturday fires started on 7 February 2009. Approximately 400 fires were recorded across Victoria affecting 78 communities. A total of 173 people died in the fires and 2029 houses were lost. The most significant fire was the Kinglake Fire Complex, named following the merge of the Kilmore East and Murrindindi fires on 8 February. This forest crown fire swept through state forest and national parks with flames more than 30 metres high. The extreme temperatures and wind created convection clouds above the flames that further fuelled the fire and propelled embers far beyond the fire front. Other major fires were at Bunyip, Horsham, Churchill, Redesdale, Narre Warren, Upper Ferntree Gully, Bendigo and Beechworth. People living in these communities were severely affected by the fires, experiencing extensive loss of life and property damage. A total of 2,029 residential properties were lost. A Royal Commission ran for most of 2010 to determine the causes and to set in place recommendations to help prevent future fires.",Bushfire,2009,,"$1,070,000,000 ","$2,567,100,000 ",,,,,,,,,,
Undeclared,Cyclone FREDDY,3-Feb-09,13-Feb-09,FY08,,,An Indian Ocean event with no significant Australian landfall.,Cyclone,2009,,,,,,,,,,,,,
Undeclared,Cyclone ELLIE,1-Feb-09,1-Feb-09,FY08,FNQ,,"A Coral Sea storm event with limited immediate impact on Queensland, however the residual tropical low was persistent in North Queensland giving rise to widespread flooding. See CAT091 ICA Ref 200905.",Cyclone,2009,,,,,,,,,,,,,
CAT091,Floods,31-Jan-09,7-Feb-09,FY08,FNQ,,Flooding Ex-Cyclone Ellie,Flood,2009,,"$19,000,000 ","$36,900,000 ",,,,,,,,,,
Undeclared,Cyclone DOMINIC,24-Jan-09,27-Jan-09,FY08,,,An Indian Ocean event with no significant Australian landfall.,Cyclone,2009,,,,,,,,,,,,,
Undeclared,Cyclone Anika,19-Nov-08,21-Nov-08,FY08,,,"Indian Ocean Category 2 storm, no Australian landfall. Passed close to Cocos Islands.",Cyclone,2008,,,,,,,,,,,,,
CAT086,Queensland Storms (CAT086),16-Nov-08,22-Nov-08,FY08,SEQ,,"Between 16 and 22 November 2008, heavy rains and subsequent flooding affected the Brisbane region and surrounding areas.  The system affected multiple towns including Ipswich, Lockyer Valley, Bundamba, Tallagalla, Forest Hill and Ebbw Vale. he Insurance Council of Australia estimated the 2008 damage at $309 million, with the 2011 estimated normalised cost of $355 million.",Storm,2008,,"$309,000,000 ","$618,200,000 ",,,,,,,,,,
Undeclared,Tornado Southern Perth,9-Jun-08,9-Jun-08,FY07,,,"This event was not declared as a catastrophe event for insurance purposes. The ICA estimate of insured loss for this event is $12.8 million. Confirmed by the Bureau of Meteorology, the tornado swept through the southern suburbs of Perth just after 7.30am and damaged more than 130 homes. Residents from an Aged Care facility in Cooloongup were evacuated as the roof of an activity room was blown off and the was without power or water for some time.",Storm,2008,,"$12,800,000 ","$28,600,000 ",,,,,,,,,,
CAT085,Varanus Island Gas Disruption (CAT085),3-Jun-08,30-Jun-08,FY07,,,"At approximately 1.30 pm on 3 June 2008, an explosion at the Apache Energy Varanus Island gas processing facility's 30 cm gas pipeline caused it to rupture and fires to start. Approximately 153 staff were evacuated from the plant. Nobody was injured, but the facilities were forced to close temporarily. The incident caused Western Australia's domestic gas supply to be cut by 30 per cent, as the Varanus Island facility is a major exporter of gas to the mainland. The largest impact was felt by major industry partners of Apache Energy such as BHP Billiton, Rio Tinto and Burrup Fertilisers, but the disruption in gas supplies also affected small businesses. A survey by the Western Australia Chamber of Commerce and Industry found that of 300 businesses surveyed, almost half said they had been affected by the energy shortage. The West Australian Government laid claims against Apache Northwest Pty Ltd and its co-licencees, Kufpec Australia Pty Ltd and Tap (Harriet) Pty Ltd for 'failing to maintain a pipeline in good condition and repair'. However after more than two years of litigation, the state government made a public statement that they were discontinuing the prosecution due to legal technicalities.",Man-made,2008,,"$230,000,000 ","$339,500,000 ",,,,,,,,,,
Undeclared,Cyclone ROSIE,20-Apr-08,24-Apr-08,FY07,,,An Indian Ocean event with no significant Australian landfall.,Cyclone,2008,,,,,,,,,,,,,
Undeclared,Cyclone DURGA,20-Apr-08,26-Apr-08,FY07,,,An Indian Ocean event with no significant Australian landfall.,Cyclone,2008,,,,,,,,,,,,,
CAT084,Windstorm,2-Apr-08,3-Apr-08,FY07,,,"Tasmania: A deep low pressure system passed close to Tasmania bringing destructive winds from late 2nd April until early the next day with individual wind gusts well over 100 km per hour recorded at several locations. The Tasmanian State Emergency Service reported that 65,000 homes lost power for less than one day, and 1000 of these for longer periods. Many buildings lost their roofs. The pressure at Maatsuyker Island dipped to 966.2 hPa on 3 April the second lowest mean sea level pressure ever reported in Tasmania. Strong and gusty winds on April 2 caused a dust storm in the southern Midlands. The estimated damage bill was around two million dollars.",Storm,2008,,"$65,000,000 ","$174,300,000 ",,,,,,,,,,
Undeclared,Cyclone PANCHO,23-Mar-08,30-Mar-08,FY07,,,An Indian Ocean event with no significant Australian landfall.,Cyclone,2008,,,,,,,,,,,,,
Undeclared,Cyclone OPHELIA,26-Feb-08,7-Mar-08,FY07,,,An Indian Ocean event with no significant Australian landfall.,Cyclone,2008,,,,,,,,,,,,,
Undeclared,Cyclone NICHOLAS,11-Feb-08,20-Feb-08,FY07,,,"An Indian Ocean storm. Nicholas squirmed around Western Australia before finally making landfall north of Carnarvon on 20 February. Once inland, TCWC Perth discontinued advisories. The cyclone caused gales over the North West cape in Western Australia, and the town of Exmouth was on high alert.",Cyclone,2008,,,,,,,,,,,,,
CAT083,Mackay Flood,10-Feb-08,18-Feb-08,FY07,FNQ,,"During the period 10 - 18 February 2008, a number of severe weather fronts permeated numerous areas including the western, far north, central and south-east regions of Queensland. Towns seriously affected by the weather included Townsville, Bundaberg, Mackay, Rockhampton, Airlie Beach, Proserpine, Cooktown, Cairns and Ingham. Heavy rainfall and subsequent flooding resulted in widespread damage across the state of Queensland. There was notable damage to state infrastructure as well as other damage relating to buildings and houses. At Mackay 4000 houses were inundated from flood water and some stations reported 600mm of rain in 6 hours.  Agriculture and horticulture based industries also sustained heavy losses.",Flood,2008,,"$410,000,000 ","$824,100,000 ",,,,,,,,,,
CAT081,South West Queensland Floods,20-Jan-08,21-Jan-08,FY07,SWQ,,During January 2008 atropical low caused state-wide monsoonal rainfall that resulted in widespread flooding throughout Queensland. The Minister for Emergency Services declared 55 local Government areas impacted by the flooding eligible for assistance under the Natural Disaster Relief and Recovery Arrangements (NDRRA). State Emergency Service volunteers responded to more than 1000 calls for assistance as a result of the flooding.  The January floods of 2008 caused extensive damage over Queensland. Infrastructure including roads and railways were badly disrupted. Numerous houses were inundated by flood waters and a number of people were evacuated in the Emerald region.,Flood,2008,,"$70,000,000 ","$156,200,000 ",,,,,,,,,,
CAT082,Northern Rivers Flood,3-Jan-08,9-Jan-08,FY07,,,"Rainfall in excess of 200 mm on the night of 3 January resulted in flooding on the NSW north coast, including Kyogle and near Mullumbimby. The State Emergency Service (SES) received more than 80 requests for assistance. After flood levels rose significantly at nearby Wiangaree, residents from both Kyogle and South Murwillumbah were evacuated. In Kyogle, the SES evacuated 30 people from a caravan park and responded to two landslide incidents. A caravan park was evacuated in Lismore as local roads were flooded. The heavy rainfall resulted in flood warnings for a number of catchments including the Tweed, Richmond, Wilsons, Bellinger, Orara and Clarence Rivers.",Flood,2008,,"$15,000,000 ","$31,900,000 ",,,,,,,,,,
Undeclared,Boorabbin Bushfire,28-Dec-07,28-Dec-07,FY07,,,"At approximately 3 pm on 28 December 2007, a fire began on the north side of the Great Eastern Highway, 80 km west of Coolgardie. It was a hot, dry and windy day, with Southern Cross and Kalgoorlie registering maximum temperatures of 37.4 ?C and 41.7 ?C, creating extreme fire weather conditions. The fire spread rapidly in a northerly direction in the Boorabbin National Park. On 30 December 2007, a strong northerly wind change caused breakaways from the containment lines and the fire crossed the Great Eastern Highway from north to south. Roadblocks were established; however several escorted convoys of vehicles were permitted to travel through the fire area. A convoy of vehicles from Coolgardie arriving at the eastern side of the fire, without an escort, drove into the fire area. Several trucks were engulfed in flames, resulting in three deaths. The highway remained closed until containment lines were completed and a fall-back strategy was implemented on 9 January 2008. The final size of the fire was 39,630 ha. An inquiry into the deaths found three dominating causes - the expectations of fire behaviour in shrubland fuels at night; the procedures for managing road blocks; and the strategic",Bushfire,2007,,,,,,,,,,,,,
CAT076,Blacktown Hailstorm,7-Dec-07,9-Dec-07,FY07,,,"On 9 December 2007 in the north-west suburbs of Sydney a severe thunderstorm with strong winds and hail caused widespread damage from Blacktown to Wahroonga. 0.12% of claims were disputed by policyholders and the bulk of repair work was completed in 36 weeks despite inclement weather preventing roof repairs for long periods as well as an acute shortage of tiles. 49,200 claims were lodged for this event at a value of $415.9 Million.",Hail,2007,,"$415,900,000 ","$935,900,000 ",,,,,,,,,,
Undeclared,Kangaroo Island Bushfire,6-Dec-07,16-Dec-07,FY07,,,"In December 2007, dry lightning ignited numerous bush fires on Kangaroo Island. Four of the fires continued to burn for two weeks, consuming over 20% of the islands' vegetation. The unique environment of Kangaroo Island is strongly influenced by the surrounding cold ocean waters, and the local meteorology, topography and vegetation were factors that influenced the evolution of the bushfires. This case study investigates the fire weather and fire behaviour by examination of meteorological observations, archived high-resolution numerical weather prediction models and documented and anecdotal observations of fire behaviour.",Bushfire,2007,,"$12,000,000 ","$27,200,000 ",,,,,,,,,,
Undeclared,Tornado Dunoon,26-Oct-07,26-Oct-07,FY07,,,"This event was not declared a catastrophe for insurance purposes. The ICA estimate of insured loss is $8.9 million. Described by observers at the time as a multi vortex tornado near the town of Lismore. The tornado blew out the walls of a church, tore the roofs off about 20 residences, and a piece of debris hit a power sub-station that exploded, causing 3000 homes to be without power.",Storm,2007,,"$8,900,000 ","$18,400,000 ",,,,,,,,,,
CAT075,Lismore Hailstorm,8-Oct-07,9-Oct-07,FY07,,,"On 8 October 2007 a super-cell thunderstorm with large hailstones the size of tennis balls hit Lismore at 1.50 pm causing chaos in the central business district. There was extensive damage to central Lismore as a result of the large hail and strong winds. South Lismore was hit again on 9 October by hail 6 cm in diameter and strong winds estimated at 100 km per hour, which caused widespread damage. Approximately 20 mm rain fell in 10 minutes. Seventeen people were injured by hail or flying glass from smashed windows. Homes and motor vehicles were damaged, trees were uprooted by flash flooding and there were many power outages. Buildings were damaged including City Hall, the police station, ambulance station, hospital and other council buildings as well as small businesses.There were approximately 300 calls for assistance received by the SES.",Hail,2007,,"$97,000,000 ","$200,500,000 ",,,,,,,,,,
CAT074,Gippsland Flooding,20-Jun-07,26-Jun-07,FY06,,,"In late June 2007, the Gippsland area received record rainfall associated with an intense low pressure system. The substantial rain event followed the Great Divide Bushfires, when 1.2 million hectares of public and private land were burnt and large areas of soil were left exposed.  The storm in June 2007 resulted in major flooding and widespread damage. Seven rivers burst their banks causing millions of dollars of damage to homes, businesses and farms, as well as a significant loss of public and private assets. The rapidly rising floodwaters forced dozens of rescues and evacuations. One person died as a result of the flood waters. During 48 hours of torrential rain more than 1000 emergency service staff worked to save homes and shops in towns throughout Gippsland. Relief centres were set up at Bairnsdale, Lakes Entrance, Paynesville, Sale, Lucknow and Loch Sport and housed up to 360 evacuees. Volunteers also provided medical aid and catering with other organisations such as the Lions Club.  The State Government established a Flood Recovery Ministerial Taskforce, which assessed community need and planned the recovery program. The Taskforce announced a $60 million Flood Recovery Initiative covering among other things the cost of work on some 400 roads, bridges and 80 walking tracks spanning hundreds of km and clearing debris from the regions’ water supplies, catchments and recreation areas.",Flood,2007,,"$22,500,000 ","$57,600,000 ",,,,,,,,,,
CAT073,East Coast Low,8-Jun-07,9-Jun-07,FY06,,,"June 2007, there were 5 East Coast Lows (ECL) off the coast of New South Wales. The first and most severe occurred over Friday 8 and Saturday 9 June. Heavy rain, strong winds and large ocean swells resulted in widespread damage to coastal regions of the Hunter, Central Coast and Sydney Metropolitan areas. The Queenâ€™s birthday weekend ECL developed in a pre-existing trough of low pressure over the northern Tasman Sea. This trough was directing a humid north-east to south-east air stream across north-east New South Wales and there was a weak low analysed just off the coast near Coffs Harbour on Thursday morning. The low moved south along the NSW coast, before moving out into the Tasman Sea on 10 June 2007.",Storm,2007,,"$1,480,000,000 ","$3,394,600,000 ",,,,,,,,,,
Undeclared,Tornado Moana,21-May-07,21-May-07,FY06,,,"This event was not declared as a catastrophe for insurance purposes. The ICA estimate of insured loss for this event is $500,000. Witness reports at the time indicated that several (&lt;5) houses suffered significant roof damage.",Storm,2007,,"$500,000 ","$1,100,000 ",,,,,,,,,,
Undeclared,Tornado Kakadu,20-Mar-07,20-Mar-07,FY06,,,"This event was not declared a catastrophe for insurance purposes. The ICA insured loss estimate for this event was $500,000. Severe damage was observed in Kakadu National Park, at the Mary River Ranger Station. Two caravans were destroyed, and many eucalyptus and ironwood trees of considerable size were uprooted. The Bureau of Meteorology estimated the wind speeds to be between 230â€“270 km/h.",Storm,2007,,"$500,000 ","$1,000,000 ",,,,,,,,,,
CAT072,Cyclone George,26-Feb-07,13-Mar-07,FY06,,,"Tropical Cyclone George formed on 3 March 2007 in the Joseph Bonaparte Gulf. By the time it crossed the coast, 50 km north-east of Port Hedland on 8 March, it had intensified from a Category 3 to a Category 5 tropical cyclone. Winds generated by Tropical Cyclone George reached 154 km per hour at Port Hedland before the equipment failed. Temporary accommodation at a railway camp was severely damaged with some units breaking into pieces, causing greater damage. Of the 230 workers seeking shelter at the camp, which was 120 km south of Port Hedland, three died and 22 were injured. Damage was also reported at 3 mining camps, where 1000 people were cut off from rescuers by 275 km per hour winds. An emergency situation was declared under the Emergency Management Act on 9 March to assist areas impacted by TC George, including the local government districts of Port Hedland, Roebourne and Ashburton. Gas and oil production facilities in the region were closed for up to seven days as a result of the cyclone.",Cyclone,2007,,"$8,000,000 ","$20,500,000 ",,,,,,,,,,
CAT071,Wagga Severe Storms,15-Jan-07,16-Jan-07,FY06,,,Wind and wind driven water pentration to a significant number of properties across the Wagga and Nyngan regions.Includes original declaration for CAT072.,Storm,2007,,"$6,000,000 ","$12,200,000 ",,,,,,,,,,
CAT065,Hunter Valley Hailstorm,31-Oct-06,31-Oct-06,FY06,,,"On 31 October 2006 at Hexham in the Hunter Valley, a thunderstorm produced hail 4 cm in diameter. The hail damaged up to 10,000 motor vehicles and stripped leaves off trees.  At Wallsend a thunderstorm produced 4 cm hail, at Kahibah strong winds and 2 cm hail was reported and at New Lambton hail 3-4 cm in diameter was reported. The SES received more than 257 calls for assistance in the Newcastle city area.",Hail,2006,,"$51,000,000 ","$117,000,000 ",,,,,,,,,,
Undeclared,Tornado La Perouse,4-Aug-06,4-Aug-06,FY06,,,"This event was not declared as a catastrophe for insurance purposes. The ICA estimates an insured loss of $2 million. A super cellular waterspout/tornado struck the Sydney suburb of La Perouse. It caused damage to several buildings, and brought down powerlines.",Storm,2006,,"$2,000,000 ","$4,800,000 ",,,,,,,,,,
CAT064,Tornado Leschenault,20-Jul-06,20-Jul-06,FY06,,,"CAT064 was declared by the ICA after a tornado struck suburbs of Bunbury in WA causing damage to 60 homes. This events saw the lodgement of 1,283 claims for damage with the insured loss being reported as $5.2 million.",Storm,2006,,"$5,200,000 ","$13,000,000 ",,,,,,,,,,
Undeclared,Cyclone Monica,16-Apr-06,26-Apr-06,FY05,FNQ,,"The final and most intense storm of the season, Monica originated from an area of low pressure off the coast of Papua New Guinea on 16 April.Traveling towards the west, the storm intensified into a severe tropical cyclone before making landfall in Far North Queensland, near the Lockhart River, on 19 April. After moving over land, convection associated with the storm quickly became disorganized.",Cyclone,2006,,"$5,000,000 ","$12,400,000 ",,,,,,,,,,
Undeclared,Cyclone Hubert,5-Apr-06,7-Apr-06,FY05,,,"Prior to landfall, Hubert weakened rapidly in an unfavourable atmospheric environment, and the surface circulation was poorly defined. Eventually, Hubert was downgraded to a tropical low with maximum sustained winds to 33 knots as it crossed the coast during the night of 7 April",Cyclone,2006,,,,,,,,,,,,,
Undeclared,Cyclone Glenda,22-Mar-06,31-Mar-06,FY05,,,"Aided by favourable environmental conditions, Glenda rapidly intensified to reach Category 5 status on the Australian cyclone scale, and with a peak intensity of 910 mbar it was among the strongest cyclones on record within the Australia region. On 30 March, it moved ashore near Onslow as a Category 3 cyclone, and the next day it degenerated into a remnant tropical low over land. The precursor disturbance produced heavy rainfall in the Kimberley region of Western Australia, causing record flooding and some road damage. Minor damage was reported at the final landfall of Glenda. Due to the sparse population and preparations made, the cyclone was not responsible for any deaths or injuries.",Cyclone,2006,,,,,,,,,,,,,
Undeclared,Cyclone Wati,19-Mar-06,24-Mar-06,FY05,FNQ,,Coral Sea event with no Australian landfall,Cyclone,2006,,,,,,,,,,,,,
Undeclared,Cyclone Floyd,18-Mar-06,27-Mar-06,FY05,,,Timor Sea event with no Australian landfall.,Cyclone,2006,,,,,,,,,,,,,
CAT063,Cyclone Larry,17-Mar-06,21-Mar-06,FY05,FNQ,,"Severe tropical Cyclone Larry crossed the tropical north Queensland coast near Innisfail during the morning of 20 March 2006. Between Babinda and Tully, damage to infrastructure and crops was extensive, with the total estimated loss upwards of half a billion dollars. In north-west Queensland, heavy rainfall from the cyclone caused several townships to be isolated for a number of days and, as a result, food drops were required and emergency supplies had to be delivered by helicopter. The banana industry in the region was almost wiped out, losing about 200,000 tonnes of fruit, worth about $300 million, representing approximately 80 percent of Australia's banana crop. The storm also destroyed at least $15 million worth of avocados. The Insurance Council of Australia estimated the 2006 damage at $540 million, with the 2011 estimated normalised cost of $609 million.",Cyclone,2006,,"$540,000,000 ","$914,800,000 ",,,,,,,,,,
Undeclared,Cyclone Emma,25-Feb-06,1-Mar-06,FY05,,,"Cyclone Emma originated near the coastline of Pilbara, Western Australia, and was identified as a category 1 cyclone  when she made landfall. Winds reached 75 km/h at their peak and caused flooding in parts of Western Australia. In Karratha six people needed to be resuced after their cars were stranded in flood waters and the Murchison River swelled to 16 km in width. Farmland was inundated by the overflow of the river resulting in agricultural losses. No fatalities resported.",Cyclone,2006,,,,,,,,,,,,,
Undeclared,Cyclone Kate,22-Feb-06,24-Feb-06,FY05,FNQ,,"Cyclone Kate formed near the tip of Cape York Peninsular on February 22nd. Kate bought with her strong winds of 125 km/h, and rough seas. Although cyclone kate did not make Australian landfall, large swells caused six surfers a range of injuries as they waded into turbulant waters.",Cyclone,2006,,,,,,,,,,,,,
Undeclared,Cyclone Jim,28-Jan-06,30-Jan-06,FY05,FNQ,,"On January 28 a low preassure developed near the coast of Queensland, formed into the category 3 cyclone Jim causing heavy rainfall over the coastal regions of Queensland. Winds reached 120 km/h which intensified to 150 km/h as it bruhed New Caledonia. Did not make Australian landfall.",Cyclone,2006,,,,,,,,,,,,,
CAT061,Victorian Bushfires,19-Jan-06,26-Jan-06,FY05,,,"In late January 2006 a large bushfire destroyed 15,000 hectares north eastern part of Victoria. An adault and child were found dead in a burnt out vehicle near the town of Moysten. A Rural firefighter was also killed when heis fire truck rolled over whilst fighting the Highlands fire near Yea. Approx. 12 homes were destroyed. Started by a lightning strike in January 2006 near The Grampians in Australia. The fire began late on 19 January 2006. By the time it was extinguished it had burned for approximately two weeks and covered approximately 130,000 hectares of land. The fire spread rapidly in a southerly direction towards Dunkeld, south of Grampians National Park. The fire front reached the outskirts of Willaura (south-west of Ararat), before a strong but dry wind change took the fire back in the opposite direction. Winds of up to 120 km/h sent the fire northward extremely quickly, impacting a number of small communities along the eastern side of The Grampians, including Mafeking, Moyston, Barton, Jallukar and Pomonal. A man and his son died between Moyston and Pomonal when they were caught up in the fire. The fire was eventually controlled approximately two weeks later, having burned nearly 47% of the Grampians National Park, as well as a significant amount of private property, a total of 184,000 hectares.  Approximately 25 homes were destroyed, mostly to the west of Moyston and around Pomonal. Over 50 sheds and outbuildings, 1500 kilometres of fencing, as well as 62,000 head of sheep and 500 head of cattle were lost to the blaze",Bushfire,2006,,"$22,400,000 ","$49,800,000 ",,,,,,,,,,
Undeclared,Cyclone Daryl,18-Jan-06,22-Jan-06,FY05,,,"Cyclone Daryl formed in Kuri Bay, parallell to the Western Australian coast. No Australian Landfall.",Cyclone,2006,,,,,,,,,,,,,
Undeclared,Cyclone Clare,9-Jan-06,10-Jan-06,FY05,,,"On 9 January cyclone Clare, a category 3 cyclone made landfall near Karratha then Dampier the following day. Although there were winds of 131 km/h and gusts of 142 km/h, towns suffered only minor structural damage, however extensive flooding in the towns of Walkaway and Lake Grace occured days after the event. No deaths were reported.",Cyclone,2006,,,,,,,,,,,,,
Undeclared,Gawler River Flood,8-Nov-05,8-Nov-05,FY05,,,"On 8 November 2005, the Gawler River burst its banks and spilled out onto the Adelaide Plains, destroying millions of dollars worth of homes, crops, greenhouses and machinery. South Australia’s State Government estimated more than 1,500 hectares were flooded, creating a bill of approximately $40 million.  More than 300 almond, grape, olive, herb, potato and onion growers were affected. Many of the growers who were long-term residents of the region, commented that they had never seen a flood this size before",Flood,2005,,"$40,000,000 ","$99,000,000 ",,,,,,,,,,
CAT059,Broken Hill Severe Storm,6-Nov-05,6-Nov-05,FY05,,,"A signifciant storm event in Broken Hill, described by some as a tornado, caused damage to over 100 residential properties.",Storm,2005,,"$11,150,000 ","$22,000,000 ",,,,,,,,,,
Undeclared,Lake grace Hailstorm,16-Oct-05,16-Oct-05,FY05,,,"On 16 October 2005, a complex low pressure system moved through the Central Wheatbelt and the Great Southern. Severe thunderstorms associated with the system caused hail damage to crops in the Lake Grace area from approximately 2.30 to 4.30 pm. More than 200 farms were affected. The area covered was 150 km from north to south and 50 km west to east. In most places the hailstorm lasted for approximately one hour and hail measured between 1 cm and 3 cm in diameter. In some places the hail was up to 25 cm deep. Over 5000 hectares of crops were destroyed and another 5500 hectares had at least 30 to 40 per cent damage.",Hail,2005,,"$10,000,000 ","$21,000,000 ",,,,,,,,,,
CAT058,Hail,11-Oct-05,12-Oct-05,FY05,SEQ,,"On 12 October 2005, a severe thunderstorm caused a hailstorm in the Gold and Sunshine Coasts. In some regions of Queensland hailstones of up to 7 cm in diameter were reported. The major suburbs and towns affected include Helensvale, Oxenford, Coomera, Mt Nathan, Gaven, Pacific Pines, Arundel, Coombabah, Toowoomba, Gatton, Laidley and Esk.  State Emergency Service crews responded to more than 724 calls for help as the hailstorm damage spread to houses, buildings and cars. Approximately 2000 motor vehicles and 500 homes were damaged.",Storm,2005,,"$61,000,000 ","$149,500,000 ",,,,,,,,,,
CAT056,"Flood, Storm",29-Jun-05,30-Jun-05,FY04,SEQ,,"In June, floods and storms associated with an upper trough system and an east coast low occurred across south-east Queensland and northern New South Wales, causing damage to cars and homes. Rainfall totals were generally four to five times above the average levels. The Gold Coast recorded a total of 368 mm in a 24 hour period. The highest total rainfall in the period was 595 mm recorded at Loder Creek Dam.  Flood warnings were issued for major rivers from mid-north New South Wales to southern Queensland. In the northern New South Wales town of Lismore, the Wilson River peaked and as a precaution, approximately three thousand residents were asked to evacuate their homes. Two people died in south-east Queensland.",Flood,2005,,"$53,900,000 ","$156,100,000 ",,,,,,,,,,
CAT057,East Coast Low,29-Jun-05,30-Jun-05,FY04,,,"Floods and storms occurred across south-east Queensland and northern New South Wales, causing damage to cars and homes. The Gold Coast recorded rain totals of 368 mm in a 24 hour period. The New South Wales Premier declared Lismore, Byron Bay, Tweed Heads and Ballina natural disaster zones.  Flood warnings were issued for major rivers from mid-north New South Wales to southern Queensland. In the northern New South Wales town of Lismore the Wilson River peaked and as a precaution, approximately 3000 residents were asked to evacuate their homes.  Thousands of people in northern New South Wales remained stranded by the flood waters days after the storms, and were reliant on food and medical drops by boat and helicopter.",Storm,2005,,"$25,000,000 ","$75,700,000 ",,,,,,,,,,
CAT055,Hail,19-May-05,19-May-05,FY04,SEQ,,"A hailstorm brought about by unusual weather conditions created widespread flooding and significant damage to the city of Brisbane. The cause of the extreme weather was a vast difference between the ground temperature and a below freezing stratosphere temperature, combined with damp air situated on the coast.  Hail was reported as being 15 cm deep across roads in some areas. There was significant damage to buildings and cars. Over 200 lightning strikes were recorded and as a result Brisbane Airport was required to close for an hour until the storm subsided. Approximately 6500 properties lost power and the SES responded to 160 calls, caused by flooding waters, fallen power lines and trees.",Storm,2005,,"$17,600,000 ","$51,200,000 ",,,,,,,,,,
CAT054,Storm,16-May-05,16-May-05,FY04,,,"On 16 May 2005, a strong cold front caused widespread damage to Perth suburbs and parts of the south-west. Several tornadoes occurred on the edge of the front with the serious damage to buildings and houses in the Bicton and Bunbury areas.  The Fire and Emergency Services Authority (FESA) described it as the worst storm in ten years. The SES received over 800 calls for assistance. Five schools were damaged and at Bicton Primary School the music room was ripped from its foundation.  In Bunbury the tornado caused substantial damage to buildings and residences. Heavy rain caused extensive flooding and traffic chaos with roads closed, including a main highway.  Some parts of the south-west recorded up to 80 mm of rain in 24 hours.  More than 100,000 customers were left without power and the city was littered with downed power poles and live wires. Power was cut along the storm's path in areas such as Bicton, Fremantle, Canningvale, Kwinana and Armadale. A study undertaken after the event reported that many of the Perth localities that were damages were in exposed areas that have a higher wind hazard than other areas in Perth.",Storm,2005,,"$53,200,000 ","$203,600,000 ",,,,,,,,,,
Undeclared,Cyclone ADELINE,2-Apr-05,5-Apr-05,FY04,,,"Indian Ocean cyclone event, no Australian landfall",Cyclone,2005,,,,,,,,,,,,,
Undeclared,Cyclone WILLY,8-Mar-05,14-Mar-05,FY04,,,"Timor Sea cyclone event, no Australian landfall",Cyclone,2005,,,,,,,,,,,,,
Undeclared,Cyclone INGRID,4-Mar-05,16-Mar-05,FY04,FNQ,,"Originally a low pressure system north of the Gulf of Carpentaria, Ingrid moved eastward and developed into a Tropical Cyclone in the Coral Sea on 6 March 2005. A strong pressure gradient rapidly developed within the system as it headed west resulting in a category rating of 5 by 8 March. The eye, with very destructive wind gusts up to 220 km/h within a 20 km radius, reached the far northern coast of the Australian state of Queensland between 6 am and 9 am on 10 March 2005 AEST, and hit the Cape York Peninsula. However, it was downgraded to a Category 2 storm as it crossed the peninsula north of the towns of Coen and Lockhart River. After passing the town of Weipa, Ingrid gained strength once again as it moved out across the Gulf of Carpentaria towards the Northern Territory. It struck the town of Nhulunbuy as a Category 5 storm. It crossed the Cobourg Peninsula in the early hours of 13 March, heading west. Ingrid struck the Tiwi Islands as a Category 4 storm, and moved west into the Timor Sea, being downgraded to a category 3 due to the passage over land. Winds were in excess of 200 km/h. On 15 March Ingrid approached the north coast of the Kimberley region of Western Australia as a Category 4 storm, and made landfall near Kalumburu shortly afterwards. It quickly weakened as it moved inland, and soon completely dissipated.The isolated communities along the coast of Northern Territory suffered considerable damage, and there was localised flooding in the coastal areas due to high tides. On Croker Island, 30 homes sustained damage, some of which lost their roofs, numerous trees were downed, power was cut to most residences, cars were completely destroyed and numerous roads were damaged.[9] Nearly all trees on the island were leveled by 290 km/h (180 mph) wind gusts. Schools were reportedly destroyed in addition to several homes. Much of the infrastructure of the Tiwi Islands was affected, some suffering consequential damage due to trees falling on buildings and vehicles. Damages on the islands amounted to A$5 million ($3.9 million USD).  Throughout the Northern Territory, an additional A$10 million ($6.4 million USD) in damages resulted from Ingrid. Darwin experienced high winds and heavy rain, but was only affected by the southern edge of the cyclone. Western Australia :The Great Northern Highway was closed between Kununurra and Halls Creek for a period of 36 hours due to flooding. A resort area, known as ""Faraway Bay"", northeast of Kalumburu was completely destroyed by the storm. Numerous boats were found 100 m (330 ft) inland after being washed away by the storm surge. Numerous homes lost power and water supply, some sustained major roof damage and severe flooding isolated a few communities. Large areas of forested area were completely destroyed by Ingrid.",Cyclone,2005,,,,,,,,,,,,,
CAT053,Singleton Hailstorm,20-Feb-05,20-Feb-05,FY04,,,Severe hailstorm with strong winds and hail up to 8.5cm size at Singleton in the Hunter. Damage to scores of motor vehicles.,Hail,2005,,"$10,000,000 ","$25,100,000 ",,,,,,,,,,
Undeclared,Cyclone HARVEY,5-Feb-05,7-Feb-05,FY04,FNQ,,"The storm made landfall near the Queensland/Northern Territory border on 7 February as a Category 3 (Australian scale) system. Minor structural damage was reported along the Robinson River and Mornington Island was battered by high winds and heavy rain, however no casualties were reported.",Cyclone,2005,,,,,,,,,,,,,
Undeclared,Cyclone VIVIENNE,4-Feb-05,9-Feb-05,FY04,,,"Timor Sea cyclone event, no Australian landfall",Cyclone,2005,,,,,,,,,,,,,
CAT052,Southerns States Severe Weather,1-Feb-05,3-Jan-05,FY04,,,"A widespread storm across the Southern Eastern States on 1–2 February 2005, killed three and injured 12",Storm,2005,,"$216,700,000 ","$640,900,000 ",,,,,,,,,,
Undeclared,Cyclone TIM,22-Jan-05,25-Jan-05,FY04,,,"Indian Ocean cyclone event, no Australian landfall",Cyclone,2005,,,,,,,,,,,,,
CAT051,Bushfire,10-Jan-05,10-Jan-05,FY04,,,"On 10 January 2005 a fire started near the town of Wangary in the Lower Eyre Peninsula and broke its containment lines the following day. As the next day progressed, South Australia faced two significant fires, Mount Osmond in the Adelaide Hills and the Lower Eyre Peninsula (outside Port Lincoln).  A major incident was declared in the afternoon; heat from the fire was 1000°C with speeds up to 100 km per hour. The fire became known as Black Tuesday and it was not contained until the next day and finally extinguished 20 January 2005. This was the worst fire in South Australia since the 1983 Ash Wednesday fires.  Nine people died in these fires and more than 110 people were injured. Approximately 82,000 ha were burnt. The worst affected areas were Wangary, North Shields, Wanilla, Pooindie, Louth Bay, White Flat, Koppio, Greenpatch and Warunda.  Essential services such as electricity, telecommunidations and water were destroyed.   In terms of personal property, 79 houses were destroyed, 26 homes extensively damaged, 139 vehicles destroyed, 324 sheds destroyed or damaged and 6300 km of fencing damaged. Livestock death totalled 46,500 which were mainly sheep.  A class action with claims in excess of $60 million was launched by landholders against the CFS and the driver of the car which started the fire.  In 2013 the South Australian Supreme Court approved a settlement under which insurers paid landholders a total of $8 million.",Bushfire,2005,,"$27,700,000 ","$80,200,000 ",,,,,,,,,,
Undeclared,Cyclone KERRY,8-Jan-05,18-Jan-05,FY04,FNQ,,"Coral Sea cyclone event, no Australian landfall",Cyclone,2005,,,,,,,,,,,,,
Undeclared,Cyclone SALLY,6-Jan-05,10-Jan-05,FY04,,,"Indian Ocean cyclone event, no Australian landfall",Cyclone,2005,,,,,,,,,,,,,
CAT043,SEQ Severe Storms,20-Sep-04,20-Sep-04,FY04,SEQ,,"Severe storms impacting Brisbane and the Gold Coast, lite property damage",Storm,2004,,"$3,500,000 ","$10,200,000 ",,,,,,,,,,
CAT044,Casino Severe Weather,20-Sep-04,20-Sep-04,FY04,,,Northern Rivers District severe weather with hail in excess of 8cm. Widespread damage to property and vehicles.,Storm,2004,,"$32,300,000 ","$91,900,000 ",,,,,,,,,,
Undeclared,Cyclone PHOEBE,30-Aug-04,5-Sep-04,FY04,,,"A tropical disturbance developed in the east of the region monitored by R union on 30 August, from an active monsoon band that coincided with a burst in the Madden-Julian oscillation. The system moved southeast and entered the Perth Tropical Cyclone Warning Centre's area of responsibility on 1 September. The system was upgraded to Tropical Cyclone Phoebe early on 2 September when it was about 800 km west-northwest of the Cocos Islands. Phoebe quickly reached its peak strength that day, with winds of 85 km/h, as it continued to move to the southeast. The cyclone weakened as it moved over cooler water and dissipated about 550 km from the Cocos Islands. Phoebe posed no threat to any land.",Cyclone,2004,,,,,,,,,,,,,
Undeclared,Cyclone OSCAR,21-Mar-04,28-Mar-04,FY03,,,"Indian Ocean Severe Tropical Cyclone, No Australian Landfall",Cyclone,2004,,,,,,,,,,,,,
Undeclared,Cyclone GRACE,20-Mar-04,23-Mar-04,FY03,FNQ,,"Grace is mostly remembered for its effects prior to reaching cyclone status rather than during its life as an officially named tropical cyclone. A multi-centred tropical low formed adjacent to the north Queensland tropical coast near Cooktown as early as 20 March within a very active monsoon trough that stretched across the northern Coral Sea and Cape York Peninsula toward New Caledonia, and initially had a subtropical appearance. The surface wind field of the system meandered to the east and then to the east-northeast over the following days, producing a very broad area of gales to its south through the Tasman Sea. The highest three-day rainfall amounts for Grace was 759 mm from Topaz, which received 372 mm in 24 hours. The strongest winds from the mainland were from Low Isle at 18/1311 UTC when gusts reached 50 knots (93 km/h). Cape Moreton at 21 March 2004 2230 UTC received gusts to 54 knots (100 km/h). Widespread flooding and damage to roads and property along the far north Queensland coast, mainly between Cooktown and Cairns. Winds and waves brought tide levels above the highest tides of the year and this was particularly evident at Cooktown. Floodwaters closed all major roads into Cairns. A large section of one lane of the Captain Cook Highway north of Cairns collapsed after a landslide consisting of nearly 20 metres of rock and boulders the size of cars destroyed the ocean-side road. The scenic coastal highway and link between Cairns and Port Douglas was closed for several days. Residents were evacuated from the Whitfield range area due to landslides. There were no casualties associated with Tropical Cyclone Grace. In New Caledonia, further strong winds, heavy rains and flooding were experienced. A massive oil slick threatened a popular tourist beach in New Caledonia. Officials in the French Pacific territory put up barriers around the island of Amedee, which was threatened by a toxic oil slick, estimated to cover an area of 20 square kilometres. They said the oil had come from a boat wrecked several decades ago on a coral reef off South Province.",Cyclone,2004,,"$25,000,000 ","$91,000,000 ",,,,,,,,,,
Undeclared,Cyclone FAY,12-Mar-04,28-Mar-04,FY03,,,"A low pressure system formed in the Gulf of Carpentaria and moved westward into the Timor Sea; it was named Tropical Cyclone Fay on 16 March. Fay was 400 km north of Wyndham and 330 kilometres west northwest of Darwin. There were reports along the Kimberley Coast of gale force winds. On 21 March, Cyclone Fay intensified even further as the storm approached Scott Reef where significant damage occurred. Looping back towards the Kimberley coast, Fay - now a Category 3 system - approached to within 90 km of Broome on 25 March, before turning to the south-west. Broome experienced strong winds with gale-force gusts, some heavy rain and heavy seas but escaped serious damage. Fay then headed further away from the coast on the 25th before resuming a general southerly track on the 26th. Fay crossed the Pilbara coast between the pastoral stations of Pardoo and Wallal between 8 am and 9 am WST on 27 March as a Category 4 storm with estimated maximum wind gusts of around 235 km/h near the center. The cyclone weakened as it moved inland. Little wind damage was reported from the storm despite its intensity as it made landfall in a remote part of the WA coast and consequently only impacted sparsely populated pastoral and mining areas. As the system passed close to the Yarrie mine its translation speed reduced and some 200 workers were locked down for 8 hours in two squash courts as accommodation units were overturned, water tanks ""shredded"" and power lines cut. Fay appears to have weakened below cyclone strength on Sunday evening (28 March) between Nullagine and Telfer.[7] Cyclone Fay caused extensive flooding and considerable damage. Fortunately, there were no deaths.",Cyclone,2004,,"$8,500,000 ","$27,500,000 ",,,,,,,,,,
Undeclared,Cyclone NICKY,8-Mar-04,10-Mar-04,FY03,,,"Indian Ocean event, no Australian landfall",Cyclone,2004,,,,,,,,,,,,,
CAT042,Severe Storms,3-Mar-04,18-Mar-04,FY03,SEQ,,"In March 2004, tropical cyclones Grace, Monty, Nicky, Fay, Oscar and Evan affected several regions of Australia. Wide spread flooding occurred in Queensland, Western Australia and the Northern Territory. Severe thunderstorms with high rainfall totals, flash flooding and hail were reported in most states over the course of the month. Damage to property, infrastructure and power supplies occurred. A tropical low developed on 2 March and moved south-west bringing strong to gale force winds, large seas and heavy rain to south-east Queensland and northern New South Wales. Rainfall totals in several east coast locations was more than 200 mm in 24 hours. There were three fatalities associated with this event: one person drowned in Queensland and two people drowned in New South Wales. In Western Australia, Cyclone Monty weakened as it neared the northern coast but brought with it widespread rainfall over the Pilbara causing significant flooding. In the Northern Territory, heavy rainfall associated with ex-tropical cyclone Evan affected the Arnhem, Darwin-Daly, Katherine and northern Victoria river districts, resulting in flooding in many catchments throughout the Top End. Residents were evacuated from flooded homes and businesses on the outskirts of Katherine on 4 March.",Storm,2004,,"$58,500,000 ","$202,500,000 ",,,,,,,,,,
Undeclared,Cyclone EVAN,27-Feb-04,4-Mar-04,FY03,,,"Formed on 27 February and dissipated on 4 March. Crossed Groote Eylandt and the Northern Territory mainland, causing flooding.",Cyclone,2004,,,,,,,,,,,,,
Undeclared,Cyclone MONTY,25-Feb-04,3-Mar-04,FY03,,,Cyclone Monty was a small cyclone that formed off the Kimberley coast around 27 February 2004. Monty then strengthened into a Category 4 cyclone as it moved parallel with the Pilbara coast. The cyclone made landfall near Mardie Station as a Category 3 cyclone on 1 March. Monty damaged several boats and caused isolated flooding.,Cyclone,2004,,,,,,,,,,,,,
Undeclared,Cyclone FRITZ,10-Feb-04,15-Feb-04,FY03,FNQ,,"A tropical low developed on 10 February in the northern Coral Sea, within an active monsoon trough. The system developed rapidly and becoming Tropical Cyclone Fritz when it was northeast of Cooktown. Fritz moved rapidly to the west, and made landfall on the northern Queensland coast with winds of 75 km/h. The storm lost its tropical character as it crossed the Cape York Peninsula and entered the Gulf of Carpentaria on 11 February. The low reintensified over the favourable conditions in the Gulf, and reached its peak with 95 km/h winds near Mornington Island. Radar imagery showed evidence of an eye as the storm passed over the island on 12 February. It then crossed over the coast onto mainland Australian and degenerated overland. The remnant travelled over Northern Territory and Western Australia, before merging with a cold front to the south of Perth. Cyclone Fritz brought up to 309 mm of rain to the Cairns area. This led to a number of landslides, one of which caused severe property damage in Yorkeys Knob. There was flash flooding near Innisfail when 74 mm of rain fell in one hour. Fritz uprooted a number of trees on Mornington Island, but there was no other damage there. There were no casualties from the storm.",Cyclone,2004,,,,,,,,,,,,,
Undeclared,Cyclone LINDA,28-Jan-04,1-Feb-04,FY03,,,"Indian Ocean event, no Australian landfall",Cyclone,2004,,,,,,,,,,,,,
CAT041,SEQ Severe Storms,24-Jan-04,26-Jan-04,FY03,SEQ,,"From 24 to 26 January 2004, a ridge of high pressure extended south of Tasmania over to New Zealand. This placed Brisbane in a hot humid north to north westerly air stream for the week. These conditions produced a succession of severe thunderstorms causing widespread damage in south-east Queensland, particularly in Brisbane, Ipswich and the Gold and Sunshine Coasts. Towns affected included Currumbin, Coolangatta, Fortitude Valley, Woolloongabba, Oxley, Coorparoo, Warrick, Ipswich, Bundamba, Bellbowrie, Calliope, Jimboomba, Beaudesert, Gatton, Nanango, Archerfield, Toowoomba, Kawana Waters, Caloundra, Morerton Bay, Maryborough and Rockhampton.  The Amberley Royal Australian Air Force base recorded a wind gust of 111 km per hour and a sustained wind of 100 km per hour for a 10 minute period. Severe wind combined with large hailstorms caused widespread damage and houses were affected by fallen trees and debris. Furthermore, there was damage to infrastructure and 121,000 houses in the Brisbane area lost power.",Storm,2004,,"$28,500,000 ","$98,900,000 ",,,,,,,,,,
Undeclared,Cyclone DEBBIE,16-Dec-03,23-Dec-03,FY03,,,"Cyclone Debbie formed in the Arafura Sea, north Australian Coast making landfall on 20th December and crossing the Northern Territory coast  between Gooulburn and Maningrida. No significant damage occured, howerver communities of Warruwi and Maningrida suffered structural damage  such as lifted sheets of roofing iron, damage to power lines, causing interuptions to both power and water supply.Cyclone Debbie and heavy rainfall managed to knock down 30-40 percent of trees.",Cyclone,2003,,,,,,,,,,,,,
Undeclared,Cyclone JANA,7-Dec-03,11-Dec-03,FY03,,,Cyclone Jana developed into a category 3 cyclone and from the north of Cocos Island. No Australian Landfall.,Cyclone,2003,,,,,,,,,,,,,
CAT034,Melbourne Severe Storms,1-Dec-03,6-Dec-03,FY03,,,"The 2003 Melbourne thunderstorm was a severe weather event that occurred over the city of Melbourne, Australia, and surrounding areas of Victoria, from 1 to 6 December 2003. The Australian Bureau of Meteorology called the storm a ""once in 100-year event"".  According to the Bureau of Meteorology, the storm formed at around midnight on the night of 2 December over Craigieburn, then grew in size as it moved in a south-easterly direction (the Bureau issued a severe thunderstorm warning based on their observations at 11.38 pm). The two hours from midnight to 2 am saw extremely heavy rainfall, with some areas recording more than 100 mm of rain in that time. The rapid rainfall caused flash flooding, which resulted in extensive damage to property.",Storm,2003,,"$100,000,000 ","$378,200,000 ",,,,,,,,,,
CAT033,East Coast Low,24-Aug-03,25-Aug-03,FY03,,,"On 24 August 2003, a windstorm developed from an intense low pressure system over Tasmania and was felt along the eastern states from Victoria to New South Wales.Tasmanian police removed trees blown on to roads by the strong winds on the Murchison Highway in Roseberry on the west coast, and a tree was moved off the Tasman Highway in Buckland on the east coast . Falling trees across power lines cut electricity to the Tasman Peninsula between Sorell and Nubeena. Rain caused flooding over an extensive area of southern Tasmania and damaged the Buckland Bridge in Orford, which connects the east coast to the Midlands, to the point where it had to be closed for two days. Police received approximately 400 calls for assistance, the majority from people in the Tasman Peninsula, Bruny Island, the Huon Valley and the east coast. Sydney and Illawarra districts experienced gale force winds causing considerable damage to trees, boats, aircraft, buildings and power loss to 150,000 homes. Wind gusts reached 141 km per hour at Bellambi Point, 120 km per hour at Albion Park, Manly and Kurnell, 113 km per hour at Sydney Airport and 109 km per hour at Fort Denison. A man died when a tree fell on his car in St Ives. Three people were injured by falling trees in Mosman and Bathurst and another after falling from a roof in Wollongong. Two swimmers were reported lost when they were blown out to sea off Curl Curl Beach, although the search was later called off. Heavy rain and strong winds caused trees to fall damaging several houses and cutting off major roads across Melbourne and in the north-east of the state, with the State Emergency Service responding to more than 1,500 calls for help. Maximum wind gusts recorded on 24 August included 90 km per hour at Gelantipy, 91 km per hour at Cape Nelson, 93 km per hour at Mt Buller, 94 km per hour at Aireys Inlet, Cape Otway, Cerberus, Combienbar, Fawkner Beacon and Lookout Hill, 98 km per hour at Dunns Hill, Frankston and Mt Gellibrand. Wind damage occurred around Melbourne and in southern Victoria.",Storm,2003,,"$25,000,000 ","$78,200,000 ",,,,,,,,,,
Undeclared,Cyclone EPI,5-Jun-03,6-Jun-03,FY02,,,Cyclone Epi developed near Woodlack Island on 5th June. No Australian Landfall.,Cyclone,2003,,,,,,,,,,,,,
Undeclared,Bendigo Tornado Event,18-May-03,18-May-03,FY02,,Bendigo,"Reports of a tornado event in Bendigo VIC, with wind damage to 50 homes. This event was not declared as a catastrophe for insurance purposes. This insured loss estimate is based on market submissions to ICA from greater than 50% of market, modeled to estimate the industry loss estimate.",Storm,2003,,"$2,800,000 ","$11,600,000 ",,,,,,,,,,
Undeclared,Cyclone CRAIG,7-Mar-03,13-Mar-03,FY02,,,"On 8th March cyclone Craig, a category 2 cyclone that had developed west of Darwin made landfall on Melville Island carrying winds of 95 km/h. As cyclone Craig moved along to the Coburg Peninsular he began to weaken slowly inland, however this changed once the storm reached Gulf of Carpentaria as it accelerated southeastward and made landfall south of Kowanyama. The Impact of Cylone Craig was minor, 164 mm of rain fell in 24 hours at Ramingining, strong winds downed trees, some residents were evacuated to shelters, schools in the Darwin region closed and some damage to small craft occured.",Cyclone,2003,,,,,,,,,,,,,
Undeclared,Cyclone HARRIET,1-Mar-03,11-Mar-03,FY02,,,"A category 1 cyclone developed southwest of Christmas Island, but did not make Australian landfall. Strong winds from cyclone Harriet contributed to a large bushfire near Walpole in Western Australia.",Cyclone,2003,,,,,,,,,,,,,
Undeclared,Cyclone ERICA,1-Mar-03,12-Mar-03,FY02,FNQ,,Coral Sea category 3 cyclone. No Australian landfall.,Cyclone,2003,,,,,,,,,,,,,
Undeclared,Cyclone GRAHAM,26-Feb-03,1-Mar-03,FY02,,,"On 28th February Cyclone Graham emerged from the northern coast of Australia and made landfall at Eighty Mile Beach as a category 2 cyclone  in Western Australia. This heavy rainfall caused flooding, severe damage to trees, road closures, and swelled a river at the Fitzroy Crossing. One man could not be saved and died from drowning.",Cyclone,2003,,,,,,,,,,,,,
Undeclared,Cyclone FIONA,3-Feb-03,13-Feb-03,FY02,,,"A category 4 cyclone develped from a tropical low north of Karratha in Western Australia intensifying, it moved southwestward re-curving south southeastward into the Great Austalian Bight bringing with her severe rainfall. The Eyre Penninsular and Adelaide recorded more rain in 24 hours than they had in 2002 and 2001 combined. Due to this event, New South Wales experienced major flooding in Tamworth, and road closures on the Pacific Highway. Gold Coast suffered torrenmtial rain damaging 100 dwellings.",Cyclone,2003,,,,,,,,,,,,,
Undeclared,Cyclone BENI,1-Feb-03,5-Feb-03,FY02,FNQ,,"Cyclone Beni emergerd from the South Pacific region, making tracks across the Australian region reaching the Coral Sea and near Mackay bringing with him strong vertical winds. Heavy rainfall accompanied Beni and into Gladstone causing one person to drown and damage to powerlines which lleft communities with power outages.",Cyclone,2003,,,,,,,,,,,,,
CAT032,Canberra Bushfire,18-Jan-03,18-Jan-03,FY02,,,"On 18 January, two fire fronts combined to create a 25 km fire front and wind gusts of up to 65 km per hour propelled the fire towards Canberra. The Chief Minister declared a state of emergency at 2.45 pm and the firestorm hit the outer streets of Duffy at approximately 3 pm, and soon reached the suburbs of Rivett, Chapman, Kambah, Higgins, Hawker and Cook.  Four people were killed by the fires, more than 435 people were injured and there were 5000 evacuations. Approximately 160,000 hectares were burnt which equated to almost 70 per cent of the ACT's pasture, forests and nature parks including Namadgi National Park, Tidbinbilla Nature Reserve and all government pine forest west of the Murrumbidgee River Stromlo pine plantation. There were approximately 488 houses destroyed and many more were damaged.  The Chief Minister and Cabinet Inquiry into the Operational Response to the January 2003 bushfires made 61 recommendations.",Bushfire,2003,,"$350,000,000 ","$1,272,000,000 ",,,,,,,,,,
CAT031,Alpine Bushfires,8-Jan-03,8-Jan-03,FY02,,,"The Alpine bushfires started on 8 January 2003, a day of Total Fire Ban. Lightning ignited 87 fires in the North-East and East Gippsland regions. Eight of these fires were unable to be contained; they joined together to form the largest fire in Victoria since the Black Friday fires in 1939. More than 40 fires were also started in New South Wales and Australia Capital Territory. The majority of the area burnt in Victoria was public land, 1.19 million hectares of parks and forests, including 60 per cent of the Alpine National Park and 81 per cent of the Mt Buffalo National Park. Fire fighting efforts were made difficult in hard to access, remote forest terrain. Approximately 90,000 hectares of private land was burnt. The fires burnt nearly 800,000 hectares in New South Wales and Australia Capital Territory, bringing the total of land affected throughout the Australian Alps to approximately 2 million hectares. The immediate effects of the fires included reduced water quality and quantity, loss of vegetation and habitats, destruction of commercial timber infrastructure, damage to recreation and tourism infrastructure assets and destruction of cultural sites and farms adjacent to public land. A Ministerial Taskforce, appointed by the Victorian Premier, announced a funding package of $70.6 million for recovery works on public land associated with natural and cultural assets and support for agricultural private landowners affected by the fires. This was the biggest bushfire recovery effort ever undertaken in Victoria at the time.",Bushfire,2003,,"$12,000,000 ","$23,000,000 ",,,,,,,,,,
CAT023,Southern Sydney Bushfire,9-Oct-02,9-Oct-02,FY02,,,"High temperatures combined with severe wind helped a fire get out of control at Engadine on 9 October 2002. The day was labelled a total fire ban day, however fire broke out and quickly spread causing significant damage to homes in Engadine. Other areas affected by fires included Llandilo, Richmond and Windsor-Castlereagh, Bilpin and Narrabri.",Bushfire,2002,,"$25,000,000 ","$89,400,000 ",,,,,,,,,,
Undeclared,Cyclone Upia,25-May-02,29-May-02,FY01,FNQ,,Solomon Sea Category 1 Cyclone. No Australian Landfall,Cyclone,2002,,,,,,,,,,,,,
Undeclared,Cyclone Errol,9-May-02,14-May-02,FY01,,,Indian Ocean Category 1 Cyclone. No Australian Landfall,Cyclone,2002,,,,,,,,,,,,,
Undeclared,Cyclone Bonnie,9-Apr-02,15-Apr-02,FY01,,,Arafura and Timor Sea Category 2 Cyclone. No Australian Landfall,Cyclone,2002,,,,,,,,,,,,,
Undeclared,Cyclone Dianne,7-Apr-02,11-Apr-02,FY01,,,Indian Ocean Category 4 Cyclone. No Australian Landfall,Cyclone,2002,,,,,,,,,,,,,
Undeclared,Cyclone Des,3-Mar-02,7-Mar-02,FY01,FNQ,,Coral Sea Category 2 Cyclone. No Australian Landfall,Cyclone,2002,,,,,,,,,,,,,
CAT022,Sydney Region Severe Storm,16-Feb-02,16-Feb-02,FY01,,,A severe storm crossed the western suburbs of Sydney late in the afternoon of 16 February 2002 causing considerable damage. It moved in a north north-easterly direction at a speed of about 30 km per hour with very heavy rain and strong wind gusts. The strongest wind gust reported was 96 km per hour at Bankstown Airport. The SES received approximately 8000 requests for assistance.,Storm,2002,,"$18,600,000 ","$72,600,000 ",,,,,,,,,,
Undeclared,Cyclone Claudia,11-Feb-02,5-Feb-02,FY01,FNQ,,Coral Sea Category 3 Cyclone. No Australian Landfall,Cyclone,2002,,,,,,,,,,,,,
Undeclared,Cyclone Chris,2-Feb-02,6-Feb-02,FY01,,,"Cyclone Chris made landfall in WA as a Category 5 severe tropical cyclone, to the west of Pardoo in the states North.  The cyclone caused large losses of cattle. One farmer reported that roughly 20% of the 6,000 cattle he owned died during the storm. In aboriginal communities along the coast, emergency assessment teams discovered that a 500,000 acre cattle farm was completely wiped out. At the town of Bonney Downs, along the Nullagine River, 309 mm of rain produced by the storm caused the river to burst its banks, inundating parts of Nullagine, Western Australia. Significant structural damage was reported in Pardoo where the town's makeshift shelter lost its roof and some of its walls; a shed was destroyed and several homes were damaged. Several buildings in the town were destroyed by the floods, including a preschool. Power lines throughout the area were downed. At the height of the storm, communications were lost with Marble Bar. Throughout the town, only one home sustained roof damage and several fences were knocked over.",Cyclone,2002,,"$2,500,000 ","$9,100,000 ",,,,,,,,,,
CAT021,Northern Rivers Severe Storm,16-Jan-02,17-Jan-02,FY01,,,"A severe thunderstorm developed south of Grafton and intensified as it moved north-east toward the coast. Hail and heavy rain were reported at Grafton while at Lismore damaging winds, flash flooding and hail the size of golf balls were reported. The storm was at its highest intensity as it crossed the coast at Kingscliff. Flash flooding, 7 cm hail and a tornado occurred.  Damage was reported at Kingscliff and neighbouring Banora Point.   The New South Wales State Emergency Service deployed approximately 300 volunteers to assist 1000 homes across the state.",Storm,2002,,"$12,500,000 ","$54,700,000 ",,,,,,,,,,
CAT018,Bushfire,24-Dec-01,7-Jan-02,FY01,,,"The Black Christmas bushfires were bushfires that burnt for almost three weeks from 24 December 2001 to 7 January 2002 across New South Wales, Australia. It was the longest continuous bushfire emergency in NSW history.  Low rainfall across winter & spring 2001 combined with a hot, dry December created ideal conditions for bushfires. On the day of Christmas Eve, firefighters from the Grose Vale Rural Fire Service (RFS) brigade attended a blaze in rugged terrain at the end of Cabbage Tree Rd, Grose Vale, believed to have been caused by a poorly extinguished campfire in the Grose Valley.  On Christmas Day, strong westerly winds fuelled more than 100 bushfires across the state, creating a plume of smoke that extended across Sydney. This plume of smoke would not clear for some days as the bushfires continued to burn, creating some of the worst pollution that Sydney has ever experienced, with a regional pollution index reading of: 200 in North-West Sydney; 120 in Central-East and South-West Sydney. The fires mainly burnt in Lane Cove National Park, the Royal National Park & Blue Mountains National Park. Overall approximately 3,000 square kilometres (740,000 acres) were burnt. 121 homes were destroyed across the state and 36 damaged, mostly in the lower Blue Mountains and west of the Royal National Park around Helensburgh. Arsonists were believed to be responsible for starting many of the fires, leading to harsher penalties for those who start bushfires.",Bushfire,2001,,"$69,000,000 ","$269,400,000 ",,,,,,,,,,
CAT016,"Storm, Tornado",18-Nov-01,18-Nov-01,FY01,,,Severe weather including reports of a tornado cluster struck Port Stephens causing signifciant damage to property.,Storm,2001,,"$30,000,000 ","$115,500,000 ",,,,,,,,,,
CAT017,Storm,18-Nov-01,18-Nov-01,FY01,,,"On 18 November 2001, severe thunderstorms affected many parts of eastern New South Wales. Most of the impact was felt at Nelson Bay, where thunderstorms and tornadoes occurred with winds reaching up to 150 km per hour.  It was reported more than 100 buildings were damaged and several boats destroyed. Significant wind speeds were reported, including 135km/h at Mudgee, 148km/h at Nelson Bay and 150km/h at Narrabri.  Significant damage also occurred in the Lower Hunter Valley and the Sydney metropolitan regions of Penrith, Richmond and Horsley Park from strong wind gusts. Approximately 2000 homes and 200 cars were damaged and three people were killed.  Wisemans Ferry reported hail 3 cm in size. More hail similar in size occurred at Bundarra, Ben Lomond (Northern Tablelands), and in Canberra small hail fell in the northern suburbs on the afternoon on 18 November.",Storm,2001,,"$30,000,000 ","$117,300,000 ",,,,,,,,,,
Undeclared,Swan Hill 4.8 Earthquake,27-Oct-01,27-Oct-01,FY01,,,"Felt in Swan Hill near VIC–NSW border, Minor damage including fallen chimneys and fallen shelves and items. Power disruptions.",Earthquake,2001,,"$2,500,000 ","$8,900,000 ",,,,,,,,,,
CAT015,"Flood, Storm",9-Mar-01,11-Mar-01,FY00,SEQ,,"During the period 9 - 11 March 2001, thunderstorm activity brought intense rainfall to the Queensland south-east Coast district.  Subsequent heavy rain affected the Gold Coast and Logan City, with heavy rain falling over Brisbane City, producing areas of flash flooding, particularly across southern suburbs but also in the east and north. Intense rainfall was observed across the district for duration of approximately 6 hours.  Gold Coast and Logan City: A person drowned during the early morning hours of 11 March, when the vehicle in which they were passenger was swept off a road near Logan. Many homes and businesses were damaged by flash flooding. Flooding at Beenleigh also led to four houses being inundated with sewage.  Brisbane City: A person was confirmed drowned, after being swept away by flood waters on the evening of 9 March, when vehicle in which they were passenger was washed off a road at Lawnton (in Brisbane's north). The damage inventory included hundreds of cars, many shops and offices, and up to 600 homes.  Stones Corner, a suburb in inner-eastern Brisbane, was one of the worst hit areas. Metre-deep flooding entered East's League's Club, forcing 50 patrons to be evacuated. About 30 cars were submerged in the club car park. Many houses throughout Brisbane's southern suburbs were also flooded. Over 100 homes were inundated in Wishart (southern suburb). Heavy rain downed powerlines at Annerley, Woolloongabba, Greenslopes and Holland Park. A block of flats at Greenslopes had the roof torn off. Cars that were stalled on flooded roads caused peak-hour traffic chaos. Many cars that had been left in flooded streets floated away. A car dealership in Salisbury reported damage to about 50 vehicles.  The northern suburbs of McDowall, Windsor, Ferny Hills, Arana Hills and Everton Hills also recorded severe water damage. In the northern suburb of Aspley,six new cars were swept from the yard of a car dealership and into Cabbage Tree Creek and another 80 new vehicles were damaged. Flash flooding caused problems in Everton Hills near Kedron Brook.  Sunshine Coast: A person was rescued from a vehicle that was washed into a waterway. Shops in the main street of Beerwah were flooded, trees came down on powerlines and cars were swept away. Numerous traffic accidents were reported. Flash flooding was also reported near Sunrise Beach, and at Noosaville, Nambour, Eumundi and Hunchy. Powerlines were brought down at Nambour. Two homes were evacuated when it was believed that the roofs could be blown off.",Storm,2001,,"$37,000,000 ","$189,800,000 ",,,,,,,,,,
CAT014,North Coast NSW Floods and Storms,2-Mar-01,5-Mar-01,FY00,,,"The development of a low-pressure system off the New South Wales North Coast caused torrential rain on 2 March before dissipating as it entered Queensland.  Heavy rainfall intensified over the following days, particularly in the Coffs Harbour and Port Macquarie regions.  River systems in the region were at capacity and tidal systems in correlation with the king tides  also caused water levels to rise. The following river systems were affected; Richmond, Clarence, Bellinger, Nambucca, Macleay, Hastings, Manning, Paterson and Hunter.  The rising water exceeded levees in Kempsey and the traffic bridge at Kempsey peaked at a height of 6.9 metres. A reported 94 businesses suffered damage, with an estimated direct cost of $28,000 per business, while streets were closed to traffic. At the Mirriwina Gardens settlements, 50 kilometres north-west of Kempsey, 100 people were evacuated.  The Clarence River also threatened to exceed levees, causing precautionary evacuations of more than 1000 people, including 80 patients from the Grafton Hospital.  The Grafton levee bank was able to hold the water within the river system, which finally peaked at 7.75 metres.  The effects of the flooding were wide spread and inundations and dislocation of services affected up to 28 local government areas.  The Pacific Highway, the main route in many of these regions, was cut for several days. It was also reported that some rail services were suspended.  Further flood impact was reported at Yamba, which was isolated by flood waters, while sewerage infrastructure failure was reported at Gladstone and Smithtown, and at Ulmarra (population of 470), residents were ordered to evacuate.  Bellingen, Thora, Kaland and Darkwood, South West Rocks, Hat Head, and Crescent Head were also isolated and required food and medical drops by helicopter.  The response units included; State Emergency Services (SES) with a contingent of 1300 volunteers from 83 units, Rural Fire Service (RFS), New South Wales Fire Brigade (NSWFB), Volunteer Rescue Association (VRA), Police, and Council workers.  Additional supporting equipment used in the response included; ten heavy tankers, 12 flood boats, and 11 helicopters.  The enormity of the recovery resulted in the Premier establishing a whole of Government task force to coordinate the operation.   Brigadier Philip McNamara was appointed the regional coordinator for the recovery effort and was based at Coffs Harbour.",Flood,2001,,"$39,450,000 ","$177,300,000 ",,,,,,,,,,
Undeclared,Cyclone Paula,25-Feb-01,4-Mar-01,FY00,FNQ,,A category 4 cyclone that remained offshore in the Coral Sea. No signifciant damage reported on Australian territory.,Cyclone,2001,,,,,,,,,,,,,
Undeclared,Cyclone Abigail,24-Feb-01,8-Mar-01,FY00,FNQ,,"A category 3 cyclone that crossed Cape york from the Coral Sea, inot the Gulf of Carpentaria. Minor damage and catchment flooding reported.",Cyclone,2001,,,,,,,,,,,,,
Undeclared,Cyclone Vincent,12-Feb-01,15-Feb-01,FY00,,,A category 2 cyclone that made landfall near Eighty Mile Beach in WA. Minor damage reported.,Cyclone,2001,,,,,,,,,,,,,
Undeclared,Cyclone Winsome,8-Feb-01,16-Feb-01,FY00,,,A category 1 cyclone impacting the NT from the Gulf of Carpentaria. Minor damage reported.,Cyclone,2001,,,,,,,,,,,,,
Undeclared,Cyclone Terri,28-Jan-01,31-Jan-01,FY00,,,A category 2 cyclone that made landfall near Pardoo on the WA north coast. Minor damage and localised flooding was reported.,Cyclone,2001,,,,,,,,,,,,,
Undeclared,Armidale Hailstorm,24-Jan-01,20-Feb-01,FY00,,,"Thunderstorms developed in northern NSW during the mid to late afternoon along an inland trough. Armidale was lashed by golf ball size hail around 5.30pm damaging 60 homes and 40 cars. Orchards and trees stripped and roof tiles, skylights and windows broken. The main highway was closed after hail piled up 15cm deep with hail still on the ground at noon the following day.",Hail,2001,,"$5,000,000 ","$19,500,000 ",,,,,,,,,,
CAT013,Casino Severe Storm Event,17-Jan-01,17-Jan-01,FY00,,,"On 17 January 2001, north-eastern New South Wales experienced a severe thunderstorm, with the worst impact occurring in the town of Casino. Heavy rain caused local flash flooding. Approximately 59 mm of rain was recorded including 31 mm in just ten minutes. Hailstones up to 7 cm were reported in some areas. Gale force winds in some instances exceeding 110 km per hour inflicted damage to 800 homes and 300 motor vehicles. Power lines fell, cutting power to the town. It is estimated that 30,000 properties lost power in the region as a result of the storm. As the storm moved towards Queensland, a 73 knot gust was recorded at the Evans head weather station.",Storm,2001,,"$35,000,000 ","$118,800,000 ",,,,,,,,,,
CAT011,Dubbo Severe Storm Event,17-Jan-01,17-Jan-01,FY00,,,"Dubbo (Central Western Slopes) in New South Wales experienced a very severe thunderstorm late in the day. Damage was caused by strong winds, large hailstones and flash flooding. Approximately 50 mm of rain and hail was recorded in around thirty minutes and wind gusts of up to 130 km per hour resulted in hundreds of falling trees. It was estimated 400 buildings and 150 motor vehicles were damaged. Dubbo was declared a natural disaster area and it was later reported that approximately 5% of houses sustained damage from the storm.",Storm,2001,,"$15,000,000 ","$61,800,000 ",,,,,,,,,,
CAT012,Sydney Severe Storm Event,15-Jan-01,15-Jan-01,FY00,,,"On 15 January 2001, maximum temperatures reached 46 °C degrees at the Sydney suburb of Penrith before a cool change moved through with accompanying wind gusts up to 113 km per hour. The wind impacted Sydney's metropolitan area, and caused considerable damage to property, trees and fences and thousands of homes lost electricity.",Storm,2001,,"$12,000,000 ","$51,100,000 ",,,,,,,,,,
Undeclared,Cyclone ROSITA,14-Apr-00,20-Apr-00,FY99,,,"A category 4 cyclone developed north of Port Hedland, making landfall along the Kimberly coast south of Broome. Rosita left  significant structural damage to the Echo Beach tourist resort, Yardoogarra and Thangoo Stations, as well as considerable damage to trees and powerlines.",Cyclone,2000,,,,,,,,,,,,,
Undeclared,Cyclone VAUGHAN,3-Apr-00,7-Apr-00,FY99,FNQ,,A category 2 cyclone forming in the Coral Sea headed westward towards North Queensland. No significant damage.,Cyclone,2000,,,,,,,,,,,,,
CAT005,Cyclone Tessi,2-Apr-00,16-Apr-00,FY99,,,"A tropical low in the northern Coral Sea deepened into tropical Cyclone Tessi on 2 April 2000 and crossed the coast near Bambaroo and Crystal Creek (80 km north of Townsville) early on 3 April as a category 2 cyclone. Winds unroofed buildings, uprooted trees and power lines fell in the area between Ingham and Ayr. Approximately 70 per cent of Townsville lost power. Heavy rain caused landslides on Townsville's Castle Hill destroying two homes and requiring the evacuation of another 50. Townsville Airport reported a record April wind gust of 130 km per hour and a daily rainfall total of 271.6 mm. Although damage was widespread, the impact was considered minor.",Cyclone,2000,,"$15,000,000 ","$70,400,000 ",,,,,,,,,,
Undeclared,Cyclone OLGA,15-Mar-00,20-Mar-00,FY99,,,A category 2 cyclone that developed in the Timor Sea and maintained a presence parallell to the Kimberly and Pilbara coasts of Western Austalia. No Australian landfall.,Cyclone,2000,,,,,,,,,,,,,
Undeclared,Cyclone NORMAN,28-Feb-00,9-Mar-00,FY99,,,A category 4 cyclone that reamined off the Pilbara coastline. No Asutralian landfall.,Cyclone,2000,,,,,,,,,,,,,
CAT003,Cyclone Steve,27-Feb-00,11-Mar-00,FY99,FNQ,,"Cyclone Steve formed in the northern Coral Sea, near Willis Island, and developed into a cyclone at approximately 7 am on 27 February 2000. The cyclone intensified further during the day to reach Category 2 intensity by 1 pm, before crossing the east Queensland coast to the near north of Cairns at approximately 7 pm. Cyclone Steve caused major flooding between Cairns and Mareeba. A record flood level of 12.4 m was reached at Mareeba at 4.37 am on 28 February 2000, with 90 people requiring evacuation and the railway bridge washed away. Many buildings in Cairns suffered severe water damage including the Cairns Hospital. Wind gusts of up to 150 km per hour caused several buildings in Cairns and Kuranda to lose their roofs. Hundreds of trees were uprooted and powerlines were brought down throughout the district, disrupting supplies to more than 40,000 residents. The two highways to the Atherton Tablelands were closed by fallen trees and landslides. Crop damage by floods and winds was severe, notably the sugar cane industry. Cairns Emergency Services answered over 1200 calls during the course of Cyclone Steve, while the Disaster Coordination Centre took another 1800 calls. One person from the town of Cardwell was killed by the floods following the cyclone.",Cyclone,2000,,"$11,000,000 ","$56,400,000 ",,,,,,,,,,
Undeclared,Cyclone MARCIA,15-Feb-00,18-Feb-00,FY99,,,Indian Ocean category 1 cyclone. No Austalian landfall..,Cyclone,2000,,,,,,,,,,,,,
Undeclared,Cyclone LEON,1-Feb-00,8-Feb-00,FY99,,,A low pressure area developed within the monsoon trough south of Bali.making tracks west - southward over northwestern Australia. This developed into a category 3 cyclone that did not make landfall.,Cyclone,2000,,,,,,,,,,,,,
Undeclared,Cyclone KIRRILY,24-Jan-00,2-Feb-00,FY99,,,"A category 2 cyclone that formed east of Cocos Island, however did not make Australian landfall.",Cyclone,2000,,,,,,,,,,,,,
CAT002,"Flood, Storm",20-Jan-00,28-Feb-00,FY99,FNQ,,"In February 2000, Queensland’s far north experienced heavy rainfall during three distinct wet periods. The first of these affected coastal catchments from Mackay to Ingham from early to mid-February, Then from mid-February, heavy rainfall occurred in the far western catchments, followed by Cyclone Steven in late February, which caused flooding from Ingham to Cooktown.  Across the month of February, minor flooding occurred at Pioneer River, Burdekin River, Barron River, Paroo River and Gulf River. Moderate and/or major flooding occurred at Don River, Haughton River, Herbert River, Tully River, Bulloo River, lower Barron River, Thomson River, Barcoo River, Cooper Creek, Diamantina River and Georgina River/Eyre Creek.The city of Cairns was also affected. Emergency services opened a disaster co-ordination centre after a record 208 mm deluge. More than 3000 sandbags were distributed to Cairns residents and it was reported that around whilst 10,000 residents experienced blackouts. Almost a third of Queensland was declared a natural disaster area by the State Government in the wake of the extensive flooding throughout northern, central and western Queensland.  In relative terms one out of three individuals were directly affected by the floods. Wide spread floods caused damage to plantations, crops and infrastructure, which resulted in several large damage estimates.",Flood,2000,,"$82,000,000 ","$477,800,000 ",,,,,,,,,,
CAT998,Melbourne Flooding,26-Dec-99,28-Dec-99,FY99,,,"On 26 to 28 December 1999, high rainfall in the northern suburbs of Melbourne caused localised flooding. In Carisbrook, central Victoria, over the same period the local catchment area received the most significant rainfall totals in more than 100 years. The southwest side of the town was flooded by overland flows from the Mosquito Flat and Craigie catchment area between Carisbrook and Maryborough. A number of properties in the town were affected and the Pyrenees Highway was closed.",Flood,1999,,"$10,000,000 ","$57,200,000 ",,,,,,,,,,
Undeclared,Cyclone ILSA,11-Dec-99,17-Dec-99,FY99,,,"Tropical Cyclone Ilsa, formed to the northeast of Cocos Islands on 11 December 1999. It was tracked for a period of almost nine days and its development was impeded by vertical windshear for a large part of its lifetime. After a long track eastwards across the Indian Ocean it eventually crossed the WA coastline along the Eighty Mile Beach during the early afternoon of 17 December. During the lifetime of Ilsa , Tropical Cyclone John formed in the Timor Sea and crossed the Pilbara coast on the morning of 15 December.",Cyclone,1999,,,,,,,,,,,,,
Undeclared,Cyclone JOHN,9-Dec-99,16-Dec-99,FY99,,,"Tropical Cyclone John was an intense early season cyclone that crossed the Pilbara coast between Port Hedland and Karratha near Whim Creek on 15 December. Extensive damage was done to the Whim Creek hotel. Some damage also occurred in neighbouring areas, however the communities of Dampier, Karratha, Roebourne and Wickham were fortunate to escape the most destructive winds near the centre of the cyclone.",Cyclone,1999,,,,,,,,,,,,,
CAT997,Illawarra Storm,24-Oct-99,24-Oct-99,FY99,,,"On 24 October 1999, severe thunderstorms affected the mid-north coast and northern rivers districts of New South Wales. Twenty three yachts on Sydney Harbour were damaged and lightning cut power across parts of Sydney. Strong winds brought down trees in many Sydney suburbs. At Kendall in the mid-north coast, 5.5 cm diameter hail was reported. It dented cars, broke windows and skylights, and destroyed gardens. The Illawarra Escarpment received the heaviest rainfall in this event with Wattamolla (Tamol) recording 340 mm over two days. Includes CAT996",Storm,1999,,"$45,000,000 ","$207,800,000 ",,,,,,,,,,
CAT991,"Flood, Storm",12-Aug-99,14-Aug-99,FY99,SEQ,SE QLD,SE QLD,Storm,1999,,"$2,000,000 ","$12,900,000 ",,,,,,,,,,
CAT995,Eastern Sydney Hailstorm,14-Apr-99,14-Apr-99,FY98,,,"At approximately 7.45 pm on 14 April 1999, a torrential hailstorm hit Sydney's inner and eastern suburbs, damaging thousands of homes and cars. Hailstones the size of cricket balls hit the city at more than 200 km per hour. The storm hit 85 suburbs, causing damage to 20,000 houses including windows, roofs and skylights. Seventy thousand cars sustained windscreen and panel damage. The worst affected areas included the south-east suburbs of Kensington, Kingsford, Botany, Mascot, Randwick and Paddington. The NSW Government Fire & Rescue reported that 2000 emergency calls were made in the first five hours of the event and 1092 incidents were recorded. One person died as a result of the storm.",Hail,1999,,"$1,700,000,000 ","$8,845,700,000 ",,"20,000",,"70,000",,,,,,
Undeclared,Cyclone GWENDA,2-Apr-99,8-Apr-99,FY98,,,"Tropical cyclone Gwenda formed in the Indian Ocean to the southwest of Timor overnight on 4 April 1999. It was the only cyclone to form in Australian waters during the month of April. Gwenda intensified very rapidly late on 5 April. By the evening of 6 April the central pressure was estimated to be near 900 hPa (Category 5). It moved on a due southward course towards the Pilbara coast overnight on 6 April and then on the morning of 7 April the track changed towards the south-southeast towards the town of Port Hedland. During the evening as the cyclone approached to within 100 kilometres of Port Hedland, the cyclone experienced very strong wind shear and weakened rapidly. The cyclone crossed the coast 50 kilometres to the east of Port Hedland around midnight. At Port Hedland gale force winds were reported for a period of about 5 hours commencing at 2100 WST in the evening. Following landfall the cyclone weakened further and eventually merged into the heat trough.",Cyclone,1999,,,,,,,,,,,,,
Undeclared,Cyclone FREDERIC,25-Mar-99,1-Apr-99,FY98,,,"A low in the monsoon trough formed off the north Kimberley coast on 25 March. It attained cyclone strength on 27 March. As Frederic moved further west it experienced easterly shear, that temporarily slowed its rate of development. The shear reduced overnight on 28 March and an eye became visible by the morning of the 29th. Frederic remained a severe cyclone as it traversed westward across the Indian Ocean. It crossed out of the WA region of responsibility on the 1st of April and then weakened rapidly due to wind shear.",Cyclone,1999,,,,,,,,,,,,,
CAT993,Flood,19-Mar-99,20-Mar-99,FY98,,Moora,Moora,Flood,1999,,"$4,000,000 ","$17,000,000 ",,,,,,,,,,
Undeclared,Cyclone ELAINE,15-Mar-99,20-Mar-99,FY98,,,A low was evident within the monsoon trough in the Timor Sea from 12 March. It moved westward in a favourable environment and intensified to cyclone strength by the morning of 16 March. Further intensification to severe cyclone strength occurred in the following 24 hours as it continued on a path parallel to but well offshore from the WA coastline.,Cyclone,1999,,,,,,,,,,,,,
CAT994,Cyclone Vance,14-Mar-99,23-Mar-99,FY98,,,"Cyclone Vance developed off the coast of Darwin between 17 and 18 March, intensifying as it tracked to the west south-west then to the south before crossing the coast near Exmouth on 22 March as a Category 5 system. Wind speeds were recorded at 267 km per hour at Learmonth and 174 km per hour at Onslow. By the 23 March at 4 am it was near the town of Mount Magnet and was moving southeast at 50 km per hour. Cyclone Vance was downgraded to Category 1 and passed to the northeast of Kalgoorlie on the 23 March 2011 at approximately 3 pm. The storm surge associated with Cyclone Vance caused severe erosion of the beachfront and marina at Exmouth and stranded three large barges on the edge of Beadon Creek at Onslow. The storm surge at Exmouth was measured at 3.5 m which resulted in a storm tide of 4.9 m. Severe structural damage occurred to approximately 10 per cent of buildings in Exmouth; many more experienced less obvious damage due to the intrusion of rainwater. Other damage was recorded in the far west of Pilbara, including damage in the town of Cue. Water and power supplies throughout the Gascoyne and Goldfields were disrupted and many homesteads sustained wind or flooding damage. The main rail and road links to the eastern states were cut.",Cyclone,1999,,"$35,000,000 ","$197,300,000 ",,,,,,,,,,
CAT992,Cyclone Rona,9-Feb-99,16-Feb-99,FY98,FNQ,,"Significant wind damage from Rona extended from Newell Beach to Cape Tribulation with the major damage occurring between Cape Kimberley and Cape Tribulation on the northern side of the coastal crossing location. Some trees in the Cape Tribulation area that survived an intense cyclone in 1934 were felled by Rona . As the system crossed the coast in a sparsely populated area of the north Queensland coast, structural damage to property was minimal. Heavy rainfall following the landfall of Rona resulted in flooding from Cairns to Townsville. Highest 24 hour rainfall totals to 2300 UTC on 12 February were 531 mm at Topaz, 474 mm at Greenhaven, and 420 mm at Kuranda. A 1 m storm surge was recorded at Port Douglas (occurring at low tide) while at the Mouth of the Mossman River (near Newell and south of the radius of maximum winds) a 1.4 m storm surge was measured. Peak significant wave heights recorded at Low Isles exceeded 3.5 m with a maximum wave height in excess of 6.3 m.",Cyclone,1999,,"$4,000,000 ","$27,900,000 ",,,,,,,,,,
Undeclared,Cyclone PETE,21-Jan-99,23-Jan-99,FY98,,,"Late on 21 March the cyclone changed track to a due southerly course towards the Exmouth/Onslow area. The eye of the cyclone passed across Exmouth Gulf, approximately 25 kilometres to the east of Exmouth and 80 kilometres to the west of Onslow during Monday morning 22nd March. A record wind gust speed for the Australian mainland of 267 kilometres per hour was recorded at the Learmonth Meteorological Office, 35 kilometres south of Exmouth shortly before midday. At Onslow the maximum gust recorded was 174 kilometres per hour. The combination of very high seas and high tides caused severe erosion of the beachfront at Exmouth. At Onslow the storm tide left 3 large barges stranded on the edge of Beadon Creek. The cyclone crossed the southern part of Exmouth Gulf around 1pm then moved further inland and began to weaken. By the morning of 23 March it was near the town of Mount Magnet and was moving southeast at 50 kilometres per hour. There was damage to property in the town of Cue when winds struck the town at around 4am.",Cyclone,1999,,,,,,,,,,,,,
CAT988,Storm,26-Dec-98,26-Dec-98,FY98,,,Sydney,Storm,1998,,"$10,000,000 ","$52,000,000 ",,,,,,,,,,
CAT982,Cyclone SID,24-Dec-98,29-Dec-98,FY98,FNQ,,"Tropical Cyclone Sid caused heavy rain and wide spread flooding to areas in the northern regions of Queensland, between Cairns and Townsville. Townsville recorded 549 mm of rain in a 24 hour period, and as a result 50 per cent of the town lost their power supply. Other major areas affected included Blue Water Creek, Black River, Rollingstone, Paluma, Ingham, Halifax and Charters Towers. The heavy deluge resulted in extensive damage throughout the affected regions. At Thuringowa, 48 houses were seriously flooded, 14 creek and riverside homes were lost, and 33 were left severely damaged. Elsewhere, infrastructure including roads, highways, bridges, railways and power lines were badly affected. Furthermore, the flash flood inundated multiple buildings and houses along with wide spread damage to both agricultural and horticultural industries. The flood waters ruined crops, with cane growers particularly impacted.  One death was recorded as a result of this event.",Cyclone,1998,,"$71,000,000 ","$463,600,000 ",,,,,,,,,,
Undeclared,Cyclone CATHY,22-Dec-98,28-Dec-98,FY98,FNQ,,Kathy reached peak intensity around 1200 UTC 22 March when located approximately 100 km northeast of Vanderlin lsland Kathy crossed the mainland coast around 2130 UTC 22 March just north of Booroloola Township where there was moderate to sever damage. A 4.2 m storm surge was measured on the east coast of Vanderlin Island.,Cyclone,1998,,,,,,,,,,,,,
CAT9811,Brisbane Storms,16-Dec-98,16-Dec-98,FY98,SEQ,,"On 16 December 1998, a severe storm crossed Brisbane suburbs causing extensive hail damage. The most affected suburbs were Clayfield, Windsor, Wilston, Albion, Northgate and Wavell Heights.",Storm,1998,,"$76,000,000 ","$476,200,000 ",,,,,,,,,,
Undeclared,Cyclone THELMA,3-Dec-98,15-Dec-98,FY98,,,"Severe tropical cyclone Thelma was the most intense cyclone to traverse the Northern Region in the last 35 years. It was also the first category five observed in the Timor Sea. Thelma brushed past the Tiwi Islands as it was intensifying to a category 5 but was a sufficient distance from communities to not cause any major damage. Thelma reached its peak in the Timor Sea, but started to weaken as it crossed the north west Kimberley coast in a sparsely populated region. No deaths or injuries were reported.",Cyclone,1998,,,,,,,,,,,,,
Undeclared,Cyclone BILLY,1-Dec-98,6-Dec-98,FY98,,,Billy began as a tropical low to the north of Port Hedland. It reached cyclone intensity on 2 December 1999 and moved on a southwest track towards the west Pilbara coastline. Its structure improved significantly on 3 December; morning visible satellite images on 4 December showed an eye pattern for a few hours.? It weakened to below cyclone strength near Barrow Island and eventually crossed the coast near Onslow as a tropical low.,Cyclone,1998,,,,,,,,,,,,,
CAT9810,Brisbane Storms,13-Oct-98,13-Oct-98,FY98,SEQ,,"On 13 October severe thunderstorms occurred in the area of Warwick, in southeast Queensland. The impact of the storm included damage to homes, commercial buildings, uprooted trees, and significant crop damage. Later the same day storms occurred in the Brisbane area causing widespread damage to houses and, buildings as well as uprooting trees. Inner city rail services ceased operation for several hours. Brisbane Airport recorded significant wind gusts of up to 119 km per hour. Hail the size of golf balls were reported in the Brisbane and Gympie areas.",Storm,1998,,"$23,000,000 ","$145,800,000 ",,,,,,,,,,
CAT989,"Flood, Storm",17-Aug-98,18-Aug-98,FY98,,,"During the period 17 – 18 August, a low pressure trough moved along the central and southern New South Wales coast, causing heavy rainfall. On 17 August between the hours 6 pm to 9 pm, a thunderstorm remained over the Wollongong area dumping heavy falls. Minor flooding had occurred on the days leading up to the storm, and on 17 August the flood peak occurred in most catchments between 7 pm and 8 pm. Due to the flash flooding, many areas were isolated until 9pm. Major roads and train lines to Wollongong were disrupted and mudslides were reported on some roads, including Bulli Pass. A railway embankment failure at Coledale resulted in train delays for up to a week. Fifty homes were flooded in north Wollongong, and it was reported that homes along the coast were dislodged from their foundations. One person drowned while attempting to cross a flooded creek at Bellambi. Damage recorded in Sydney suburbs included; erosion of beach side suburbs, 14 metropolitan roads blocked, power loss to thousands of homes and trees and power lines brought down by winds reported to have reached 92 km/h. Due to the impact of the flood, the State Emergency Services (SES) obtained access to the Natural Disaster Relief Arrangements (NDRA) funding which assisted in the response efforts. During the cleanup operation up to 450 personnel assisted and 41 SES volunteer units sent teams into Wollongong.",Flood,1998,,"$40,000,000 ","$187,600,000 ",,,,,,,,,,
CAT987,Flood,24-Jun-98,00-Jan-00,FY97,,,East Gippsland,Flood,1998,,"$1,300,000 ","$7,000,000 ",,,,,,,,,,
CAT986,Hunter Valley Storms,23-Jun-98,23-Jun-98,FY97,,,"On 23 June 1998, severe storms with gale force winds affected the Northern tablelands and Hunter Valley regions of Sydney, causing damage to properties and infrastructure. Fallen power lines created a power outage for over 7000 homes and demand for power reached record levels on the night of 23 June. The State Emergency Service reported that across the State more than 2000 requests for assistance had been received; almost 1800 of which were received from the Hunter Valley. The worst affected areas were Lake Macquarie, Maitland, Newcastle and Port Stephens. One woman drowned in flooded waters at Crookwell.",Storm,1998,,"$12,000,000 ","$83,900,000 ",,,,,,,,,,
CAT985,Sydney Storms,9-Apr-98,9-Apr-98,FY97,,,"Thunderstorms coupled with heavy rain occurred in the Sydney metropolitan area late 9 Apri 1998 and into the following day. Much of the reported damage was due to flash flooding. Hundreds of SES staff and volunteers worked to protect homes around the Narrabeen Lake area as water levels rose to a 15 year high. Three houses were evacuated as they were threatened by stormwater at the rear of their properties. Approximately 5,000 homes lost power after the heavy rains. One person drowned after being swept away in a swollen creek. Avalon and Belrose recorded rainfall levels in excess of 200 mm. The Bureau of Meteorology advised the event was caused by an upper level system interacting with warm, moist onshore flow lifted by a trough off the coast.",Storm,1998,,"$10,000,000 ","$57,900,000 ",,,,,,,,,,
Undeclared,Cyclone NATHAN,20-Mar-98,26-Mar-98,FY97,FNQ,,Nathan was a weak cyclone which spent six days in the Coral Sea at minimum cyclone intensity. Nathan did not cross the QLD coast.,Cyclone,1998,,,,,,,,,,,,,
Undeclared,Cyclone MAY,25-Feb-98,26-Feb-98,FY97,FNQ,,"May developed in the southern Gulf of Carpentaria and existed at minimal cyclone intensity for less than 24 hours before crossing the coast.The highest rainfall was recorded at Burketown with 1065 mm over the seven-day period commencing 26 February. Severe flooding to major flood level occurred in the lower reaches of the Nicholson, Albert, Gregory and Leichhardt and lower Flinders Rivers.",Cyclone,1998,,,,,,,,,,,,,
CAT984,Sydney Storms,4-Feb-98,6-Feb-98,FY97,,,0,Storm,1998,,"$12,000,000 ","$69,500,000 ",,,,,,,,,,
CAT983,Katherine Floods,23-Jan-98,29-Jan-98,FY97,,,"On 24 January 1998, Tropical Cyclone Les developed over the Gulf of Carpentaria. As the cyclone reached land it weakened into a rain depression which moved towards Katherine. In Katherine, rainfall began on 25 January and continued steadily for three days. During this time between 400 and 500 mm fell over the Katherine, Roper and Daly River catchments. Three people drowned in the floodwaters. After two days of steady rain, on 27 January 1998, the Katherine River had risen to more than 20 m. The main street was covered by 2 m of muddy water and 2000 people abandoned their homes and possessions. Roads and transport links were extensively damaged and it took a number of days to repair. The community at Daly River was also affected by the flood as it moved downstream and 400 people were subsequently evacuated. Residents in the Roper and Moyle River catchment areas were also affected, with evacuations taking place from communities in these areas.",Flood,1998,,"$70,000,000 ","$302,000,000 ",,,,,,,,,,
Undeclared,Cyclone TIFFANY,22-Jan-98,31-Jan-98,FY97,,,"Tropical Cyclone Tiffany formed early on 24 January off the northwest Kimberley coast. It occurred during an active monsoon period when Tropical Cyclone Katrina intensified in the Coral Sea and Tropical Cyclone Les formed in the Gulf of Carpentaria. It developed rapidly into an intense cyclone with a radius of gales between 100 and 130 km and moved generally west or west southwest, remaining offshore from the Pilbara coast at a distance of approximately 200 kilometres. Tiffany caused strong to near gale-force winds on exposed areas of the Pilbara coast and storm force winds at North Rankin offshore platform during 27 January but had no other effect on coastal WA. Tiffany weakened as it continued to move westwards. Winds were estimated to have decreased below gale force by early on 30 January. The low-level centre then moved west northwest and continued to weaken, some 700 km south southeast of Cocos Islands.",Cyclone,1998,,,,,,,,,,,,,
CAT981,Nyngan Storm,5-Jan-98,5-Jan-98,FY97,,,"On 5 January 1998 at approximately 3.15pm, a severe storm with hail and strong winds struck the western New South Wales town of Nyngan. Four houses were destroyed in the storm and a further 77 houses sustained significant damage. Public buildings, schools and shops were also damaged. There was widespread damage to infrastructure including electricity lines, water and sewage. One person was injured.",Storm,1998,,"$12,000,000 ","$46,600,000 ",,,,,,,,,,
Undeclared,Cyclone KATRINA,1-Jan-98,24-Jan-98,FY97,FNQ,,"Katrina was an erratic and extremely long-lived cyclone which spent three weeks in the Coral Sea and South Pacific Ocean between the Queensland coast and Vanuatu.After its decay the remnants of K atrina moved westward over Cape York Peninsula, past the Northern Territory and into the Indian Ocean where it developed into tropical cyclone Victor during February. Victor was then re-named Cindy as it moved into La Reunion RSMC in the central Indian Ocean. Katrina developed in early January during an active phase of the intraseasonal oscillation after Sid had weakened to the west and Ron and Susan were developing to the east.? In the Solomon Islands, 200 homes were destroyed on southern Guadalcanal and 450 homes destroyed on the islands of Rennell and Bellona.",Cyclone,1998,,,,,,,,,,,,,
Undeclared,Cyclone VICTOR,1-Jan-98,17-Feb-98,FY97,,,"Victor formed from a tropical low that moved across northern Australia, and was most likely the remnants of former TC Katrina in the Coral Sea.",Cyclone,1998,,,,,,,,,,,,,
Undeclared,Cyclone SID,24-Dec-97,29-Dec-97,FY97,,,As Sid passed the township of Nhulunbuy and Groote Eylandt trees were uprooted and powerlines were damaged at both locations. Two craft dragged their moorings and one was washed against rocks at Nhulunbuy Yacht Club.,Cyclone,1997,,,,,,,,,,,,,
CAT975,Menai Bushfire,21-Nov-97,28-Nov-97,FY97,,,"During mid November 1997, New South Wales experienced several serious bushfires that threatened many communities in and around the Sydney region. Major areas affected included Burragorang, Pilliga, Hawkesbury, Hunter, Shoalhaven, Central Coast and Sydney's south, in particular Menai. In total twenty Local Government areas were affected. More than 150 fires flared out of control due to a dangerous late spring cocktail of dry thunderstorm activity with multiple lightning strikes, high temperatures, low humidity, heavy fuel loads and high winds. The bushfires caused widespread damage to the affected regions destroying 10 homes around 500,000 ha. Approximately 5000 firefighters and sixty fixed wing aircraft were involved. Four firefighters lost their lives.",Bushfire,1997,,"$3,000,000 ","$17,400,000 ",,,,,,,,,,
CAT974,Grafton Storm,16-Nov-97,16-Nov-97,FY97,,,"Severe thunderstrom cluster in the vicinty of Grafton, extreme rainfalls and hail damage,",Storm,1997,,"$5,000,000 ","$22,400,000 ",,,,,,,,,,
CAT973,SE NSW Severe Storms,23-Mar-97,23-Mar-97,FY96,,,Severe storms developed on the southern highlands and Illawarra coast. Golf ball size hail fell from another storm this day. This produced smaller non damaging hail. More significantly a severe storm later in the day produced a funnel.,Storm,1997,,"$10,000,000 ","$78,100,000 ",,,,,,,,,,
CAT972,Cyclone Justin,6-Mar-97,23-Mar-97,FY96,FNQ,,"Two lows merged in a very active monsoon trough in the Coral Sea and developed into Tropical Cyclone Justin on 7 March. Tropical Cyclone Justin sat in the Coral Sea for three days, causing high winds and huge swells and maximum intensity was recorded on 9 March. It was downgraded to a tropical low on 13 March. The cyclone then drifted north and re-intensified to tropical cyclone strength on 14 March, reaching peak intensity on 18 March before weakening and crossing the coast north-west of Cairns on 22 March. The combined effects of heavy rain, large seas and gale to storm force winds caused widespread damage in the region between Cairns and Townsville and the loss of two lives (one person by a landslide at Paluma near Townsville, and one person electrocuted by a fallen power line at Innisfail 70 km south south-east of Cairns) Earlier in Justin's life cycle 30 people were killed in Papua New Guinea and five people died when their yacht was destroyed. Justin was reportedly responsible for an estimated loss of $150 million to the agricultural industry alone.",Cyclone,1997,,"$168,000,000 ","$1,019,600,000 ",,,,,,,,,,
Undeclared,Cyclone ITA,23-Feb-97,24-Feb-97,FY96,FNQ,,"Tropical cyclone Ita rapidly developed off the north Queensland coast in markedly divergent upper flow east of an upper low on 23 February. The system moved in a southerly then southwesterly direction towards the coast. However, northerly upper flow between an upper low over Queensland and an anticyclone in the Coral Sea increased. Development was inhibited and the lowest central pressure of 994 hPa occurred just prior to crossing the coast southeast of Townsville on 24 February, where it dissipated quickly. Little wind damage was reported, however, moderate flooding was reported in coastal rivers and creeks. A tornado occurred at Yukan about 13 km south of Sarina on 24 February.",Cyclone,1997,,,,,,,,,,,,,
Undeclared,Cyclone GILLIAN,10-Feb-97,12-Feb-97,FY96,FNQ,,"A tropical depression located within the monsoon trough in the Coral Sea formed rapidly into cyclone Gillian on 10 February. Its movement was towards the southsouthwest under the influence of a marked upper-level trough lying to the south of the system and a north/south oriented mid-level ridge to the east. As it approached the Tropical Upper Tropospheric Trough (TUTT) cell over northeast Australia, shear increased and weakened the system. By 12 February Gillian had weakened to become a tropical depression. The remnants of the cyclone continued to move in a southwesterly direction and crossed the coast in the vicinity of Townsville with little discernible effect.",Cyclone,1997,,,,,,,,,,,,,
CAT971,Victorian Bushfires,19-Jan-97,19-Jan-97,FY96,,,"On 19 January 1997, temperatures soared above 40 °C and northerly winds gusting at 70 km per hour contributed to two damaging bushfires near Melbourne. The fires in Mt Eliza burnt two homes and evacuations were required at Mt Martha, Arthur's Seat and the Mornington Peninsula. Approximately 250 bushfires burnt areas of Victoria on 21 January, a 41.2 °C day. The worst affected areas were Ferny Creek, Upwey and Kalorama in the Dandenong Ranges where it took 1500 firefighters and six water-bombing aircraft to control the 3700 ha forest blaze. In addition to the two houses at Mt Eliza, 41 houses were destroyed and 45 damaged in the Dandenongs. Three people died at Ferny Creek and approximately 40 were injured throughout the State.",Bushfire,1997,,"$10,000,000 ","$70,900,000 ",,,,,,,,,,
Undeclared,Cyclone PANCHO,18-Jan-97,4-Feb-97,FY96,FNQ,,Tropical cyclone Pancho/Helinda was a long-lived cyclone with a highly convoluted track. The cyclone was named on 20 January when it was north-northwest of the Cocos Islands. It did not cross the QLD coast,Cyclone,1997,,,,,,,,,,,,,
CAT976,Sydney Storms,12-Jan-97,12-Jan-97,FY96,,,Severe storms impacting the Sydney metropolitan area,Storm,1997,,"$40,000,000 ","$248,400,000 ",,,,,,,,,,
Undeclared,Cyclone RACHEL,3-Jan-97,8-Jan-97,FY96,,,"Rachel was named on 3 January (CST). The cyclone moved southwest and intensified, then weakened as it moved across the northern Kimberley, before moving out to sea again on 5 January near Cape Leveque and subsequently re-intensifying. The intensification was slow due to its proximity to land as it moved down the coast. The cyclone continued the southwest track under the influence of a trough to the southeast and a high north of the NT until midday on 7 January. It then slowed and abruptly changed course towards the south as a meridional ridge developed to the east of the cyclone. The eye of the cyclone passed directly over Port Hedland",Cyclone,1997,,,,,,,,,,,,,
Undeclared,Cyclone FERGUS,23-Dec-96,28-Dec-96,FY96,FNQ,,"Coral Sea, Category 2, No significant Australian landfall",Cyclone,1996,,,,,,,,,,,,,
CAT961,Storm,19-Dec-96,19-Dec-96,FY96,,,Severe thunderstorm impacted the Sydney region causing signifcant property damage.,Storm,1996,,"$14,000,000 ","$92,000,000 ",,,,,,,,,,
Undeclared,Cyclone OPHELIA,13-Dec-96,19-Dec-96,FY96,,,"Timor Sea, No significant Australian landfall",Cyclone,1996,,,,,,,,,,,,,
Undeclared,Cyclone NICHOLAS,12-Dec-96,16-Dec-96,FY96,,,"The storm made landfall west of Derby, Australia as a tropical storm on the 15th and dissipated the next day.",Cyclone,1996,,,,,,,,,,,,,
CAT968,Singelton Hailstorm,11-Dec-96,11-Dec-96,FY96,,,"In the afternoon of 11 December 1996, Singleton in the upper Hunter Valley experienced a severe storm. Hailstones as large as 7 cm penetrated roofs and smashed windows for a period up to fifteen minutes exposing houses to flooding from subsequent large downpours of rain. The storm damaged 700 houses in Singleton and surrounding areas. Approximately 2000 vehicles were seriously damaged and more than 50 cars written off completely. Damage also occurred to crops; grape, barley, lucerne and other market garden enterprises.",Hail,1996,,"$49,000,000 ","$262,200,000 ",,,,,,,,,,
CAT967,Coff Harbour Storm,23-Nov-96,23-Nov-96,FY96,,,"In the early evening on 23 November 1996, Coffs Harbour experienced flash flooding from heavy rainfall when up to 300 mm of rain fell in a two hour period. This caused water to rise approximately 1.5 metres in the centre of the town, damaging most shops. The severe storm was a result of an off- shore low pressure system that was strengthened by the steep ranges of Coffs Harbour. Coffs Creek flooded, which was intensified by the high tide. One person drowned after being swept away by the rising flood water. Approximately 300 people were moved to higher ground due to inundation. An estimated 260 homes and 200 commercial buildings were inundated above floor level. Crops were destroyed and mudslides covered the Pacific Highway. After the event it was reported that the flood level was around 1m higher than the Council’s predicted 100 year flood, which informed their flood management plan. The Council subsequently commissioned a revised flood study for Coffs Creek.",Storm,1996,,"$20,000,000 ","$196,600,000 ",,,,,,,,,,
CAT966,Hunter and New England Storms,17-Nov-96,17-Nov-96,FY96,,,"On 17 November 1996 the areas of the Hunter Valley and New England (particularly Tamworth) experienced severe storms, hail and wind damage. Winds up to 111 km per hour felled trees, powerlines and damaged houses, buildings and blocked some roads. The worst affected areas included Tamworth, Werris Creek, Coonabarabran, Baradine, Dungog, Scone, Stroud and Forster with all experiencing varying degrees of storm damage. One person died when a tree fell on their car near Tea Gardens.",Storm,1996,,"$10,000,000 ","$51,200,000 ",,,,,,,,,,
Undeclared,Cyclone MELANIE,28-Oct-96,1-Nov-96,FY96,,,"Indian Ocean event, no Australian landfall",Cyclone,1996,,,,,,,,,,,,,
CAT965,Armidale Hailstorm,29-Sep-96,29-Sep-96,FY96,,,"On 29 September 1996, a hail storm approached the city of Armidale from the west-south-west measuring 2 km wide and 15 km long. Hail stones fell measuring up to 80 mm in diameter and southerly winds were recorded up to 160 km per hour at the Armidale Airport weather station. The area was declared a disaster zone. 5000 buildings and homes, and 4000 motor vehicles were damaged. State Emergency Service crews were brought in from across the state to assist. Ten people sustained serious injury.",Hail,1996,,"$104,000,000 ","$527,400,000 ",,,,,,,,,,
CAT964,East Coast Low,31-Aug-96,31-Aug-96,FY96,,,"On the 31 August 1996, an East Coast Low created a storm that was considered one of the most serious in the decade. Widespread damage from heavy rain and strong wind occurred, reaching storm force (averaging above 89 km per hour and peaking at 119 km per hour at Bellambi Point. Wind gusts in excess of 93 km per hour were recorded at Norah Head, Fort Denison, Sydney Airport and Wollongong. The main Illawarra/South Coast rail line was cut, and rainfall totalled 386 mm at Darkes Forest, while Wollongong and Robertson both recorded 122 mm in 24 hours.",Storm,1996,,"$10,000,000 ","$62,100,000 ",,,,,,,,,,
Undeclared,Cyclone LINDSAY,9-Jul-96,13-Jul-96,FY96,,,"Indian Ocean event, no Australian landfall",Cyclone,1996,,,,,,,,,,,,,
CAT963,SEQ and Northern Rivers Flooding,1-May-96,12-May-96,FY95,SEQ,,"In the first week of May widespread flooding and heavy rainfall was reported in south-east Queensland and northern New South Wales. An East Coast Low commenced at the end of April and caused heavy seas, strong winds and heavy rainfall. A tidal surge created by the low pressure system caused above average tidal conditions and storm force winds of up to 65 knots were recorded at Moreton Island. Water catchment areas recorded up to 1000 mm, with the worst affected areas Brisbane and the Darling Downs region. Furthermore the extreme weather conditions also affected the Lockyer creek, Bremer and Logan rivers. Both Queensland and New South Wales reported extensive damage to farming areas, including vegetable and cotton crops. There were five deaths recorded.",Flood,1996,,"$31,000,000 ","$251,200,000 ",,,,,,,,,,
Undeclared,Cyclone JENNA,30-Apr-96,6-May-96,FY95,,,"Indian Ocean event, no Australian landfall",Cyclone,1996,,,,,,,,,,,,,
CAT962,Cyclone Olivia,5-Apr-96,12-Apr-96,FY95,,,"Lasting from 5 April 1996 to 12 April, Olivia reached Category 4 and destroyed 55 houses (plus 27 damaged) at the mining town of Pannawonica. Several buildings also suffered roof damage at neighbouring Mount Tom Price. There were only 10 minor injuries. A gust of 267 km/h was recorded at Varanus Island which is the equal highest recorded wind gust in Australia.[2][4] More recently, a review conducted by WMO confirmed a reported gust of 408 km/h on Barrow Island on 10 April 1996, at the peak of the storm, making it the highest gust ever recorded on earth during a non-tornadic storm.",Cyclone,1996,,"$2,000,000 ","$5,900,000 ",,,,,,,,,,
Undeclared,Cyclone KIRSTY,12-Mar-96,14-Mar-96,FY95,,,"A strong cyclone, Kirsty crossed the coast at Pardoo Station near Port Hedland on 12 March 1996. The cyclone did considerable damage to tourist cabins and other structures.",Cyclone,1996,,,,,,,,,,,,,
Undeclared,Cyclone ETHEL,9-Mar-96,13-Mar-96,FY95,FNQ,,"Category 2 storm impacting FNQ regions. Severe flooding triggered by Cyclone Ethel caused significant damage in FNQ. This event was not declared as a catastrophe for insurance purposes. This insured loss estimate is based on market submissions to ICA from greater than 50% of market, modeled to estimate the industry loss estimate.",Cyclone,1996,,"$57,000,000 ","$395,700,000 ",,,,,,,,,,
Undeclared,Cyclone DENNIS,15-Feb-96,18-Feb-96,FY95,FNQ,,"FNQ, Cape York, Category 1 event, no significant damage reported. This event was not declared as a catastrophe for insurance purposes. This insured loss estimate is based on market submissions to ICA from greater than 50% of market, modeled to estimate the industry loss estimate.",Cyclone,1996,,,,,,,,,,,,,
Undeclared,Cyclone ISOBEL,27-Jan-96,1-Feb-96,FY95,,,"Timor Sea, No significant Australian landfall",Cyclone,1996,,,,,,,,,,,,,
Undeclared,Cyclone JACOB,27-Jan-96,8-Feb-96,FY95,FNQ,,"TC Jacob formed on 1 February 1996 from a monsoonal low that moved across the Northern Territory and the Kimberley region of Western Australia before tracking over the Bonaparte Gulf. It closely followed the Western Australian coast and developed cyclone characteristics near Adele Island. Jacob continued to intensify and moved westsouthwestwards, roughly parallel to the Pilbara coast. At peak intensity Jacob was a Category 3 storm with wind gusts near the centre estimated to be 200 kilometres per hour. The Kimberley and Pilbara coastal areas received heavy rains as the cyclone passed offshore. Only minor damage occurred and there were no deaths.",Cyclone,1996,,,,,,,,,,,,,
Undeclared,Cyclone CELESTE,26-Jan-96,29-Jan-96,FY95,FNQ,,Tropical Cyclone Celeste formed on 26 January and rapidly intensified into a Category 3 (Australian scale) system. The cyclone moved away from the coast after dumping heavy rain on the Central Coast. One man drowned in floodwaters near Bowen,Cyclone,1996,,,,,,,,,,,,,
Undeclared,Cyclone HUBERT,7-Jan-96,9-Jan-96,FY95,,,"Indian Ocean, Category 3, No Australian landfall.",Cyclone,1996,,,,,,,,,,,,,
Undeclared,Cyclone BARRY,4-Jan-96,5-Jan-96,FY95,FNQ,,"Barry formed in the Gulf of Carpentaria on 4 January, reaching a maximum intensity of Category 5 (Australian scale) before crossing the coast between Karumba and Kowanyama two days later. Heavy rains caused severe flooding across the southern Cape York Peninsula",Cyclone,1996,,,,,,,,,,,,,
Undeclared,Cyclone GERTIE,17-Dec-95,24-Dec-95,FY95,,,"A tropical low formed in the Timor Sea on 16 December and tracked westsouthwest as it deepened slowly. The low crossed into the WA region on 17 December and was named Gertie on the afternoon of the 18th. The cyclone then moved towards the southsouthwest during the 19th but slowed to be almost stationary during the late afternoon and evening of that day. Gertie then began to move south, then southeastwards, crossing the coast near Mandora Station on 20 December. Gertie then passed to the northeast of Telfer producing near gale force winds and heavy rain before dissipating on the 21st. The storm did only minor damage",Cyclone,1995,,,,,,,,,,,,,
Undeclared,Cyclone FRANK,6-Dec-95,13-Dec-95,FY95,,,"A Category 3 event formed on 6 December 1995, and was the first cyclone to form in northwest coast of Australia during the 95/96 season. Cyclone Frank brought heavy winds and rains to the Pilbara coast.",Cyclone,1995,,,,,,,,,,,,,
CAT953,Hunter Valley Severe Storms,30-Nov-95,30-Nov-95,FY95,,,"On the 30 November 1995, a number of suburbs in the Hunter Valley and Mid-North Coast experienced a severe thunderstorm with high winds. The greatest damage occurred in Maitland, Metford, Thornton and Taree. The suburb of Beresfield was also impacted by the storm. More than 120 buildings were unroofed or seriously damaged across the region. The Department of Community Services despatched a team of 10 people to the area to distribute emergency supplies. Serious damage occurred to the electricity supply in the region.",Storm,1995,,"$10,000,000 ","$80,600,000 ",,,,,,,,,,
Undeclared,Cyclone DARYL,16-Nov-95,25-Nov-95,FY95,,,Indian Ocean event with no Australian Landfall,Cyclone,1995,,,,,,,,,,,,,
CAT952,SEQ Hailstorms,3-Nov-95,6-Nov-95,FY95,SEQ,,"Severe hail storms were recorded during the period 3 - 6 November 1995 in south-east Queensland. Large hail caused extensive damage to over 300 homes and many cars in Brisbane. One person died when a small boat was struck by lightning on Moreton Bay. Many trees and powerlines fell causing widespread blackouts to approximately 100,000 homes. Large hail brought destruction to fruit, vegetable and grain crops, particularly in the Granite Belt region. Other areas seriously affected included Beenleigh and Beaudesert.",Storm,1995,,"$40,000,000 ","$317,300,000 ",,,,,,,,,,
Undeclared,Cyclone AGNES,16-Apr-95,22-Apr-95,FY94,FNQ,,"Coral Sea, Category 3, no significant Australian landfall",Cyclone,1995,,,,,,,,,,,,,
Undeclared,Cyclone CHLOE,3-Apr-95,9-Apr-95,FY94,,,Cyclone Chloe reached Category 4 status before making landfall in the uninhabited section of the coast of the Kimberley region of Western Australia on 7 April 1995. The storm dissipated well inland.,Cyclone,1995,,,,,,,,,,,,,
Undeclared,Cyclone WARREN,4-Mar-95,6-Mar-95,FY94,,,"Category 3, Gulf of Carpentaria, no signifcioant damage reported.",Cyclone,1995,,,,,,,,,,,,,
Undeclared,Cyclone VIOLET,2-Mar-95,8-Mar-95,FY94,FNQ,,"Coral Sea, Category 3, no significant Australian landfall",Cyclone,1995,,,,,,,,,,,,,
Undeclared,Cyclone EMMA,26-Feb-95,1-Mar-95,FY94,,,Indian Ocean event with no Australian Landfall,Cyclone,1995,,,,,,,,,,,,,
CAT951,Cyclone Bobby,18-Feb-95,25-Feb-95,FY94,,,"Cyclone Bobby travelled south along the west coast of Australia and passed near Onslow. It caused considerable damage to homes and buildings bringing heavy rains which flooded roads, damaged bridges, and caused damage to crops. The mining industry was severely affected. The cyclone moved slowly and erratically along the Pilbara coast crossing just to the east of Onslow. The highest recorded wind gust was 183 km per hour at Onslow. A gust of 166 km per hour was recorded on Varanus Island off the Western Australian coast. Very heavy rainfall accompanied Bobby, with more than 400 mm of rain falling in the Onslow area. Very minor property damage was reported from the Karratha area. Approximately 20 houses at Onslow sustained superficial roofing damage. Pastoral stations along the track between Onslow and Gascoyne Junction reported property damage. Seven lives were lost when two fishing trawlers sunk off the coast from Onslow, and a motorist drowned while attempting to cross a flooded creek at Canarvon.",Cyclone,1995,,"$11,000,000 ","$68,400,000 ",,,,,,,,,,
Undeclared,Cyclone ANNETTE,15-Dec-94,20-Dec-94,FY94,,,"Tropical cyclone Annette formed early on the morning of the 15th December. The cyclone remained stationary while intensifying about 950 km to the northnorthwest of Port Hedland, then moved on a southeastward course during the 16th. Annette intensified further to Category 4 status by early on the 18th and crossed the coast at Mandora Station at about 4 pm that afternoon. The maximum gust recorded at Mandora was 217 km/h and the minimum pressure reading was 933 hPa. Extensive damage occurred at Mandora and at nearby Sandfire Roadhouse and Wallal Downs Station. About 1000 cattle were drowned on the beach by the cyclone storm tide, estimated to have been about 4m higher than the expected tide at the time. After crossing the coast, Annette continued inland, inflicting some damage to properties at Telfer and Camp Nifty. It then moved away to the southeast, moving into the Bight near Eyre on the morning of the 20th.",Cyclone,1994,,,,,,,,,,,,,
CAT944,Blue Mountains Severe Weather,20-Nov-94,20-Nov-94,FY94,,,"On 20 November 1994, a severe storm moved across the Blue Mountains and into Sydney, northern suburbs and beaches, causing extensive damage. Trees were uprooted, houses and cars damaged, powerlines fell and some buildings collapsed. Thousands of houses lost power. Two injuries reportedly occurred during the storm and two people drowned on the Harbour in strong winds when their sailing skiff capsized. The storm moved into western Sydney and while the impact was not as severe as in the north, power was lost to thousands of homes and rail services were cut in some areas.Property damage was also reported from rural areas including Narromine and Dubbo where wind gusts were recorded up to 139 km per hour.",Storm,1994,,"$29,200,000 ","$203,900,000 ",,,,,,,,,,
CAT941,QLD Bushfires,27-Sep-94,29-Sep-94,FY94,SEQ,,"Between September and November 1994, a total of 682 major fires burnt through rural and urban property on the Sunshine Coast, Caboolture, Pine Rivers, Brisbane and other local Government areas.  Major outbreaks occurred on 27 - 29 September and again on 4 - 7 November. Twenty three houses were destroyed, as well as farm buildings, fences and livestock. Three thousand people were evacuated from their homes.  Beerburrum State Forest lost nearly 5000 ha of exotic pine plantation. Nine volunteer fire fighters were injured, with seven sustaining extensive burns.",Storm,1994,,"$59,100,000 ","$542,900,000 ",,,,,,,,,,
CAT943,Hunter Valley 5.4 Earthquake,6-Aug-94,6-Aug-94,FY94,,,"On 6 August 1994, an earthquake measuring 5.4 on the Richter scale occurred in the Hunter region of New South Wales. This was the  earthquake recorded in Australia in 1994. Homes, hotels and other buildings suffered serious damage. There were also infrastructure, commercial and industrial losses.",Earthquake,1994,,"$37,200,000 ","$229,200,000 ",,,,,,,,,,
CAT942,WA Storms,23-May-94,24-May-94,FY93,,,"On 23 and 24 May 1994, Perth, Mandurah and south-western Western Australia experienced strong land gales gusting up to 140 km per hour. Several houses were completely unroofed and damage occurred to approximately 600 houses with different levels of severity. Damage to electricity infrastructure resulted in widespread loss of power to the Perth area lasting up to a week in some instances. Substantial financial losses were incurred by commerce and industry.Huge seas and tides caused significant erosion to beaches, and parts of the Perth river foreshore were inundated. Fremantle recorded 25 wind gusts of at least 129 km per hour, more than three times the number recorded for any other event since the 1960s.",Storm,1994,,"$37,000,000 ","$361,900,000 ",,,,,,,,,,
Undeclared,Cyclone SADIE,30-Jan-94,31-Jan-94,FY93,FNQ,,"Tropical cyclone Sadie was a weak, short lived cyclone which traversed the eastern Gulf of Carpentaria before moving over land as a rain depression. It became the major part of a low pressure area that brought drought breaking rains to northeast inland parts of Queensland. Sadie?developed from a tropical low located ar the northeastern Northern Territory coastline during 29 February.",Cyclone,1994,,,,,,,,,,,,,
Undeclared,Cyclone NAOMI,15-Dec-93,18-Dec-93,FY93,,,"The cyclone crossed the West Kimberley coastline on 17 December, about 130 km southwest of Broome. At the time of landfall near Nita Downs and Anna Plains Station the cyclone was estimated to be near peak intensity, with sustained winds of 38 m/s but with a radius to gale- force winds of only 35 kilometres. Severe property damage occurred at the Stations. Leaves were stripped from vegetation in a 30 kilometre swathe along the cyclone track.",Cyclone,1993,,,,,,,,,,,,,
CAT931,Flood,3-Oct-93,4-Oct-93,FY93,,,"From 3-4 October, heavy rainfall fell over a 24 hour period causing severe flooding in the north-eastern region of Victoria. Rainfall recorded during this period was 200 mm, with 165 mm recorded in Benalla. Districts affected by the flood included; Benalla, Euroa, Violet Town, Myrtleford. The flood water took some days to reach Shepparton and Nathalia due to the topography and the slow movement of the water. The flood waters covered 40 000 square km, and remained for days or weeks. The impact of the flood was extensive and included; 8 000 people affected; 1,500 people evacuated from their homes; 3 000 households damaged; 95 per cent of commercial businesses in the Benalla district affected; five bridges damaged or destroyed; several roads cut; 400 km rural fencing damaged; Telephone services, power, sewage and water infrastructure affected; and crops and livestock losses.",Flood,1993,,"$12,000,000 ","$97,200,000 ",,,,,,,,,,
Undeclared,Cyclone MONTY,6-Apr-93,15-Apr-93,FY92,,,Tropical Cyclone Roger eveloped off the Solomon Islands and tracked in a general southerly direction over open waters until 17 March when it was located east of the central Queensland coast. Roger then tracked to the northeast and then southeast leaving the Australian region to the west of New Caledonia.,Cyclone,1993,,,,,,,,,,,,,
Undeclared,Cyclone ROGER,12-Mar-93,21-Mar-93,FY92,FNQ,,Tropical Cyclone Roger developed off the Solomon Islands and tracked in a general southerly direction over open waters until 17 March when it was located east of the central Queensland coast. Roger then tracked to the northeast and then southeast leaving the Australian region to the west of New Caledonia.,Cyclone,1993,,,,,,,,,,,,,
Undeclared,Cyclone POLLY,27-Feb-93,1-Mar-93,FY92,FNQ,,Tropical Cyclone Polly developed in the Coral sea well off the Queensland coast and intensified into a severe cyclone before moving outside the Australian region passing to the southwest of New Caledonia.,Cyclone,1993,,,,,,,,,,,,,
Undeclared,Cyclone OLIVER,5-Feb-93,13-Feb-93,FY92,FNQ,,"Tropical Cyclone Oliver developed in the Coral Sea well off the north Queensland coast in early February. Oliver reached severe intensity on 7 February as it tracked to the southeast, roughly parallel to the Queensland coast, eventually weakening off the coast from Rockhampton on 13 February 1993.",Cyclone,1993,,,,,,,,,,,,,
Undeclared,Cyclone LENA,24-Jan-93,2-Feb-93,FY92,,,"A tropical low that formed northwest of the Kimberley reached cyclone intensity on 24 January. While its initial track was to the south southwest by late on 25 January it adopted a general westerly track that persisted through until 30 January. After briefly peaking at 65 knots (category 3 intensity) early on 26 January, Lena weakened to a category one system later that day. There were no known impacts.",Cyclone,1993,,,,,,,,,,,,,
Undeclared,Cyclone NINA,23-Dec-92,5-Jan-93,FY92,FNQ,,Tropical cyclone Nina developed in the Gulf of Carpentaria prior to Christmas and crossed the Cape York coast south of Weipa on Christmas day. Nina then emerged off the east coast into the Coral Sea moving in a general easterly direction. On New Years Day Nina passed over Rennell Island (Solomon Islands) as a severe cyclone before weakening in subsequent days.,Cyclone,1992,,,,,,,,,,,,,
Undeclared,Cyclone KEN,18-Dec-92,23-Dec-92,FY92,,,Tropical cyclone Ken formed north of the Kimberley on 28 February and tracked to the south crossing the Kimberley coast near Kuri Bay on 2 March. Ken then weakened to a rain-bearing depression over inland areas.,Cyclone,1992,,,,,,,,,,,,,
Undeclared,Cyclone NEVILLE,7-Apr-92,13-Apr-92,FY91,,,"Tropical cyclone Neville was a compact cyclone that intensified rapidly, despite the relative proximity of land, shortly after crossing the north - western tip of Melville Island,",Cyclone,1992,,,,,,,,,,,,,
Undeclared,Cyclone FRAN,4-Mar-92,17-Mar-92,FY91,FNQ,,Fran made landfall on Queensland during March 16. Severe Tropical Cyclone Fran turned towards the southeast and eventually headed back out to sea. The system dissipated the next day.,Cyclone,1992,,,,,,,,,,,,,
Undeclared,Cyclone IAN,27-Feb-92,4-Mar-92,FY91,,,"Ian began weakening as it approached the Western Australian coast, it was still a severe cyclone as it tracked directly over the Monte Bellos Islands and Barrow Island, where gusts to 57 m/s were recorded. Ian subsequently crossed a relatively uninhabited stretch of coastline approximately 75 km east of Onslow at 2145 UTC 2 March and weakened over land.",Cyclone,1992,,,,,,,,,,,,,
CAT922,Western Sydney Hailstorm,12-Feb-92,12-Feb-92,FY91,,,"On 12 February 1992, hail stones measuring up to 7.5 cm fell in western suburbs of Girraween and Toongabbie, Sydney. Approximately 3000 homes and 7000 vehicles were damaged. In addition, the State was ravaged by a series of severe storms including flash floods and hail which damaged homes and other buildings along the coast including Sydney and Newcastle.",Hail,1992,,"$118,000,000 ","$919,200,000 ",,,,,,,,,,
Undeclared,Cyclone MARK,8-Jan-92,10-Jan-92,FY91,FNQ,,"On 9 January, Mark crossed the western coast of Cape York Peninsula just south of Weipa. Maximum sustained winds at landfall were estimated at 28 m/s with a central pressure of 980 hPa. Tropical cyclone Mark weakened as it crossed the peninsula and was downgraded to a tropical depression at 1200 UTC 10 January.",Cyclone,1992,,,,,,,,,,,,,
CAT916,Ballarat Flooding,16-Dec-91,16-Dec-91,FY91,,,"In December 1991, flood waters damaged homes and businesses in Ballarat due to the largest flood event recorded at the time for the Gnarr Creek system. Investment in storm water management systems occurred after this flood in an attempt to avoid a recurrence.",Flood,1991,,"$24,000,000 ","$223,100,000 ",,,,,,,,,,
Undeclared,Cyclone GRAHAM,2-Dec-91,10-Dec-91,FY91,,,"Tropical cyclone Graham was the first cyclone of the year to be named by Perth TCWC and the first of three cyclones to have an impact on Cocos Island. Late in November, an active pulse in the MJO developed over equatorial waters in the southern Indian Ocean. Convergence into the area was further assisted by a low-level cross-equatorial surge from the northern hemisphere. By 0000 UTC 2 December, a low pressure system had developed near 5S 95E tracking south-southwest. Intensification of the low was rapid and at 0000 UTC 3 December, tropical cyclone Graham was named whilst located about 750 km northwest of Cocos Island. Within 24 hours, satellite imagery was indicating the development of an eye. Shortly thereafter, Graham commenced a gradual recurvature towards the southeast under the influence of a deep-layer anticyclone to the east. Maximum intensity was reached at 1500 UTC 5 December with mean winds estimated to be 65 m/s. Tropical cyclone Graham made its closest approach to Cocos Island at 2300 UTC 5 December whilst located 150 km to the north-northeast. Although gales were reported on the island for a short period, damaging winds did not occur. The lowest MSLP recorded was 1004 hPa, indicative of the compact nature of the circulation. As the cyclone tracked away from Cocos Island, it encountered strengthening upper-level westerly winds ahead of an advancing trough and began to shear. By 0000 UTC 8 December, the low-level circu- lation centre was fully exposed on the northwest side of the deep convection. Graham weakened below cyclone intensity at 1800 UTC 9 December although it wasn't until 10 December that the system was completely stripped of its central convection.",Cyclone,1991,,,,,,,,,,,,,
CAT915,Central Coast Bushfires,16-Oct-91,16-Oct-91,FY91,,,"Central Coast and Sydney Hills Districts, 14 homes destroyed",Bushfire,1991,,"$12,000,000 ","$93,500,000 ",,,,,,,,,,
Undeclared,Cyclone LISA,7-May-91,11-May-91,FY90,FNQ,,"TC Lisa formed on 8 May near Bougainville Island and tracked southward until 10 May when it re-curved towards the east-southeast, eventually dissipating over southern Vanuatu. No report of significant damage associated with Lisa was recorded.",Cyclone,1991,,,,,,,,,,,,,
Undeclared,Cyclone FIFI,15-Apr-91,20-Apr-91,FY90,,,TC Fifi formed on the 16 April 1991 near 11S 103E and moved in a general southward direction causing extreme wind conditions between Jurien Bay amd Bremer Bay and 2 deaths were associated with it.,Cyclone,1991,,,,,,,,,,,,,
Undeclared,Cyclone MARIAN,9-Apr-91,19-Apr-91,FY90,,,"Severe tropical cyclone Marian was first evident as a middle-level depression over the western Arafura Sea. In response to a southeasterly surge and a weaker monsoonal surge, it intensified to cyclone strength about 110 km south of Timor, under a divergent upper northeasterly wind regime. Its initial development may have been inhibited by restrictions to its low-level inflow caused by the mountains of Timor to its north. Once clear of this barrier, the cyclone intensified rapidly as it continued to move west-southwest, under the influence of a subtropical high over Australia. It moved slowly and erratically between 13 and 16 April as a new middle-level ridge developed to its west. Its peak estimated intensity of 930 hPa was reached during this period and weakening commenced as vertical shear increased across the system. For a period of about one day, commencing 1000, 13 April, Tropical Cyclone Watch advices were issued for parts of the Pilbara and Kimberley coastline. These advices were cancelled when the shearing process become apparent.",Cyclone,1991,,,,,,,,,,,,,
Undeclared,Cyclone ERROL,23-Mar-91,31-Mar-91,FY90,,,TC Errol formed on the 23 March northeast of Cocos Island and tracked southeastward before reaching severe tropical cyclone intensity on the 26 and tracking southwestward until the 31 when it dissipated. There was no report of impact associated with TC Errol .,Cyclone,1991,,,,,,,,,,,,,
Undeclared,Cyclone ELMA,26-Feb-91,5-Mar-91,FY90,,,TC Elma formed on the 26 February near 9S 88E and tracked southward until 3 March when it weakened below cyclone intensity and moved clockwise until it dissipated on the 5. It reached peak intensity (965 hPa) on 1 March. No impact was associated with TC Elma.,Cyclone,1991,,,,,,,,,,,,,
Undeclared,Cyclone KELVIN,24-Feb-91,5-Mar-91,FY90,FNQ,,"TC Kelvin formed near Cape York Peninsula in the Gulf of Carpentaria on the 24 February and had an erratic track throughout its lifetime over the Coral Sea before dissipating on the 5 March. In spite of moving close to Willis Island on two occasions, there were no reports of any significant damage.",Cyclone,1991,,,,,,,,,,,,,
Undeclared,Cyclone DAPHNE,21-Feb-91,28-Feb-91,FY90,,,"TC Daphne formed on the 21 February near the Gulf of Carpentaria, reached maximum intensity on the 23 (976 hPa), travelling southwestward throughout its life time. It dissipated on the 28 near 30?S. The only reported impact associated with TC Daphne was the intense rainfall that occurred in the Top End and Kimberly regions.",Cyclone,1991,,,,,,,,,,,,,
Undeclared,Cyclone CHRIS,15-Feb-91,21-Feb-91,FY90,,,TC Chris formed on the 15 February 170 km off the northwest Kimberley coast and tracked westwards throughout its lifetime. It reached its maximum intensity (976 hPa) on the 19 and eventually dissipated on the 21 near 16.0S 109.3E. There was no impact associated with TC Chris.,Cyclone,1991,,,,,,,,,,,,,
CAT913,Orbost Hailstorm,24-Jan-91,24-Jan-91,FY90,,,On 24 January 1991 a severe hailstorm occurred in Orbost.,Hail,1991,,"$12,000,000 ","$66,500,000 ",,,,,,,,,,
CAT912,Adelaide Hailstorm,22-Jan-91,22-Jan-91,FY90,,,"On 22 January 1991 at 7 pm a damaging hail storm occurred in Adelaide. At the time it was one of the most severe storms on record. Hailstones reached 10 cm in diameter, causing damage to motor vehicles, roof tiles and windows resulting in water damage to many houses.",Hail,1991,,"$30,000,000 ","$210,600,000 ",,,,,,,,,,
CAT911,Sydney Region Storms,21-Jan-91,21-Jan-91,FY90,,,"A severe thunderstorm caused serious damage to parts of north-west Sydney with a weather pattern suggesting it may have been caused by a tornado or at least a severe 'downburst' in the Turramurra area. The storm hit at around 4pm 21 January 1991 and moved out to sea at approximately 5.15pm. Estimated wind strengths (based on damage) of 118 km per hour to 230 km per hour brought down many trees (at least 50,000 significant trees were felled or suffered long-term damage). Falling trees damaged over 10,000 houses, with over 100 completely unroofed and 20 totally destroyed. At least 1000 other buildings incurred damage and many businesses suffered extensive damage. About 140 km of power lines and three steel towers were brought down. (Clean up and restoration of essential services took weeks). Worst hit were the northern suburbs of Turramurra, Lindfield and Wahroonga, while in the west, Seven Hills, Blacktown, Parramatta, Castle Hill, Wollondilly and Dural reported extensive storm damage.",Storm,1991,,"$215,400,000 ","$1,708,400,000 ",,,,,,,,,,
CAT914,Severe Storms Eden Monaro,19-Jan-91,21-Jan-91,FY90,,SE NSW,SE NSW,Storm,1991,,"$15,000,000 ","$119,000,000 ",,,,,,,,,,
CAT908,Unrecorded,19-Dec-90,,FY90,,,Not available,Storm,1990,,"$10,000,000 ","$65,700,000 ",,,,,,,,,,
CAT907,Cyclone Joy,18-Dec-90,27-Dec-90,FY90,FNQ,,"The outer bands of Cyclone Joy reached Queensland, Australia, a category 4 cyclone. The storm killed 5 people and caused extensive flooding. Joy reached Category 4 intensity off the coast of Cairns on 24 December 1990, before crossing the coast to the North of Townsville, on 26 December 1990.[5] The remnants of Joy created a convergence zone along the central Queensland coast, with many locations around the Mackay region recording over 2000mm of rain during the following week.",Cyclone,1990,,"$32,000,000 ","$205,500,000 ",,,,,,,,,,
CAT905,Northern NSw and SW QLD Flooding,18-Apr-90,21-Apr-90,FY89,SWQ,,"On 18 April 1990 after several weeks of heavy rain over Queensland, a strong upper level low dumped upwards of 150 mm of rain with exceptional totals to 350 mm across large areas of central Queensland over a three day period. Already saturated catchments were inundated and major flooding quickly developed on the Warrego and Maranoa Rivers and many other inland systems. The towns of Jericho and Augathella were flooded and a section of the Longreach railway was washed away. On the morning of 21 April, the Warrego River was rising rapidly. Later the same day the river peaked at over 8.5 m which was 1.5 m above the previous record. Levee banks protecting the town were ineffective and floodwaters spread through the town, necessitating the entire population of 3500 to be evacuated to the airport. Many residents climbed to their rooftops and had to be rescued by helicopter. The low then moved south-east and torrential rains were experienced across large areas of New South Wales west of the Divide. There was major flooding on the Lachlan, Macquarie and Castlereagh Rivers, among others. The Bogan river flooded into Nyngan. Despite the residents’ attempts to raise the levee banks by sand bagging, the levees could not withstand the flood and on the 23 April, as the river surged to 5.2 metres, nearly one metre higher than the previous record, most of the town was inundated. The population of 2500 was evacuated to Dubbo, 160 km away. The low then moved towards Victoria and produced torrential rains over Gippsland on 20 and 21 April with up to 350 mm recorded over the two day period. Major flooding occurred on the Thomson, Avon and Mitchell Rivers. Hectares of vegetable crops were destroyed by flood waters and highways cut. People were evacuated from low-lying areas. It total 150 homes were flooded. Property losses from the three-state flood were considerable.  Towns and houses were flooded, infrastructure was destroyed or damaged, thousands of sheep and cattle drowned and thousands of hectares of crops were ruined. The floods claimed six lives.",Flood,1990,,"$30,000,000 ","$156,600,000 ",,,,,,,,,,
CAT906,Sydney Storms,18-Mar-90,19-Mar-90,FY89,,Sydney Region,Sydney Region,Storm,1990,,"$12,000,000 ","$95,200,000 ",,,,,,,,,,
CAT902,Dubbo Hailstorms,18-Mar-90,19-Mar-90,FY89,,Dubbo Region,Dubbo Region,Hail,1990,,"$9,000,000 ","$77,400,000 ",,,,,,,,,,
CAT903,Sydney Hailstorms,18-Mar-90,19-Mar-90,FY89,,Sydney Region,Sydney Region,Hail,1990,,"$10,000,000 ","$85,300,000 ",,,,,,,,,,
CAT904,Northern Sydney Hailstorm,18-Mar-90,18-Mar-90,FY89,,,"On 18 March 1990, a hailstorm spread from Camden south-west of Sydney to Narrabeen Beach on Sydney's northern region. The hail measured up to 8 cm and caused severe damage to approximately 14,000 homes and businesses and 9000 motor vehicles. Winds reached 109 km per hour at Bankstown. Nine kilometres of power lines were brought down and roads were closed from flash flooding. The State Emergency Service received more than 3500 calls for help in the first two days after the storm with assistance being provided to approximately 2000 homes. Twenty-five people sustained serious injury.",Hail,1990,,"$319,000,000 ","$2,720,200,000 ",,,,,,,,,,
CAT901,Cyclone Nancy,28-Jan-90,4-Feb-90,FY89,SEQ,,"Tropical Cyclone Nancy crossed the coast in New South Wales at Byron Bay and moved seawards which brought about high winds and heavy rainfall. Subsequent flooding affected rivers in the central and south-east regions including the Albert, Nerang, Logan, Paroo, Bulloo and Mary. Reports stipulated some areas received 530 mm of rain over a 24 hour period. There was extensive damage to infrastructure including houses, roads and buildings as a result of cyclonic winds that recorded wind gusts of up to 60 - 70 knots. Cyclone Nancy dumped a large amount of rain on Newcastle, which increased the rate of movement in some structures and prompted the discovery of leaks in buildings that had previously been considered structurally sound after the December 1989 earthquake.",Cyclone,1990,,"$33,000,000 ","$387,600,000 ",,,,,,,,,,
CAT894,Newcastle CDB Earthquake,28-Dec-89,28-Dec-89,FY89,,,"On 28 December 1989 at 10.27 am, an earthquake measuring 5.6 on the Richter scale hit Newcastle. The earthquake's epicentre was approximately 15 km from Newcastle's central business district. The earthquake caused widespread damage to infrastructure including roads, bridges and power lines. It damaged 50,000 buildings, including 40,000 homes. As a result 13 individuals lost their lives and 160 were injuried. In February 1990, Cyclone Nancy dumped a large amount of rain on Newcastle, which increased the rate of movement in some structures and prompted the discovery of leaks in buildings that had previously been considered structurally sound after the earthquake.",Earthquake,1989,,"$862,000,000 ","$6,542,200,000 ",,,,,,,,,,
CAT893,Ballarat Hailstorm,16-Nov-89,16-Nov-89,FY89,,,"On 16 November 1989, a hail storm hit Ballarat resulting in damage to houses and cars.",Hail,1989,,"$20,000,000 ","$199,400,000 ",,,,,,,,,,
CAT891,Melbourne Storms,2-Nov-89,2-Nov-89,FY89,,,Severe weather event impacting metropolitan Melbourne,Storm,1989,,"$17,000,000 ","$182,700,000 ",,,,,,,,,,
CAT892,Cyclone Aivu,1-Apr-89,5-Apr-89,FY88,,,"On 4 April 1989, Cyclone Aivu crossed the North Queensland coast near the Burdekin River between Townsville and Bowen. Previously, on 31 March a tropical low had developed south-east of Papua New Guinea. It  had moved slowly west-southwest, reaching tropical cyclone intensity on 1 April. Cyclone Aivu tracked south-east and then south-west at 15-20 km per hour and continued to intensify for some days. The cyclone then weakened but maintained severe tropical cyclone intensity when reaching land south of Townsville with wind gusts to 200 km per hour and a storm surge of up to 3 m. One person drowned in the accompanying storm surge south of the Burdekin River. The system continued to move west-southwest after landfall and degenerated into a rain depression during the next six hours, losing identity two days later. Cyclone Aivu produced record and near record April rainfall totals over large parts of the coastal and central interior districts of Queensland and some parts of New South Wales. The maximum total recorded rainfalls inland from Mackay over 24 hours were 581 mm. Severe local flooding occurred between Townsville and Mackay during 4 April with a flood peak at Mackay of 7.8 m on 5 April; the major flood peak measured 13.2 m on the Pioneer River upstream from Mackay. In northern New South Wales, flooding occurred as a result of this cyclone and two people drowned in associated flood waters.",Cyclone,1989,,"$26,000,000 ","$232,700,000 ",,,,,,,,,,
Undeclared,Cyclone ILONA,12-Dec-88,19-Dec-88,FY88,,,"Ilona developed off the Western Australian coast on 12 December 1988 and made landfall northeast of Onslow, Western Australia on 17 December 1988. Ilona attained a minimum central pressure of 960 mb and maximum wind speed of 85 knots.",Cyclone,1988,,,,,,,,,,,,,
CAT885,"Flood, Storm",9-Nov-88,12-Nov-88,FY88,,,"Severe stroms impacting multiple locations in Metro Melbourne, causing atypical strom damage and localised flooding.",Flood,1988,,"$11,000,000 ","$133,600,000 ",,,,,,,,,,
CAT883,Cyclone Herbie,17-May-88,20-May-88,FY87,,,"Cyclone Herbie developed to the northwest of Cocos Island on 18 May before changing structure, rapidly accelerating to the southeast on 21 May, and passing over Denham in the early morning where wind speeds were recorded at 120 km/h. The cyclone caused structural damage along the coast from Carnarvon to Denham, while further north at Cape Cuvier, the Korean Star, a 30,000 tonne freighter was wrecked. A 2m storm surge at Denham inundated the foreshore and several fishing vessels were stranded along the main street when water levels subsided. As the cyclone moved inland, severe dust storms occurred on its northern side, while by contrast rainfall totals greater than 100 mm caused flooding. The Greenough and Irwin Rivers burst their banks flooding houses, especially in Dongara.",Cyclone,1988,,"$20,000,000 ","$146,800,000 ",,,,,,,,,,
CAT884,Storm,19-Apr-88,19-Apr-88,FY87,,,"Severe stroms impacting multiple locations in South West WA, causing atypical strom damage and localised flooding.",Storm,1988,,"$8,000,000 ","$128,500,000 ",,,,,,,,,,
CAT882,Northern Rivers Flooding,7-Apr-88,14-Apr-88,FY87,,,"During the period between 7 - 14 April, Lismore and the surrounding region sustained heavy rainfall causing many areas to flood. The worst affected townships included Coraki, Woodburn, Broadwater, Wardelll, Iluka and Yamba, with reports of water up to 1 m deep around many homes. Woodburn and lower Richmond were isolated as a result. The Richmond River system carried flood water to the sea however high tides and a six metre swell at the mouth of the river restricted the outflow of water. The Pacific highway was closed for a period at Murwillumbah and Chinderah, and other major road closures occurred. The State Emergency Services (SES) accommodated and provided meals for approximately 1150 people. Two caravan parks and one nursing home were evacuated. Significant crop damage occurred.",Flood,1988,,"$25,000,000 ","$328,200,000 ",,,,,,,,,,
CAT881,Flood,30-Mar-88,31-Mar-88,FY87,,,"From 30-31 March 1988, the Todd River catchment saw the largest rainfall recorded within 24 hours. More than 300 mm of rain fell in the western MacDonnell Ranges, with over 150 mm at stations further east, around Alice Springs. The flood reached a gauge height of 3.98 m. The Todd River burst its banks, flooding large areas of Alice Springs, and isolating it from the south as road and rail links through Heavitree Gap were cut. Further south, the Hugh and Palmer Rivers also burst their banks, cutting the Stuart Highway. The weather system which caused the flood resulted from the combined effects of two tropical depressions, one forming to the north-east of Darwin, and the second in the Indian Ocean south of Java. The combined depression then travelled in a south-easterly direction to Alice Springs. Approximately 300 people were evacuated from low-lying areas, and there was considerable damage in the Alice Springs area. There were three fatalities in the floods.",Flood,1988,,"$10,000,000 ","$100,200,000 ",,,,,,,,,,
Undeclared,Cyclone CHARLIE,19-Feb-88,1-Mar-88,FY87,FNQ,,"Category 2 cyclone Charlie made landfall in Ayr, Queensland in March with estimated maximum wind speeds of 115 km/h and maximum gusts to 165 km/h. There was one reported fatality and damages to crops, mainly sugar cane.",Cyclone,1988,,,,,,,,,,,,,
Undeclared,Cyclone GWENDA,6-Feb-88,12-Feb-88,FY87,,,Cyclone Gwenda developed into a category 4 cyclone and  formed in the Indian Ocean. No Australian landfall.,Cyclone,1988,,,,,,,,,,,,,
Undeclared,Cyclone FREDERIC,28-Jan-88,2-Feb-88,FY87,,,Frederick formed in the Indian Ocean into a category 3 cyclone. No Australian landfall.,Cyclone,1988,,,,,,,,,,,,,
Undeclared,Tennant Creek 6.7 Earthquake,22-Jan-88,22-Jan-88,FY87,,,"Three earthquakes of greater than magnitude 6 rattled Tennant Creek in one day, each about half an hour apart. Considering the intensity of the quakes, damage was remarkably small. The tremors warped the natural gas pipeline and opened a 35km long fault scarp, with a step of 2m. Two buildings and three other structures - including the hospital - were damaged, with a total cost of $2.5 million. No injuries were reported. Thousands of aftershocks continued over a number of years. Seismic activity still occurs in the region.",Earthquake,1988,,,,,,,,,,,,,
Undeclared,Cyclone AGI,6-Jan-88,14-Jan-88,FY87,FNQ,,"Cyclone Agi developed into a category 2 cyclone veering away from the main islands of Papua New Guinea's Milne Bay province after flattening many buildings, uprooting trees and disrupting water supplies. Agi brought heavy rain, high tides and winds gusting at more than 100 km/h to the remote islands it brushed at the eastern tip of the PNG mainland since it formed and began to swirl through the area.",Cyclone,1988,,,,,,,,,,,,,
CAT872,East Perth Storm,19-Jul-87,19-Jul-87,FY87,,,East Perth severe stroms that caused localised flooding and strom damage to property,Storm,1987,,"$2,000,000 ","$34,400,000 ",,,,,,,,,,
CAT873,Melbourne Flooding,19-Jul-87,30-Jul-87,FY87,,,Commercial damage in the Melbourne CDB due to localised flooding following severe storms,Flood,1987,,"$12,000,000 ","$164,500,000 ",,,,,,,,,,
Undeclared,Cyclone BLANCH,21-May-87,27-May-87,FY86,FNQ,,"Pacific ocean, no Australian landfall.",Cyclone,1987,,,,,,,,,,,,,
Undeclared,Cyclone KAY,11-Apr-87,17-Apr-87,FY86,,,"Indian ocean, no Austrlian landfall.",Cyclone,1987,,,,,,,,,,,,,
Undeclared,Cyclone ELSIE,22-Feb-87,27-Feb-87,FY86,,,Elsie moved off the west Kimberly coast and took a southjerly track and then made landfall  along the east Pilbera.  Servere damage was caused to Mandora Station.,Cyclone,1987,,,,,,,,,,,,,
Undeclared,Cyclone JASON,6-Feb-87,14-Feb-87,FY86,FNQ,,Jason started near Weipa and moved to NT near Groote Eylandt.  It moved off shore again and made landfall near Burketown.  It caused some damage to homes in Baniyalla.,Cyclone,1987,,,,,,,,,,,,,
Undeclared,Cyclone DAMIEN,30-Jan-87,9-Feb-87,FY86,,,"Indian ocean, no Austrlian landfall.",Cyclone,1987,,,,,,,,,,,,,
Undeclared,Cyclone IRMA,19-Jan-87,22-Jan-87,FY86,,,TC Irma made landfall near Groote Eylandt and moved south near the coast.  It cause very little damage and only minor flooding.,Cyclone,1987,,,,,,,,,,,,,
CAT871,Southern NSw Bushfires,16-Jan-87,17-Jan-87,FY86,,,"In January 1987, the south-west region of New South Wales experienced serious bushfires. On January 16, 19,000ha of land in and around the township of Cootamundra was burnt. Other towns  affected included, Deniliquin, Gundagai, Bethungra Hills, Frampton, Brawlin and Muttama. A firefighter clearing a firebreak with a bulldozer was killed at Deniliquin when his vehicle was overtaken by flames, while a father and son were trapped by flames and died while firefighting on their farm near Gundagai.",Bushfire,1987,,"$7,000,000 ","$59,000,000 ",,,,,,,,,,
Undeclared,Cyclone CONNIE,15-Jan-87,23-Jan-87,FY86,,,"Connie, 15 to 23 January 1987. Made landfall over Port Hedland on 19 January. Moderate damage was reported in Port Hedland and Whim Creek.",Cyclone,1987,,,,,,,,,,,,,
CAT865,Adelaide Storm,6-Dec-86,6-Dec-86,FY86,,,On 6 December 1986 two severe storms occurred over Adelaide and region with strong winds heavy and rain. Most damage was caused by wind and there was some flooding reported. Some areas in Adelaide Hills and the Far-North of the state were flooded.,Storm,1986,,"$10,000,000 ","$92,400,000 ",,,,,,,,,,
CAT864,Western Sydney Hails Event,3-Oct-86,3-Oct-86,FY86,,,On 3 October 1986 a severe hailstorm spread over Western Sydney. Hail stones of up to 6 cm caused damage to hundreds of homes and ten people sustained injury.,Hail,1986,,"$104,000,000 ","$1,315,300,000 ",,,,,,,,,,
CAT863,Severe Weather and Flooding Sydney Region,4-Aug-86,4-Aug-86,FY86,,,"On 4 August 1986, torrential rainfall occurred in Sydney, with 327.6 mm recorded in a 24 hour period. In the normally drier western suburbs, rainfall levels of 250mm were recorded.  Damaging floods occurred as a result. Around 10,000 homes were affected, and transport severely disrupted: flooded roads stranded many people in the city, while bus and ferry services were also affected.  Electricity supply problems were reported as well as other property damage. As the rain eased in Sydney the wind shifted in a southerly direction early on 6 August. This caused the Blue Mountains to experience heavy rains, resulting in the largest floods on record on the Cox and Grose rivers. The rain moved south to the Illawarra and west of Wollongong, adding to the already high Georges River (recorded at 4.5 m), while; the Hawkesbury River peaked at 12.8 m. This resulted in flooding covering the bridge at Milperra. Six deaths were recorded. ",Flood,1986,,"$35,000,000 ","$442,600,000 ",,,,,,,,,,
Undeclared,Cyclone NAMU,16-May-86,22-May-86,FY85,FNQ,,"Pacific ocean, no Australian.",Cyclone,1986,,,,,,,,,,,,,
Undeclared,Cyclone BILLY-LILA,4-May-86,15-May-86,FY85,,,"Indian Ocean, no Australian landfall.",Cyclone,1986,,,,,,,,,,,,,
Undeclared,Cyclone MANU,21-Apr-86,27-Apr-86,FY85,FNQ,,"Pacific ocean, no Australian.",Cyclone,1986,,,,,,,,,,,,,
Undeclared,Cyclone ALISON,11-Apr-86,11-Apr-86,FY85,,,"Indian Ocean, no Australian landfall.",Cyclone,1986,,,,,,,,,,,,,
Undeclared,Marryat Creek 5.9 Earthquake,30-Mar-86,30-Mar-86,FY85,,,"Felt in Alice Springs 300 kilometres (186 mi) to the north, and Coober Pedy 350 kilometres (217 mi) to the south. Damage was minor, cracked walls observed in DeRose Hill and Victory Downs stations.",Earthquake,1986,,"$1,000,000 ","$7,300,000 ",,,,,,,,,,
Undeclared,Cyclone ALFRED,2-Mar-86,8-Mar-86,FY85,FNQ,,"Pacific ocean, no Australian.",Cyclone,1986,,,,,,,,,,,,,
Undeclared,Cyclone VICTOR,2-Mar-86,9-Mar-86,FY85,,,"Indian Ocean, no Australian landfall.",Cyclone,1986,,,,,,,,,,,,,
Undeclared,Cyclone TIFFANY,25-Feb-86,27-Feb-86,FY85,,,"Indian Ocean, no Australian landfall.",Cyclone,1986,,,,,,,,,,,,,
Undeclared,Cyclone SELWYN,21-Feb-86,26-Feb-86,FY85,,,"Indian Ocean, no Australian landfall.",Cyclone,1986,,,,,,,,,,,,,
Undeclared,Cyclone RHONDA,17-Feb-86,21-Feb-86,FY85,,,"Indian Ocean, no Australian landfall.",Cyclone,1986,,,,,,,,,,,,,
CAT862,Cyclone Winifred,27-Jan-86,5-Feb-86,FY85,,,"Tropical Cyclone Winifred registered as a category three cyclone and recorded wind gusts up to 175 km per hour, near Cowley Beach south of Innisfail. Damage and disruption extended from north of Cairns to Cardwell and inland on a narrow front to Ravenshoe. Flooding occurred between Babinda and Tully.  The tide gauge at Clump Point recorded a storm surge of 1.6 m, wave run-up on beaches was approximately 2 m above the astronomical tide. Significant 24 hour rainfalls during the period were Topaz 304 mm, Ravenshoe 373 mm, Tully 212 mm, lnnisfail 221 mm and Babinda 251 mm. There were three deaths.",Cyclone,1986,,"$40,000,000 ","$301,200,000 ",,,,,,,,,,
CAT861,Hail,21-Jan-86,21-Jan-86,FY85,,,"On 21 January 1986 a severe hailstorm caused extensive damage to homes, farms and crops in the Orange area of the Central Tablelands. Hail of up to 7 cm in diameter was reported and over 100 motor vehicles were damaged.",Hail,1986,,"$25,000,000 ","$335,900,000 ",,,,,,,,,,
Undeclared,Cyclone VERNON,21-Jan-86,24-Jan-86,FY85,FNQ,,"Pacific ocean, no Australian.",Cyclone,1986,,,,,,,,,,,,,
Undeclared,Cyclone PANCHO,18-Jan-86,21-Jan-86,FY85,,,"Indian Ocean, no Australian landfall.",Cyclone,1986,,,,,,,,,,,,,
Undeclared,Cyclone HECTOR,17-Jan-86,24-Jan-86,FY85,,,"Tropical Cyclone Hector occurred from 17 January until 24 January 1986. It crossed the coast near Wyndham, Western Australia and its estimated lowest pressure was 973 hPa. Hector caused significant flooding in the Kimberley region of Western Australia.[1]",Cyclone,1986,,,,,,,,,,,,,
Undeclared,Cyclone OPHELIA,7-Jan-86,12-Jan-86,FY85,,,"Indian Ocean, no Australian landfall.",Cyclone,1986,,,,,,,,,,,,,
Undeclared,Cyclone NICHOLAS,26-Nov-85,3-Dec-85,FY85,,,"Tropical Cyclone Nicholas originated from a broad area of low pressure associated with a monsoonal trough south of Sumatra on November 25. It tracked south and gradually organized itself and became a tropical cyclone early on November 29. It then began to move east and passed through major shipping routes near Christmas Island, though none of the ships record any extensive winds from the nearby cyclone. Nicholas, while remaining a small system, continued to intensify and by December 3 reached a peak intensity as a category four cyclone with winds of 115 mph (185 km/h) 10-min sustained and a pressure of 945 hPa. Afterwards the cyclone turned almost directly south and gradually weakened. On December 7 the Nicholas's convection began to wane and the system had fully dissipated by that evening.",Cyclone,1985,,,,,,,,,,,,,
Undeclared,Cyclone MARGOT,10-Apr-85,25-Apr-85,FY84,,,"Cyclone Margot was a tropical cyclone that stayed out to sea during its entire duration. It was first identified on April 10, off the coast of Sunda Strait. Margot then traveled to the southwest during April 12, gradually intensifying to a tropical cyclone. In the noon hours of April 13, it began to move to the southeast, under the influence of an intense high pressure area to the south. The cyclone reached a peak intensity on April 14, as a category four cyclone using the Australian scale, with winds of 185 km/h (115 mph). This intensity was based on satellite estimates, but the strongest report was from a ship eighteen hours earlier. After peak intensity Margot gradually weakened up until the 19, when it briefly underwent intensification, and turned west. This was short lived however, as dry, easterly low-level winds and wind shear began to influence the cyclone. Margot began to rapidly weaken and move in an easterly direction on April 20. On the 21 Margot had become a remnant low after completing a figure-eight path. On the 25 the remnant low was absorbed by a broad low pressure system located in the northeast Indian Ocean.",Cyclone,1985,,,,,,,,,,,,,
Undeclared,Cyclone GRETEL,9-Apr-85,14-Apr-85,FY84,,,"Cyclone Gretel was a tropical cyclone that formed in the Arafura Sea late on April 12, 1985, just east of Croker Island, off the Northern Territory coast. Moving in a west-southwest direction, it crossed the Cobourg Peninsula into the Van Diemen Gulf, where it intensified to Category 2 and reached its lowest pressure of 984 hPa. Moving south-west, the eye of the storm passed over Darwin, Australia, early on April 14, causing extensive tree damage and flooding to the area but no reported loss of life. It continued moving in a south-southwest direction, weakening to a low pressure system near the Victoria River mouth late that evening. The total estimated damages was $3.5 million.",Cyclone,1985,,,,,,,,,,,,,
Undeclared,Cyclone TANYA,27-Mar-85,1-Apr-85,FY84,FNQ,,FNQ Category 1 cyclone event with no significant damage reported,Cyclone,1985,,,,,,,,,,,,,
Undeclared,Cyclone SANDY,20-Mar-85,24-Mar-85,FY84,,,"Sandy formed on March 19 in the Gulf of Carpentaria and strengthening rapidly into a Category 4 cyclone, before it make landfall near Sir Edward Pellew Group of Islands as a Category 2 cyclone on March 24. Over the next days, Sandy moved into the Indian Ocean and dissipated on April 3. Similar to Cyclone Kathy, the storm was not as intense as Kathy. Two trawlers were devastated by Sandy, where swells of 12 m (39 ft) were measured. Storm surges were measured at 3 to 3.5 metres (9.8 to 11.5 ft) at Centre Island. Flooding was extensive along the southern gulf coast. A total of 860 mm (35 in) of rain recorded in the island during a four-day time span.",Cyclone,1985,,,,,,,,,,,,,
Undeclared,Cyclone KIRSTY,10-Mar-85,19-Mar-85,FY84,,,Indian Ocean event with no significant Australian landfall,Cyclone,1985,,,,,,,,,,,,,
Undeclared,Cyclone LINDSAY,6-Mar-85,11-Mar-85,FY84,,,"Cyclone Lindsay formed on March 6, 1985. The storm moved south-southeast reaching Category 4 status before making landfall near Broome, Western Australia.",Cyclone,1985,,,,,,,,,,,,,
Undeclared,Cyclone ISOBEL,11-Feb-85,22-Feb-85,FY84,,,Indian Ocean event with no significant Australian landfall,Cyclone,1985,,,,,,,,,,,,,
Undeclared,Cyclone HUBERT,10-Feb-85,19-Feb-85,FY84,,,Indian Ocean event with no significant Australian landfall,Cyclone,1985,,,,,,,,,,,,,
Undeclared,Cyclone GERTIE,26-Jan-85,3-Feb-85,FY84,,,Gertie made landfall in Western Australia before dissipating,Cyclone,1985,,,,,,,,,,,,,
CAT852,Brisbane Hail Storm,18-Jan-85,18-Jan-85,FY84,,,"The afternoon of Friday the 18th of January, 1985 is remembered by many Brisbane residents as the worst storm they had ever experienced. At the time, it was the second most damaging natural disaster (to the 1974 floods) in the history of Queensland.  In terms of destructive thunderstorms in SE Qld this storm came first, and daylight second. It was a typical Brisbane Summer day, with hot and sultry NW/NE winds. Brisbane residents were bearing up to the heat in anticipation of a cooling thunderstorm ahead of a fresh SE wind change. And that's exactly what happened, but nobody thought the storm would be so severe. A coastal front had slowed and was in the Coolangatta area, and a trough was located over the inland, but ominously, a cold pool of air lay in the upper levels to the SW of Brisbane. During the early afternoon, storms developed as they frequently do in Summer on the Border Ranges, to the South and SSW of Brisbane.  From 2:30pm one particular storm became organised, and by 3:20pm a severe thunderstorm was reported at Mt Alford, SSW of Boonah.  That was the start of Brisbane's most damaging ever thunderstorm. By 4pm, the thunderstorm had assumed massive proportions with cloudtops at 18km and there was a large area of maximum reflectivity - indicative of hail. It was located just east of Harrisville south of Ipswich at this time, and destructive winds and large hail were being reported.  At 4:20pm, with the Goodna area in the far SW Brisbane suburbs being affected, cloudtops suddenly fell to around 16km, but nevertheless, the storm was as severe as ever.  The storm started intensifying again, so that at 4:50pm the cloudtops were nearing 17km as it approached Brisbane's CBD from the SSW. With workers starting to drive home with a weekend in front of them, it hit. Suburbs including Oxley, Kenmore, Toowong, Chermside, Hendra, Nundah and Sandgate were hit particularly hard.  At the Regional Office of the Brisbane Bureau of Meteorology in the CBD a record wind gust of 145km/h (78kn) was recorded, and then one of the most extreme officially recorded wind gusts in the history of Australian storms struck: 185km/h (100kn) at the Brisbane Airport.  That's close to a 193km/h recorded gust at Tennant Creek in the 1960's.  The winds blew hailstones of up to 7cm in diameter almost horizontal resulting in infinite smashed windows.  Many residents resorted to hiding under tables and mattresses as the giant hailstones smashed through the windows and ferocious winds blew off roofs. At Toombul, damage was severe.  A man whose apartment block had been completely unroofed said: ""The sound was amazing. There were bits of corrugated iron and guttering flying though the air and crashing up against the two buildings"". At the Brisbane Airport, where the extreme wind gust was recorded, 12 pre-fabricated site office sheds were blown and rolled at least a distance of 100m then damaged severely. It was estimated that 20% of the vehicles in the city were hail damaged, over 20 000 buildings damaged and 80 000 premises were blacked out.  The Wool Store furniture centre in Newfarm had 2500 broken windows on the windward side of the building, their damage bill being $5 million.  Amazingly, the store had survived every storm undamaged since 1927. The rainfall intensities that came with the storm were particularly high. Between 60 and 70mm were reported from SW suburbs, the inner City and some N and NE suburbs.  At the Eagle Farm Airport, a 15 min intensity of 57mm was recorded - that's a rate of 228mm/hour. At Clayfield, a family were caught in their home when the local creek rapidly rose. They were luckily able to get out when the water was up to their shoulders.",Hail,1985,,"$180,000,000 ","$3,745,900,000 ",,,,,,,,,,
Undeclared,Cyclone ODETTE,16-Jan-85,19-Jan-85,FY84,FNQ,,A powerful Coral Sea cyclone event that made no significant Australian landfall,Cyclone,1985,,,,,,,,,,,,,
Undeclared,Cyclone NIGEL,14-Jan-85,16-Jan-85,FY84,FNQ,,"The precursor low to Cyclone Nigel formed as an ill defined low, within the intertropical convergence zone near the Cape York Peninsula during January 1985.[2] Over the next several days the system gradually moved eastwards into the Coral Sea, before the BoM reported that a recognizable circulation had developed during January 14. Over the next two days the low moved eastwards and slowly developed further, before the JTWC initiated advisories on the system and designated it as Tropical Cyclone 13P early on January 16. Later that day the BoM named the system Nigel as it became equivalent to a modern-day category 1 tropical cyclone on the Australian tropical cyclone intensity scale and moved out of the Australian region into the South Pacific basin.",Cyclone,1985,,,,,,,,,,,,,
CAT851,Victorian Alpine Bushfires,14-Jan-85,14-Jan-85,FY84,,,"On 14 January 1985 a significant number of bushfires started in Victoria predominantly from lightning strikes. A major fire in Central Victoria burnt 50,800 hectares of land, including 17,600 hectares of Crown Land. Three people died and over 180 houses, 500 farms and 46,000 livestock were destroyed as a result of the fire. Areas affected included Avoca, Maryborough, and Little River. A large number of fires also started in the Victorian alpine areas, the largest at Mt Buffalo burning 51,400 hectares. Overall, 111 fires started on public land on and it took two weeks to bring the fires under control.",Bushfire,1985,,"$105,000,000 ","$1,228,200,000 ",,,,,,,,,,
CAT842,NSW Bushfires,25-Dec-84,25-Dec-84,FY84,,,Lightning strikes on Christmas Day in 1984 ignited more than 100 fires in the grassed areas in Western NSW. Half a million hectares were burnt as a result.,Bushfire,1984,,"$25,000,000 ","$428,100,000 ",,,,,,,,,,
Undeclared,Cyclone MONICA,25-Dec-84,28-Dec-84,FY84,FNQ,,"Monica peaked as a category 2 storm, tracking roughly south-eastward, passing into the South Pacific basin on December 28.",Cyclone,1984,,,,,,,,,,,,,
Undeclared,Cyclone FRANK,19-Dec-84,28-Dec-84,FY84,,,"Tropical Cyclone Frank was a significant tropical cyclone which formed off the western coast of Australia. It peaked as a Category 1 storm on the Saffir-Simpson Hurricane Scale according to the JTWC. Perth assessed it as a category 4 on the Australian scale. After it turned to the south-east on 25 December, it made landfall as a Category 2 two days later near Port Hedland, Western Australia.",Cyclone,1984,,,,,,,,,,,,,
Undeclared,Cyclone EMMA,12-Dec-84,13-Dec-84,FY84,,,"A Category 3 cyclone, Emma struck Western Australia on December 12, 1984 as a Category 1 cyclone.",Cyclone,1984,,,,,,,,,,,,,
CAT841,Sydney Floods,8-Nov-84,8-Nov-84,FY84,,,"On the 8 November 1984, thunderstorms caused extremely heavy rain over a sizeable area near the centre of Sydney. Observatory Hill recorded 196 mm in three hours. Due to large expanses of urban areas being paved, much of the rainfall became flood run-off, causing damage to homes along the Harbour. Vehicles were swept off roads or buried in mud. Thousands of homes were flooded, and hundreds of people evacuated.",Flood,1984,,"$80,000,000 ","$1,162,900,000 ",,,,,,,,,,
Undeclared,Cyclone KATHY,16-Mar-84,23-Mar-84,FY83,,,"Severe Tropical Cyclone Kathy was a powerful tropical cyclone that devastated the Sir Edward Pellew Group of Islands in March 1984. Originating from a tropical low off the southern coast of Papua New Guinea. Tracking westward, the system attained gale-force winds by 18 March before striking the Cape York Peninsula. After crossing the area, Kathy entered the Gulf of Carpentaria where environmental conditions favored significant development. On 22 March, the storm attained its peak intensity as a Category 5 severe tropical cyclone (Australian tropical cyclone intensity scale) with ten-minute sustained winds of 205 km/h (125 mph). By this time, the storm had been tracking towards the southwest and struck the Sir Edward Pellew Group of Islands later on 22 March before moving over the Australian mainland as a slightly weaker system. Once over land, Kathy rapidly degraded, losing gale-force winds within 24 hours; the storm dissipated over the Northern Territory on 24 March. One person died and damaged totaled to 12 million",Cyclone,1984,,,"$84,900,000 ",,,,,,,,,,
Undeclared,Cyclone JIM,6-Mar-84,10-Mar-84,FY83,FNQ,,"Cyclone Jim developed from a low just southeast of the mainland on Papua New Guinea on 6 March. The storm slowly deepened while heading generally west-southwestward. Early on 8 March, Jim struck Cape Grenville, Queensland. Jim left minor damage to vegetation and downed some large trees. After crossing the Cape York Peninsula, the system emerged into the Gulf of Carpentaria and later made landfall on 9 March at Port Roper, Northern Territory, which is just south of Numbulwar. Jim dissipated on the following day. A 15 m (49 ft) boat was beach at Alyangula. Inland, wind gusts as high as 100 km/h (62 mph) downed trees in the vicinity of the Roper River.",Cyclone,1984,,,,,,,,,,,,,
Undeclared,Cyclone DARYL,6-Mar-84,20-Mar-84,FY83,,,"Indian Ocean event, no Australian landfall",Cyclone,1984,,,,,,,,,,,,,
Undeclared,Cyclone FERDINAND,2-Mar-84,5-Mar-84,FY83,,,"A weak tropical low intensified into Tropical Cyclone Ferdinand on 2 March. The cyclone moved eastward to east-southward and paralleled the northern coast of Northern Territory, until making landfall near Maningrida on 4 March. Ingrid dissipated on the following day. Goulburn Island and the Miningrida area experienced minor damage",Cyclone,1984,,,,,,,,,,,,,
Undeclared,Cyclone CHLOE,25-Feb-84,29-Feb-84,FY83,,,"On 29 February 1984 Chloe crossed the coast near Roebourne, Western Australia where three houses were destroyed and twelve others unroofed. Fifty people required evacuation as floodwaters from the Harding River rose to the lower steps of the Police Station. Parts of the Wickham High Schools were severely damaged and two buildings and a boat were destroyed in the Cossack/Point Samson area. The Dampier Yacht Club was unroofed.",Cyclone,1984,,,,,,,,,,,,,
Undeclared,Cyclone INGRID,20-Feb-84,25-Feb-84,FY83,FNQ,,"A tropical low developed into Cyclone Ingrid to the east of Innisfail, Queensland, on 20 February. Ingrid moved eastward and then east-southeastward by 23 February. The storm then curved southwestward and dissipated on 25 February. Ingrid brought strong winds and caused minor flooding in Cairns and Mackay.",Cyclone,1984,,,,,,,,,,,,,
Undeclared,Cyclone BOBBY,17-Feb-84,23-Feb-84,FY83,,,"Bobby formed within the monsoon trough to the northwest of Broome, Western Australia, on 17 February. Bobby moved southwestward for much of its duration and dissipated by 23 February.",Cyclone,1984,,,,,,,,,,,,,
Undeclared,Cyclone ANNETTE,5-Feb-84,16-Feb-84,FY83,,,"Cyclone Annette developed simultaneously with Cyclone Willy in the Australian basin and Cyclone Haja in the south-west Indian. On February 3, a tropical low formed northeast of the Cocos Islands. Steered by a ridge to the south, it moved generally southwestward and intensified into Tropical Cyclone Annette, named by the Bureau of Meteorology. After executing a loop, Annette crossed 80 E into the south-west Indian Ocean on February 16. Upon crossing into the basin, the storm was renamed Jaminy by the Mauritius Meteorological Service.",Cyclone,1984,,,,,,,,,,,,,
Undeclared,Cyclone HARVEY,3-Feb-84,9-Feb-84,FY83,FNQ,,A low spawned within the monsoon trough developed into Tropical Cyclone Harvey on 3 February. The system moved generally east-southeastward and entered the South Pacific basin on 7 February.,Cyclone,1984,,,,,,,,,,,,,
Undeclared,Cyclone WILLY,2-Feb-84,11-Feb-84,FY83,,,A weak low developed into Tropical Cyclone Willy on 2 February. The system headed southwestward and dissipated on 11 February.,Cyclone,1984,,,,,,,,,,,,,
Undeclared,Cyclone VIVIENNE,23-Jan-84,27-Jan-84,FY83,,,"The origins of Vivienne-Fanja are unclear as a result of sparseness of data, due to a disruption in satellite imagery coverage. It is estimated that a tropical low formed on January 23 west of Christmas Island in the Australian basin. The Bureau of Meteorology named the storm Vivienne, which gradually intensified while moving to the west. On January 27, the cyclone crossed 80? E into the southwest Indian Ocean, at which time it was renamed Fanja.",Cyclone,1984,,,,,,,,,,,,,
Undeclared,Cyclone GRACE,13-Jan-84,20-Jan-84,FY83,FNQ,,"Coral Sea event, no significant Australian landfall",Cyclone,1984,,,,,,,,,,,,,
Undeclared,Cyclone TIM,2-Jan-84,10-Jan-84,FY83,,,"Tim formed from a low pressure area to the southeast of Christmas Island on 2 January 1984. After moving northwest, Tim turned southward on 6 January. The cyclone decayed to a tropical low by 10 January.",Cyclone,1984,,,,,,,,,,,,,
Undeclared,Cyclone 198384_06,21-Dec-83,24-Dec-83,FY83,,,"Operationally, this cyclone was considered to have been the redeveloped remnants of Esther. The storm developed from a cloud cluster near the southern tip of Timor on 21 December. The system moved west-northward and dissipated on 24 December.[6]",Cyclone,1983,,,,,,,,,,,,,
Undeclared,Cyclone ESTHER,18-Dec-83,20-Dec-83,FY83,,,"Indian ocean,no Australian landfall.",Cyclone,1983,,,,,,,,,,,,,
Undeclared,Cyclone FRITZ,9-Dec-83,13-Dec-83,FY83,FNQ,,"Pacific ocean, no Australian landfall.",Cyclone,1983,,,,,,,,,,,,,
Undeclared,Cyclone QUENTON,26-Nov-83,30-Nov-83,FY83,,,"Quenton developed on 26 November from a low pressure situated south of Java. Making landfall in Western Australia on 29 November, Quenton was the first tropical cyclone to strike Australia in the month of November since Ines in 1973. The cyclone dissipated on the following day.",Cyclone,1983,,,,,,,,,,,,,
Undeclared,Cyclone PEARL,11-Nov-83,14-Nov-83,FY83,FNQ,,"Indian ocean, no Australian landfall.",Cyclone,1983,,,,,,,,,,,,,
Undeclared,Cyclone MONTY,22-Apr-83,29-Apr-83,FY82,,,Monty was a small but intense cyclone that developed off the Pilbra coast before making landfall near Mardie Station. It then moved off the coast becoming a CAT 4 and making landfall againnear Onlslow.  Heavy rain caused flooding in the area.,Cyclone,1983,,,,,,,,,,,,,
Undeclared,Cyclone NAOMI,21-Apr-83,2-May-83,FY82,,,"A tropical low developed near the western edge of the Australia region basin on 21 April. After strengthening into Cyclone Naomi, the system headed southeastward for much of its duration. By 30 April, Naomi doubled-back and moved northwestward, but dissipated on 2 May.",Cyclone,1983,,,,,,,,,,,,,
Undeclared,Cyclone LENA,2-Apr-83,9-Apr-83,FY82,,,"Lena formed off the coast of Indonesia on April 3, 1983. The storm reached Category 2 status before making landfall at Port Hedland, Australia. The storm dissipated on April 9.",Cyclone,1983,,,,,,,,,,,,,
Undeclared,Cyclone KEN,28-Feb-83,6-Mar-83,FY82,FNQ,,"Pacific ocean, no Australian landfall.",Cyclone,1983,,,,,,,,,,,,,
Undeclared,Cyclone OSCAR,22-Feb-83,6-Mar-83,FY82,,,"Indian ocean, no Australian landfall",Cyclone,1983,,,,,,,,,,,,,
Undeclared,Ash Wednesday Bushfire,16-Feb-83,16-Feb-83,FY82,,,0,Bushfire,1983,,,,,,,,,,,,,
CAT832A,Ash Wednesday Bushfire (VIC),16-Feb-83,16-Feb-83,FY82,,,"The Victorian and South Australian bushfire season started in November 1982 with 854 bushfires affecting Ballan, Mount Macedon (on 1 February), Cann River and Mount Donna Buang. On early Ash Wednesday morning there were 104 fires already burning in Victoria. Most were controlled or contained, but after 2pm the situation exploded. The fires formed several complexes. 1. Western district near Warrnambool. In total nine people died, 50,000 hectares were burnt, 157 houses destroyed and 19,300 head of  livestock were lost.  2. East Trentham– Macedon fire complex. Seven people died, 20,000 hectares were burnt, 200 homes destroyed in Macedon, 150 on Mount Macedon, 50 in Bullengarook and 20 in Woodend. 3. Otways complex.  Three people were killed and 578 houses and other buildings were lost. 4. Beaconsfield Upper – Cockatoo complex.  In total, 27 people died, 100 were injured and 535 houses and buildings were destroyed. 5. Warburton complex. Thirty houses were destroyed.",Bushfire,1983,,"$138,000,000 ","$2,707,000,000 ",,,,,,,,,,
CAT832B,Ash Wednesday Bushfire (SA),16-Feb-83,16-Feb-83,FY82,,,"South Australia - In total 28 people died, including three CFS volunteer fire fighters. More than 1500 people were injured, 383 homes and 200 other buildings destroyed and 160,000 hectares were burnt.",Bushfire,1983,,"$38,000,000 ","$990,500,000 ",,,,,,,,,,
Undeclared,Cyclone ELINOR,11-Feb-83,4-Mar-83,FY82,FNQ,,"In March 1983, Cyclone Elinor made landfall in Queensland, wrecking two yachts.",Cyclone,1983,,,,,,,,,,,,,
CAT831,Bushfire,19-Jan-83,19-Jan-83,FY82,,,"In January 1983 a number of fires caused significant damage to areas in and around the Sydney region.  Approximately 60,000 ha of land including a pine forest was lost",Bushfire,1983,,"$12,000,000 ","$193,900,000 ",,,,,,,,,,
Undeclared,Cyclone DES,14-Jan-83,23-Jan-83,FY82,FNQ,,"A tropical depression developed within a monsoon trough east-northeast of Cairns, Queensland, on 14 January. Des moved east-southeastward and strengthened gradually. Later, the storm tracked generally northward, until curving eastward and dissipating on 23 January.",Cyclone,1983,,,,,,,,,,,,,
Undeclared,Cyclone JANE,2-Jan-83,10-Jan-83,FY82,,,"CAT 4 cyclone hit landfall east of Port Headland, not causing any real damage.",Cyclone,1983,,,,,,,,,,,,,
Undeclared,Melbourne Gusts,15-Nov-82,16-Nov-82,FY82,,,Strong wind damage across metro Victoria,Storm,1982,,"$10,000,000 ","$201,300,000 ",,,,,,,,,,
Undeclared,Cyclone CLAUDIA,14-May-82,17-May-82,FY81,FNQ,,"Pacific Ocean, no Australian Landfall.",Cyclone,1982,,,,,,,,,,,,,
Undeclared,Cyclone DOMINIC,7-Apr-82,14-Apr-82,FY81,FNQ,,"CAT 1 Cyclone hit landfall near Weipa and crossed the land mass and left on the east coast and returned near Cooktown, causing very little damage.",Cyclone,1982,,,,,,,,,,,,,
Undeclared,Cyclone BERNIE,1-Apr-82,7-Apr-82,FY81,FNQ,,"Pacific Ocean, no Australian Landfall.",Cyclone,1982,,,,,,,,,,,,,
Undeclared,Cyclone IAN,23-Feb-82,7-Mar-82,FY81,,,CAT 3 Cyclone crossed near Weipa and lost intensity as it crossed the land mass anfter leaving the east coast and then returned near Cooktown.,Cyclone,1982,,,,,,,,,,,,,
Undeclared,Cyclone HARRIET,14-Feb-82,21-Feb-82,FY81,,,"Indian ocean, no Australian landfall.",Cyclone,1982,,,,,,,,,,,,,
Undeclared,Cyclone CORAL,4-Feb-82,6-Feb-82,FY81,,,CAT 1 cyclone reached landfall on the east coast of NT causing very little damage.,Cyclone,1982,,,,,,,,,,,,,
Undeclared,Cyclone GRAHAM,27-Jan-82,2-Feb-82,FY81,,,"Reached landfall north of Broome and then travelled inland and left the coast just south of Broom, then returned close to port headland.  Minimal damage.",Cyclone,1982,,,,,,,,,,,,,
Undeclared,Cyclone ABIGAIL,22-Jan-82,5-Feb-82,FY81,FNQ,,"Pacific Ocean, no Australian Landfall.",Cyclone,1982,,,,,,,,,,,,,
Undeclared,Cyclone BRUNO,15-Jan-82,21-Jan-82,FY81,,,CAT 1 cyclone hit landfall north of Darwin and travelled overland an left disipated just north of Broome.  Very little damage.,Cyclone,1982,,,,,,,,,,,,,
Undeclared,Cyclone ERROL,13-Jan-82,18-Jan-82,FY81,,,"Indian ocean, no Australian landfall.",Cyclone,1982,,,,,,,,,,,,,
Undeclared,Cyclone DAPHNE-FIFI,11-Jan-82,21-Jan-82,FY81,,,"CAT 1 Cyclone hit landfall between Port hedland and Broom, casuing very little damage.",Cyclone,1982,,,,,,,,,,,,,
Undeclared,Unnamed Cyclone,19-Dec-81,22-Dec-81,FY81,,,A unnamed CAT 3 Cyclone hit the eastern coast of NT and travelled overland then left land on the western coast into the Indian Ocean.,Cyclone,1981,,,,,,,,,,,,,
Undeclared,Cyclone AMELIA,30-Nov-81,6-Dec-81,FY81,,,On 1 December a TL hit lanfall Southern part of the Gulf of Capentaria.  It then moved along the fringe of the N T coast.  It caised very little damage.,Cyclone,1981,,,,,,,,,,,,,
Undeclared,Cyclone PADDY,24-May-81,30-May-81,FY80,,,"Indian Ocean, no Australian landfall.",Cyclone,1981,,,,,,,,,,,,,
Undeclared,Cyclone OLGA,5-Apr-81,15-Apr-81,FY80,,,"Indian Ocean, no Australian landfall.",Cyclone,1981,,,,,,,,,,,,,
Undeclared,Cyclone MAX,10-Mar-81,19-Mar-81,FY80,,,A low formed near the top end and formed into a TC and passed close to Darwin.  Little damage.,Cyclone,1981,,,,,,,,,,,,,
Undeclared,Cyclone FREDA,24-Feb-81,3-Mar-81,FY80,FNQ,,"Begane as a persistent low which crossed landfall west coast of Capre York Peninsular.  Heavy rain and flooding, but little damage.",Cyclone,1981,,,,,,,,,,,,,
Undeclared,Cyclone NEIL,24-Feb-81,7-Mar-81,FY80,,,"Indian Ocean, no Australian landfall.",Cyclone,1981,,,,,,,,,,,,,
CAT811,Cyclone CLIFF,13-Feb-81,15-Feb-81,FY80,FNQ,,"Flooding in the wake of an ex-tropical cyclonic depression resulted in heavy damage in the Dalby township, north-west of Brisbane and the surrounding area. Heavy rainfall over the Myall creek catchment created serious flooding for the town of Dalby, the highest recorded at a height of 4.5 m. Approximately 2000 homes were inundated with water and there was considerable damage to the grain growing districts. One death was recorded.",Cyclone,1981,,,"$367,200,000 ",,,,,,,,,,
Undeclared,Cyclone EDDIE,8-Feb-81,13-Feb-81,FY80,FNQ,,A serverve storm which made lanfall in FNQ then tracked over NT then onto WA. It caused flooding but little structual damage.,Cyclone,1981,,,,,,,,,,,,,
Undeclared,Cyclone MABEL,12-Jan-81,21-Jan-81,FY80,,,"Indian Ocean, no Australian landfall.",Cyclone,1981,,,,,,,,,,,,,
Undeclared,Cyclone FELIX,22-Dec-80,31-Dec-80,FY80,,,"Indian ocean, no Australian landfall",Cyclone,1980,,,,,,,,,,,,,
Undeclared,Cyclone EDNA,20-Dec-80,27-Dec-80,FY80,,,"Indian ocean, no Australian landfall",Cyclone,1980,,,,,,,,,,,,,
CAT804,Brisbane Storm,19-Dec-80,19-Dec-80,FY80,SEQ,,"Severe storms in Brisbane, resulting in widespread strom related damage to residential property.",Storm,1980,,"$7,500,000 ","$214,500,000 ",,,,,,,,,,
CAT805,Brisbane Hail,16-Dec-80,16-Dec-80,FY80,SEQ,,"A severe storm caused hail damage in northern Brisbane, Bracken Ridge, and extensive damage to 5000 homes in Brighton.",Storm,1980,,"$15,000,000 ","$429,000,000 ",,,,,,,,,,
Undeclared,Cyclone DAN,14-Dec-80,18-Dec-80,FY80,,,"Indian ocean, no Australian landfall",Cyclone,1980,,,,,,,,,,,,,
Undeclared,Cyclone ALICE,3-Nov-80,10-Nov-80,FY80,,,"Indian ocean, no Australian landfall",Cyclone,1980,,,,,,,,,,,,,
Undeclared,Cyclone SIMON,21-Feb-80,28-Feb-80,FY79,FNQ,,"Coral Sea Category 4 storm that impacted parts of Far North Queensland, causing riverine flooding",Cyclone,1980,,,,,,,,,,,,,
CAT803,Adelaide Bushfire,19-Feb-80,8-Mar-80,FY79,,"Lofty Ranges, Longwood","On 20 February 1980, in the Mount Lofty Ranges, east of Adelaide there was a fire described as an early Ash Wednesday. This fire began two weeks prior in a rubbish dump south-south-east of Adelaide. It smouldered until 20 February when hot winds fanned the fire which burnt 8000 ha in one day. The fire destroyed 51 homes, the Anglican church at Longwood and 75 farms along with orchards and market gardens. The damage bill was estimated at more than $30 million. Court cases were held to ascertain who was responsible for this fire and they continued for more than 10 years.",Bushfire,1980,,"$13,000,000 ","$239,800,000 ",,80,,,,,,,,
Undeclared,Cyclone ENID,12-Feb-80,18-Feb-80,FY79,,,"Category 5 cyclone event that impacted the Pilbara region of WA, with limited damage reported.",Cyclone,1980,,,,,,,,,,,,,
Undeclared,Cyclone RUTH,11-Feb-80,18-Feb-80,FY79,FNQ,,"Coral Sea event, no Australian landfall.",Cyclone,1980,,,,,,,,,,,,,
CAT802,Cyclone DEAN,27-Jan-80,4-Feb-80,FY79,,,Pilbara region Category 5 cyclone event.,Cyclone,1980,,"$2,500,000 ","$45,700,000 ",,,,,,,,,,
Undeclared,Cyclone CLARA,21-Jan-80,29-Jan-80,FY79,,,"Indian ocean, no Australian landfall",Cyclone,1980,,,,,,,,,,,,,
Undeclared,Cyclone BRIAN,18-Jan-80,27-Jan-80,FY79,,,"Indian ocean, no Australian landfall",Cyclone,1980,,,,,,,,,,,,,
CAT801,Cyclone AMY,10-Jan-80,1-Feb-80,FY79,,,Category 5 cyclone event impacting Port Headland,Cyclone,1980,,"$2,700,000 ","$54,000,000 ",,,,,,,,,,
Undeclared,Cyclone PAUL,7-Jan-80,8-Jan-80,FY79,FNQ,,"As a result of the moisture, very heavy rain caused one of the highest floods of the 20th Century down the Don River through Bowen. In its lower reaches the river changed its course and washed away two homes and caused several million Australian dollars worth of damage to the market garden industry.",Cyclone,1980,,,,,,,,,,,,,
Undeclared,Cyclone Peter Flooding,29-Dec-79,3-Jan-80,FY79,,,0,Flood,1979,,"$5,500,000 ","$326,100,000 ",,,,,,,,,,
Undeclared,Cyclone WILF,23-Dec-79,1-Jan-80,FY79,,,"Indian Ocean event, no significant Australian landfall.",Cyclone,1979,,,,,,,,,,,,,
Undeclared,Cyclone VIOLA,11-Dec-79,19-Dec-79,FY79,,,"Indian Ocean event, no significant Australian landfall.",Cyclone,1979,,,,,,,,,,,,,
CAT793,Port Broughton Hailstorm,14-Nov-79,14-Nov-79,FY79,,,"On 14 November 1979 Port Broughton sustained damage from a line of ferocious storms that hit south-eastern South Australia. Very strong winds and hail ruined solid brick houses, holiday shacks and caravans. Cars were pushed sideways along the road and pine trees up to 30 m tall were uprooted. There was no loss of life during the event which was considered amazing. Eleven people were injured requiring hospital admission and 60 others required hospital treatment. While Port Broughton incurred the most damage, other areas were also affected. Destruction was felt from the mid north to northern Adelaide Plains. Clare experienced severe damage. Houses lost their roofs and sheds were demolished in the high winds. Likewise the northern suburbs of Adelaide saw houses unroofed and trees blown over in areas such Salisbury North, Parafield Gardens, and Munno Para. Agriculture was severely impacted with crops damaged, glass houses broken, grape vines stripped, storage tanks squashed, orchards destroyed and many farmers' livelihoods, built up over many years, were lost within ten minutes. According to the Bureau of Meteorology Regional Forecasting Centre, the thunderstorm triggered by the trough line that extended across Yorke Peninsula moved over Port Broughton and produced destructive winds. The winds at all levels through the atmosphere were very strong. A thunderstorm is classified as severe if it produces wind gusts of 90 km per hour of more. On this day gusts were much higher with reports of 135 km per hour to 160 km per hour. Isolated large hail coming from very cold air high above the earth's surface was rapidly transported to the surface by downdrafts and accompanied the thunderstorms associated with the trough immediately to the east causing damage to some of Adelaide’s northern suburbs.",Hail,1979,,"$10,000,000 ","$155,000,000 ",,,,,,,,,,
CAT792,Cadoux Earthquake,2-Jun-79,2-Jun-79,FY78,,,"The second-most damaging earthquake in the history of Western Australia injured one person and struck 25 buildings in the wheatbelt town of Cadoux, 180km northeast of Perth. Roads, railway lines, pipes and power lines were damaged in an area of about 400 sq km. A fault, 15km long, opened on the Earth's surface - significant because only about 12 earthquakes in Australia's modern history have caused the ground to rupture. Tall buildings swayed in Perth, and mercury spilled at the Rottnest Island lighthouse.",Earthquake,1979,,"$3,500,000 ","$54,200,000 ",,,,,,,,,,
Undeclared,Cyclone KEVIN,2-May-79,12-May-79,FY78,,,"Indian Ocean event, no significant Australian landfall.",Cyclone,1979,,,,,,,,,,,,,
Undeclared,Cyclone JANE,9-Apr-79,14-Apr-79,FY78,,,"Indian Ocean event, no significant Australian landfall.",Cyclone,1979,,,,,,,,,,,,,
Undeclared,Cyclone STAN,6-Apr-79,15-Apr-79,FY78,FNQ,,"A tropical low formed over the northern Coral Sea on 6 April 1979 and then moved westward to reach the Gulf of Carpentaria on the evening of 8 April. Throughout 11 and 12 April 1979 the system remained stationary to the north of Cape Wessel with an estimated central pressure of 1000 hPa. By the morning of 13 April 1979 the low had developed to tropical cyclone intensity and began to move east-southeast. The cyclone attained its lowest estimated central pressure of 995 hPa on 14 April 1979. During 14 April the cyclone accelerated as it approached the Queensland coast and,crossed the coast approximately 40 km north of Weipa at about 0800 UTC. The system moved rapidly across Cape York Peninsuila and into the Coral Sea, decaying during this passage and with the estimated central pressure rising to 1002 hPa. 'The system continued to move east-southeastwards as a tropical low and was unidentifiable on 16 April 1979. The highest reported wind associated with Stan was 74 km/h on 12 April 1979 at Cape Wessel. Estimates derived from satellite imagery indicated that the strongest winds associated with Stan were of the same order. At no time was an eye discernible on satellite photographs. The highest 24-hour rainfall associated with Stan was 233 mm at Iron Range on 15 April. Other 24-hour falls included 127 mrn at Moreton and 84 mm at Weipa. Tides at Weipa were reported to be slightly in excess of half a metre above predicted level on 14 April. No damage, loss of life or significant flooding occurred.",Cyclone,1979,,,,,,,,,,,,,
Undeclared,Cyclone IDYLLE,5-Apr-79,20-Apr-79,FY78,,,"Idylle originated in the Mauritius Region of responsibility and was a severe storm with gales to within 650 km of the centre at peak intensity, according to the Mauritius cyclone warning centre. It exhibited recurvature and began moving southeast on 10 April 1979 and steadily accelerated. The Guam TCWC estimated the system reached peak intensity on 12 April 1979 with maximum winds near the centre of 240 km/h and gusts to 295 km/h. The system then steadily weakened until 16 April 1979. between 16 and 18 April, however, the system became cold cored and intensified. A ship about 190 km from the centre reported force 10 winds. Gale warnings were re-issued for shipping and also for southwest Western Australia. Although gale force winds were reported along the southern west coast they were not sustained except near Cape Naturaliste and Cape Leeuwin. The only significant damage reported was some erosion at Perth metropolitan beaches.",Cyclone,1979,,,,,,,,,,,,,
Undeclared,Cyclone IVAN,16-Mar-79,21-Mar-79,FY78,,,"Indian Ocean event, no significant Australian landfall.",Cyclone,1979,,,,,,,,,,,,,
CAT791,Cyclone Hazel,7-Mar-79,14-Mar-79,FY78,,,"Tropical Cyclone Hazel formed off the north-west Kimberley coast and reached maximum gusts of 137 km per hour at Carnarvon. The cyclone caused an estimated $20 million worth of damage including $5 million to wharf and salt loading equipment at Cape Cuvier and $2 million to the banana crop in Carnarvon. A crew of 15 on a Taiwanese fishing boat was lost in heavy seas, 230 km north of Barrow Island. Considerable damage also occurred to buildings, trees, pasture and stock feed in the northern agricultural area especially around Geraldton.",Cyclone,1979,,"$25,000,000 ","$493,100,000 ",,,,,,,,,,
Undeclared,Cyclone ROSA,16-Feb-79,1-Mar-79,FY78,FNQ,,"A persisting cloud cluster was initially detected on satellite photographs near the Solomon Islands on 12 February 1979. The system moved westward and became a tropical depression near Samarai on 14 February 1979. The low moved to the Gulf of Carpentaria where the track became very erratic. The system intensified over the Gulf and attained cyclone strength by 0000 UTC 25 February 1979. The track of the system after 0000 UTC 25 February 1979 is depicted below. The cyclone crossed the coast 30 km north-northwest of Bing Bong homestead at 0400 UTC 26 February 1979 with an estimated central pressure of 955 hPa, the lowest pressure during its life cycle. The lowest recorded pressure was 993.3 hPa at Centre Island (in the Sir Edward Pellew Group) at 0000 UTC 26 February 1979. The NOAA research aircraft investigated the cyclone on a single mission as the cyclone was making landfall. At the point of closest approach at 0440 UTC 26 February 1979 the maximum wind encountered was 169 km/h at an altitude of 540 m, 37 km northeast of the centre of the eye. The eye diameter was 37 km. The highest 24-hour rainfall totals were 79 mm at McArthur River on 27 February and 74.2 mm at Centre Island on 26 February. An unofficial report from Nathan River estimated 250 mm on 26 February. The highest cumulative total for the period 20 to 28 February 1979 was 197.8 mm at Centre Island. Coastal and riverside stations in the southwest Gulf of Carpentaria reported unusually high tides. Seas were very rough at Bing Bong where the water level was estimated to have risen two metres above the spring high tide mark. A tide gauge on Groote Eylandt was washed away. Thousands of dollars worth of structural damage to station properties, together with the felling of extensive tracts of forest, were reported in the southwest Gulf of Carpentaria and Roper-McArthur district. A light aircraft stranded on North Island, Sir Edward Pellew Group, was destroyed.",Cyclone,1979,,,,,,,,,,,,,
Undeclared,Cyclone KERRY,12-Feb-79,6-Mar-79,FY78,FNQ,,"Kerry was a remarkable tropical cyclone having a long life-span and erratic track. It is also notorious for being only one of two cyclones in the Australian region to have an airplane (a US NOAA research aircraft) fly into the cyclone (the other being TC Rosa ). Indeed a wind speed of 252 km/h measured by this aircraft at an altitude of 540 m was at that time one of the strongest low-level winds measured in a cyclone in the Australian area. Kerry 's origin is linked to a low that became evident near 5S, 170E on 7 February 1979. By 10 February 1979 some cyclonic curvature could be detected in the surrounding convective cloud field. Three days later the system was displaying consistent organisation. The subsequent erratic track is shown below. Kerry intensified steadily while moving west-southwest at 15 to 35 km/h and by 15 February 1979 was classified as a severe tropical cyclone. As Kerry crossed the Solomon Islands maximum observed winds were 72 km/h at about 70 km south of the cyclone, however widespread destruction and loss of life were experienced near the centre, indicating the existence of much stronger winds. Estimated winds from satellite data were 125 to 145 km/h. After moving away from the Solomon Islands on a southwesterly track, Kerry again intensified steadily. Maximum intensity was attained on 19 February 1979 and Kerry then slowly weakened while moving towards landfall on 1 March 1979. Kerry moved erratically around a large loop from 19 to 26 February 1979 crossing its own track at least three times. A factor in the decay after 19 February was the intrusion of dry sub-tropical air that moved around the west and northwest of the cyclone. This is a common feature of decaying cyclones in the Australian region. Aircraft reconnaissance flights on 21 and 22 February 1979 and satellite imagery together show evidence of this dry air and suppressed convection in these quadrants. As Kerry approached the coast across the Whitsunday Islands radar surveillance showed a weak vortex with a ragged and poorly defined eye, but winds of over 108 km/h were observed. Kerry moved west-northwest over land for just over a day then moved northward back over the Coral Sea. The cyclone began to re-intensify east of Townsville late on 2 March 1979. This re-intensification continued while the cyclone moved northward to be east of Cairns on 3 March. Later that day Kerry came under the influence of strong northwesterly winds ahead of an appraoching large amplitude upper-level trough and accelerated to the southeast, weakened and decayed over the ocean on 6 March 1979. Although Kerry was a severe cyclone while well offshore, it had weakened considerably by the time it made landfall and only minor wind damage occurred in some coastal centres and offshore resorts.Nevertheless, boats collectively worth hundreds of thousands of dollars were damaged or destroyed in Mackay harbour on 1 March 1979. Twenty-four hour rainfall totals of up to 250 mm were reported from mainland centres with an isolated fall of 402 mm from Hayman Island in the Whitsunday Group . Little flood damage resulted however.",Cyclone,1979,,,,,,,,,,,,,
Undeclared,Cyclone GRETA,7-Jan-79,13-Jan-79,FY78,FNQ,,"After cyclone Peter lost intensity over eastern Cape York Peninsula in the first few days of January, the trough system in which it was embedded remained over the southern Gulf of Carpentaria-Cape York area. During the next few days the weak, complex low, which remained after Peter , migrated slowly westwards across the southeast and southern Gulf. By late on 7 January 1979 satellite photographs indicated a weak circulation. The system exhibited an erratic course to the northeast of Groote Eylandt and did not intensify until it began to move in an east-northeasterly direction after 2000 UTC 8 January 1979. The path of the low continued in an east-northeasterly direction, with gradual deepending to cyclone intensity and acceleration as it crossed the Gulf. Ship reports at 2100 UTC 9 January 1979 indicated 68 km/h winds 270 km north-northwest of the centre and near 68 km/h winds 100 km to the east-northeast. Greta , moving eastwards at 25 km/h, crossed the coast between 0200 UTC,and 0300 UTC 10 January 1979 about 20 km south of Weipa. Weipa recorded a maximum gust of 78 km/h and a 30-minute calm as the cyclone passed, as well as a minimum pressure of 986 hPa. Little damage was experienced. Greta maintained a well-marked cyclonic circulation during its continued eastward overland movement, but then crossed the Cape York Peninsula east coast, changed course to the south-southeast and then moved parallel to the coast at 15 km/h. The coast was re-crossed at 0500 UTC 11 January in Princess Charlotte Bay with an estimated central pressure of 990 hPa. Banding features remained evident on satellite pictures as it moved inland in a west-southwest direction. It eventually passed close to Alice Springs at 0200 UTC 16 January 1979 with a central pressure near 996 hPa. Greta produced flood rains over northern Cape York Peninsula with heavy rain extending south of Cairns. Flooding was not as serious as with the earlier Peter . No significant wind damage was reported.",Cyclone,1979,,,,,,,,,,,,,
Undeclared,Cyclone GORDON,4-Jan-79,12-Jan-79,FY78,FNQ,,"Tropical cyclone Gordon developed east of the Santa Cruz Islands during the first week of January 1979. By the evening of 6 January 1979 it was centred just to the north of the New Hebrides Group with a central pressure well below 990 hPa. Satellite imagery during 6 January 1979 showed a clearly discernible circular eye and the cyclone was at its most intense. Gordon moved south-southwest towards New Caledonia until 7 January When it gradually turned to a more westerly track. Throughout 7 and 8 January 1979 satellite photographs indicated a marked weakening of the system. Reports from ships in the area and offshore automatic weather stations indicated winds generally from 55 to 70 km/h with one report of 83 km/h from Frederick Reef early on 10 January 1979. Throughout 10 January Gordon continued to weaken and lost all tropical cyclone characteristics: it continued to move westward, however, as a tropical low. On the following morning, the low changed to a west-southwesterly track and winds to 83 km/h were reported from offshore and coastal areas as the system approached the coast. It crossed the coast just south of Proserpine early on 12 January 1979 and rapidly decayed. Twenty-four hourly rainfall totals of up to 50 mm occurred in some coastal areas as the low crossed the coast but no significant structural damage or flooding was directly attributable to Gordon. Strong winds and rough seas that developed along the central and parts of the south coast of Queensland, however, caused some beach erosion in those areas.",Cyclone,1979,,,,,,,,,,,,,
Undeclared,Cyclone PETER,29-Dec-78,3-Jan-79,FY78,,,"The cyclone moved steadily east-southeastwards and developed in intensity. Maximum development (a central pressure of 980 hPa, estimated by the analysis technique of Dvorak 1975) was attained about six hours before landfall near Edward River Mission at 1100 UTC 31 December 1978. The strongest reported uinds were 120 km/h at Edward River Mission during landfall and later at Fitzroy Island. No significant wind damage resulted. Heavy to flood rains accompanied Peter . Mount Bellenden Ker (70 km south of Cairns) recorded 1140 mm in the 24 hours to 2300 UTC 5 January 1979, an Australian record (this rain gauge is located 1554.5 m above sea level). Other significant recordings were 402 mm at Cooktown in the 24 hours to 2300 GblT 31 December 1978 and 435 mm at Millaa Millaa in the 24 hours to 2300 UTC 2 January 1979. Serious flooding occurred from Tully to Cooktown, especially around Cairns. Flood damage was estimated at $10 million and there were two deaths.",Cyclone,1978,,"$4,500,000 ","$52,200,000 ",,,,,,,,,,
Undeclared,Cyclone WINNIE,25-Nov-78,30-Nov-78,FY78,,,Winnie was the fourth tropical cyclone of the season to operate in the Northwestern Australian Region. It was a severe cyclone. The minimum pressure during its mature stage was estimated to be 945 hPa with maximum winds of 105 km/h being generated near the centre. The track followed by Winnie is unusual in that it first moved generally eastsoutheastwards until maturity when it began moving southwestward and later southward. Between 21 and 25 March when Winnie was at its peak intensity its movement was very slow and meandering.,Cyclone,1978,,,,,,,,,,,,,
CAT784,Cyclone Alby,27-Mar-78,4-Apr-78,FY77,,,"Tropical Cyclone Alby formed north- west of Port Hedland and was detected on 27 March 1978. The cyclone passed close to the south-west corner of Western Australia on 4 April 1978, killing five people and causing widespread but mostly minor damage to the south-west. Storm surges and large waves caused coastal inundation and erosion from Perth to Busselton, while very strong winds caused fires that burned hectares of forest and farming land. In terms of damage it is estimated that ""Alby"" was the most devastating storm on record to affect the south-western areas of Western Australia.",Cyclone,1978,,"$13,000,000 ","$521,900,000 ",,,,,,,,,,
CAT783,NSW North Coast Storm,19-Mar-78,19-Mar-78,FY77,,,North Coast severe storms across multiple locations,Storm,1978,,"$5,000,000 ","$196,200,000 ",,,,,,,,,,
CAT781,Western Sydney Storms,16-Mar-78,16-Mar-78,FY77,,,"Severe thunderstorms with localised flooding across western Sydney,",Storm,1978,,"$7,000,000 ","$197,300,000 ",,,,,,,,,,
Undeclared,Cyclone GWEN,25-Feb-78,27-Feb-78,FY77,FNQ,,Gwen passed directly over Edward River Mission in the Gulf and maintaining its movement towards the southeast it became a rain depression. In sections of the Herbert district extremely heavy rain fell and up to 500 mm in 24 hr from a farm in the Palm Creek area. The Herbert at Gairloch rose 4.2 m in 11 hrs. Gales were reported near Townsville with a gust to 59 knots there.,Cyclone,1978,,,,,,,,,,,,,
CAT782,East Coast Low,10-Feb-78,12-Feb-78,FY77,,,"Flooding on 10 February affected Sydney, Camden, Lismore, Taree and Moruya, resulting in six deaths. The flooding accompanied severe storms that affected the Sydney, Newcastle and Wollongong regions on 10 and 11 February.  The Hawkesbury River recorded a height of 14.31 m at the Windsor Bridge (NOTE: a new gauge at Windsor Bridge reduced measurements by 30.5 cm). The flooding caused main evacuation routes to be closed and loss of power to Richmond and Windsor including west of the Hawkesbury River. The McGraths Hill sewerage plant was interrupted; electricity cut to Hawkesbury-Nepean Valley's low lying areas, including widespread power blackouts through flood bound areas of the State.",Storm,1978,,"$15,000,000 ","$445,600,000 ",,,,,,,,,,
Undeclared,Cyclone VERN,27-Jan-78,3-Feb-78,FY77,,,"Tropical cyclone Vern was the third system of the season to reach tropical cyclone intensity in the Northwestern Australian Region. It was the first to threaten the tropical parts of the State and was the only cyclone of the season to cross the northwest coast. Vern was an intense storm which caused high seas, very heavy swells and winds estimated at 145 km/h. Heavy falls of rain were recorded in the West Kimberley and in the De Grey partly as a result of the cyclone and partly because of a continuation of the northwest monsoon. Damage due to wind action was not serious although some small buildings near the storm's path were demolished; windmills and trees were also damaged. Widespread flooding caused silting and undermining of roads in the West Kimberley. The cost of repairs was estimated to be over $50,000.",Cyclone,1978,,,,,,,,,,,,,
Undeclared,Cyclone TRUDY,10-Jan-78,20-Jan-78,FY77,,,Trudy was the second tropical cyclone of the season to develop in the northwestern Australian Region. This cyclone also spent its entire life over the tropical waters of the eastern Indian Ocean. Trudy was an intense cyclone with an estimated central pressure of about 955 hPa on 16 January. At that time winds near the centre were estimated to have been about 160 km/h and gale force winds occurred over 700 km from the centre. No damage to shipping was reported.,Cyclone,1978,,,,,,,,,,,,,
Undeclared,Cyclone SAM,13-Dec-77,21-Dec-77,FY77,,,"Indian Ocean, no Australian landfall",Cyclone,1977,,,,,,,,,,,,,
Undeclared,Cyclone TOM,6-Nov-77,11-Nov-77,FY77,FNQ,,"Coral Sea, no Australian landfall",Cyclone,1977,,,,,,,,,,,,,
CAT774,Grafton Region Flooding,19-Aug-77,19-Aug-77,FY77,,,Riverine flooding in the Clarence River catchment,Flood,1977,,"$7,000,000 ","$165,900,000 ",,,,,,,,,,
Undeclared,Cyclone VERNA,28-Apr-77,3-May-77,FY76,,,"Arafua and Timor Sea event, no significant Australian landfall.",Cyclone,1977,,,,,,,,,,,,,
Undeclared,Cyclone LEO,24-Mar-77,28-Mar-77,FY76,,,Considerable damage was caused by the strong winds and flooding in coastal and nearby inland areas along Leo's path. Total damage was estimated at about $3 million. The roofs of about 40 houses were damaged in Port Hedland. At Marble Bar and Goldsworthy some roofs were either completely removed or were partly damaged. Windmill damage was sustained at Bamboo Springs and Wallal and presumably at many other stations. It was at its most intense stage when it crossed the coast with a central pressure estimated to be 955 hPa and maximum winds estimated to be 165 km/h.,Cyclone,1977,,"$3,000,000 ","$73,200,000 ",,,,,,,,,,
Undeclared,Cyclone OTTO,6-Mar-77,10-Mar-77,FY76,FNQ,,Otto moved from the Gulf into the Coral Sea near Cape Tribulation and made landfall again near Bowen. There was no significant wind damage however it severely aggravated already serious floods between Cairns and Ingham (inc. cape york) which resulted in $6 million crop and property damage. Heavy seas destroyed 1200 m of the esplanade at Machans Beach Cairns. Hay Point also suffered some sea damage. The wave station at Double Island Pt. recorded a significant wave (peak) height of 3.8 m (6.3 m).,Cyclone,1977,,"$9,000,000 ","$710,100,000 ",,,,,,,,,,
Undeclared,Cyclone KAREN,2-Mar-77,9-Mar-77,FY76,,,"Tropical cyclone Karen was the fourth cyclone of the season and the second to operate near the Northwest coast. It was a severe storm and although it caused mostly minor damage its track was so close to the coast that it caused gales along the whole of the Northwest coast from Cape Leveque to Northwest Cape. All centres along and close to the Northwest coast suffered damage because of the strong winds. Mostly the damage was minor, such as shrubs and trees being uprooted, power supplies and shipping schedules disrupted. The main damage occurred at Exmouth where some roofs of houses were damaged, trees uprooted and power lines broken. One woman suffered a badly gashed leg. A yacht was wrecked at East Intercourse Island by the heavy seas.",Cyclone,1977,,,,,,,,,,,,,
CAT772,Milawa Storms,18-Feb-77,18-Feb-77,FY76,,,"Severe Stroms impacting the rural communities of Tongala, Echuca, resulting in government grants and support to farmers as well as widespread privately insured damge.",Storm,1977,,"$4,000,000 ","$172,100,000 ",,,,,,,,,,
CAT773,Western Districts Bushfire,12-Feb-77,12-Feb-77,FY76,,,"On 12 February 1977, Streatham was partially destroyed by bushfires which spread across western Victoria to the South Australian border. The post office, community hall, and shops were destroyed in the blaze. The fires killed four people and a further seven are believed to have suffered heart attacks. Other areas that felt the effects of the fire included Penshurst, Tatyoon, Creswick, Pura Pura, Cressy, Beeac, Lismore and Little River. In total, the fires burnt 116 houses, 340 buildings, 103,000 hectares, and close to 200,000 livestock.",Bushfire,1977,,"$9,000,000 ","$190,700,000 ",,,,,,,,,,
Undeclared,Cyclone NANCY,12-Feb-77,13-Feb-77,FY76,FNQ,,"Coral Sea, no significant Australian landfall",Cyclone,1977,,,,,,,,,,,,,
Undeclared,Cyclone MILES,9-Feb-77,13-Feb-77,FY76,FNQ,,"Coral Sea, no significant Australian landfall",Cyclone,1977,,,,,,,,,,,,,
Undeclared,Cyclone LILY,8-Feb-77,11-Feb-77,FY76,FNQ,,"Coral Sea, no significant Australian landfall",Cyclone,1977,,,,,,,,,,,,,
Undeclared,Cyclone KEITH,29-Jan-77,31-Jan-77,FY76,FNQ,,"Keith first hit the coast east of Cairns, then moved back over the ocean and crossed the coast again at Cape Cleveland. Extensive wind damage to the tropical rain forest east of Babinda over the Graham Range as noted in the Hydrological experimental catchments. Large trees were uprooted and some snapped off above the roots. Elsewhere only minor wind damage occurred, however wind and rain combined to cause extensive losses to the banana and sugar crop. Floods cut the highway between Cairns and Townsville. Two men were killed when a yacht smashed into rocks on the western side of Acheron Is.",Cyclone,1977,,,,,,,,,,,,,
CAT771,Western Sydney Storms,21-Jan-77,21-Jan-77,FY76,,,"On 21 January 1977 severe thunderstorms spread over New South Wales, affecting mainly the Sydney regions of Bankstown and Richmond. Winds reached 124 km per hour and there was one fatality.",Storm,1977,,"$15,000,000 ","$474,100,000 ",,,,,,,,,,
Undeclared,Cyclone JUNE,16-Jan-77,19-Jan-77,FY76,FNQ,,"Coral Sea, no significant Australian landfall",Cyclone,1977,,,,,,,,,,,,,
Undeclared,Cyclone IRENE,6-Jan-77,13-Jan-77,FY76,,,Tropical cyclone Irene was the second of the season and the first to operate off the northwest coast. It remained over tropical waters throughout its lifetime and was too far away to seriously affect the coast. The track of cyclone Irene was abnormal during the early stages of its life in that it initially moved in a southeast direction from westsouthwest of Timor towards the North Kimberley coast. It then recurved sharply and moved parallel to the northwest coast. It was a severe storm and at its most intense stage the central pressure was estimated to be 970 hPa with an estimated maximum wind of about 150 km/h.,Cyclone,1977,,,,,,,,,,,,,
Undeclared,Cyclone TED,15-Dec-76,20-Dec-76,FY76,FNQ,,"Cyclone Ted made landfall in the Gulf of Carpenteria. 95% of buildings were damaged on Mornington Is and 700 people were made homeless. with similar damage at Burketown. Wind and high tides at Karumba badly damaged wharf and prawn processing installations. An estimated 250,000 head of livestock lost by drowning and low temperatures in Qld. The storm killed two people.",Cyclone,1976,,,"$582,900,000 ",,,,,,,,,,
Undeclared,Cyclone HARRY,15-Dec-76,21-Dec-76,FY76,,,"Indian ocean, no Australian landfall.",Cyclone,1976,,,,,,,,,,,,,
CAT763,Western Sydney Hailstorm,19-Oct-76,19-Oct-76,FY76,,,"On 10 November 1976, a severe hailstorm blanketed parts of Western Sydney. The worst affected suburbs were Villawood, Auburn and Lindcome where hailstones were the size of tennis balls. Ten people were injured and extensive damage was caused to cars, vehicles and the Auburn swimming centre, where the roof fell into the pool.",Hail,1976,,"$40,000,000 ","$1,264,200,000 ",,,,,,,,,,
CAT761,Toowoomba Hailstorm,19-Sep-76,19-Sep-76,FY76,SEQ,,"A severe storm caused extreme weather conditions in the Toowoomba region on 9 January 1976. Gale force winds combined with large hail produced widespread damage to infrastructure, buildings and houses.",Storm,1976,,"$12,000,000 ","$447,700,000 ",,,,,,,,,,
Undeclared,Cyclone CAROL,3-May-76,9-May-76,FY75,,,"Indian Ocean, no Australian ladfall.",Cyclone,1976,,,,,,,,,,,,,
Undeclared,Cyclone WATOREA,25-Apr-76,28-Apr-76,FY75,FNQ,,"Pacific ocean, no Australian Landfall.",Cyclone,1976,,,,,,,,,,,,,
Undeclared,Cyclone LINDA,14-Mar-76,17-Mar-76,FY75,,,"Indian ocean, no Australian landfall.",Cyclone,1976,,,,,,,,,,,,,
Undeclared,Cyclone HOPE,11-Mar-76,19-Mar-76,FY75,FNQ,,"Pacific ocean, no Australian Landfall.",Cyclone,1976,,,,,,,,,,,,,
Undeclared,Cyclone DAWN,3-Mar-76,6-Mar-76,FY75,FNQ,,Dawn developed on the north Queensland coast and moved down the coast crossing Fraser Island. Two homes were unroofed in North Mackay and trees were uprooted on Heron Isand. Rainfalls up to 230 mm between Proserpine and Bundaberg caused flash flooding.,Cyclone,1976,,,,,,,,,,,,,
Undeclared,Cyclone ALICE,2-Mar-76,13-Mar-76,FY75,,,"Indian oceon, no Australian landfall.",Cyclone,1976,,,,,,,,,,,,,
Undeclared,Cyclone COLIN,25-Feb-76,7-Mar-76,FY75,FNQ,,"Pacific ocean, no Australian Landfall.",Cyclone,1976,,,,,,,,,,,,,
Undeclared,Cyclone WALLY,22-Feb-76,27-Feb-76,FY75,,,Wally was the sixth cyclone of the season and the third to affect coastal areas of Western Australia. It formed just west of the Kimberley and then travelled in an arc slightly convergent to the northwest coast of Australia. It had travelled polewards almost to latitude 30S before recrossing the coast near Geraldton and moving inland to dissipate.,Cyclone,1976,,,,,,,,,,,,,
CAT762,Cyclone Beth,13-Feb-76,22-Feb-76,FY75,FNQ,,"Beth crossed the Queensland coast near and to the north of Bundaberg. The cyclone was very asymmetric with a band of hurricane force winds on the southern flank where it interacted with an intensifying high to the south. Widespread damage occurred in the Maryborough-Bundaberg area with 200 homes unroofed, two aircraft damaged and rainfall up to 200 mm caused flash flooding and cut roads for 18 hours. Heavy swell pounded the south coast and the wave recording station at Double Island Pt. recorded a significant wave (peak) height of 5.4 m (10.0 m)",Cyclone,1976,,"$3,000,000 ","$57,000,000 ",,,,,,,,,,
Undeclared,Cyclone ALAN,29-Jan-76,2-Feb-76,FY75,FNQ,,Alan crossed the north Queensland coast near Bloomfield River Mission and caused no structural damage. During the next ten days it became an intense monsoon depression and had a central pressure of 989 hPa near Tennant Creek. It recurved and passed near Birdsville and moved out to sea near Byron Bay. In its traverse of the inland it caused widespread flooding and in particular record flooding in the Condamine near Warwick.,Cyclone,1976,,,,,,,,,,,,,
Undeclared,Cyclone VANESSA,15-Jan-76,28-Jan-76,FY75,,,"Indian ocean, no Australian landfall.",Cyclone,1976,,,,,,,,,,,,,
Undeclared,Cyclone DAVID,13-Jan-76,21-Jan-76,FY75,FNQ,,David crossed the Queensland coast just north of St Lawrence (south of Mackay). It passed over Gannet Cay Automatic Weather Station where a central pressure of 970 hPa was recorded. It was intensifying right up to the time of landfall. A feature was its huge size with gales extending from Papua New Guinea waters down to Lord Howe Is. It generated huge swells and these combined with large tides caused extensive damage to Heron Island as it passed to the north. It crossed the coast in a sparsely populated area however winds unroofed 30 buildings in Yeppoon and several in Mt Morgan. Wind gusts reached 95 knots at Pine Islet and 84 knots at the Gladstone Met. Office.,Cyclone,1976,,,,,,,,,,,,,
Undeclared,Cyclone SUE,12-Dec-75,16-Dec-75,FY75,,,Tropical Cyclone category 1 formed in the Indian Ocean but did not make landfall.,Cyclone,1975,,,,,,,,,,,,,
Undeclared,Cyclone KIM,2-Dec-75,10-Dec-75,FY75,,,Tropical Cyclone category 1 formed in the Arafura Sea. Crossed the coast in Northern NT with no reported damage.,Cyclone,1975,,,,,,,,,,,,,
CAT752,Cyclone JOAN,1-Dec-75,10-Dec-75,FY75,,,"Tropical Cyclone Joan developed over the Timor sea and was named on 1 December 1975. The system passed close to the northern tip of Western Australia before moving west to south-westerly over the ocean and gradually intensified. Late on the 6th, the cyclone suddenly took a southerly direction and the eye crossed the coast 50 km west of Port Hedland at about 6am on 8 December 1975. Despite Port Hedland not being in the centre of the storm it was subjected to strong winds exceeding 90 km per hour for approximately 10 hours with winds in excess of 120 km per hour for three hours. The maximum measured wind gust was 208 km per hour. Severe property damage occurred at Port Hedland and other townships nearby. Eighty-five per cent of all houses were damaged to some degree. Power and communications were lost for several days. Heavy rainfall inland caused flooding. Marandoo, near Tom Price registered 591 mm while many other sites recorded rainfall over 400 mm. The heavy rain occurred along and just east of the cyclone track. Some of the two and three-day totals registered over the Hamersley Range represent in excess of a once in 100 year event.",Cyclone,1975,,"$20,000,000 ","$644,500,000 ",,,,,,,,,,
Undeclared,Cyclone RAY,17-Nov-75,25-Nov-75,FY75,,,Tropical Cyclone category 2 formed in the Indian Ocean but did not make landfall.,Cyclone,1975,,,,,,,,,,,,,
Undeclared,Cyclone DENISE,18-May-75,25-May-75,FY74,,,Tropical Cyclone category 1 fromed in the Indian Ocean but did not make landfall.,Cyclone,1975,,,,,,,,,,,,,
Undeclared,Cyclone CLARA,20-Apr-75,26-Apr-75,FY74,,,Tropical Cyclone category 1 formed in the Indian Ocean but did not make landfall.,Cyclone,1975,,,,,,,,,,,,,
Undeclared,Cyclone AMELIA,6-Apr-75,8-Apr-75,FY74,,,Tropical Cyclone category 1 crossed the coast near Darwin. No damage reported.,Cyclone,1975,,,,,,,,,,,,,
Undeclared,Cyclone BEVERLEY,27-Mar-75,28-Mar-75,FY74,,,Severe Tropical Cyclone category 5. Formed in the Indian Ocean and crossed the coast south of Exmouth. Damage exceeded $1m mostly near Exmouth and Learmonth and Carnarvon.,Cyclone,1975,,,,,,,,,,,,,
Undeclared,Cyclone VIDA,16-Mar-75,20-Mar-75,FY74,,,Tropical Cyclone category 3 formed in the Indian Ocean but did not make landfall.,Cyclone,1975,,,,,,,,,,,,,
Undeclared,Cyclone WILMA,10-Mar-75,14-Mar-75,FY74,,,Tropical Cyclone category 1 formed in the Indian Ocean and crossed the coast in western NT. No reports of damage,Cyclone,1975,,,,,,,,,,,,,
CAT751,Central Coast Flooding,9-Mar-75,12-Mar-75,FY74,,,"In March, severe flooding resulted in damage to the areas of Gosford, Sydney and the Illawarra region.",Flood,1975,,"$15,000,000 ","$698,600,000 ",,,,,,,,,,
Undeclared,Cyclone TRIXIE,15-Feb-75,22-Feb-75,FY74,,,"Severe Tropical Cyclone category 5, formed in the Indian Ocean crossing the WA coast near Onslow. Damage losses exceeded $5m.",Cyclone,1975,,,,,,,,,,,,,
Undeclared,Cyclone SHIRLEY,3-Feb-75,12-Feb-75,FY74,,,Tropical Cyclone category 3 formed in the Indian Ocean but did not make landfall.,Cyclone,1975,,,,,,,,,,,,,
Undeclared,Cyclone GLORIA,15-Jan-75,19-Jan-75,FY74,FNQ,,Tropical Cyclone category 3 formed in the Pacific Ocean but did not make landfall.,Cyclone,1975,,,,,,,,,,,,,
Undeclared,Cyclone ROBYN,14-Jan-75,19-Jan-75,FY74,FNQ,,Tropical Cyclone category 3 formed in the Pacific Ocean but did not make landfall.,Cyclone,1975,,,,,,,,,,,,,
Undeclared,Cyclone FLORA,12-Jan-75,15-Jan-75,FY74,FNQ,,Tropical Cyclone category 2 formed in the Pacific Ocean but did not make landfall.,Cyclone,1975,,,,,,,,,,,,,
CAT746,Cyclone TRACEY,21-Dec-74,25-Dec-74,FY74,,,"Tropical Cyclone Tracy struck Darwin in the early hours of 25 December 1974, and was rated a Category 4 cyclone. Before the instruments failed, the wind gauges registered speeds of 217 km per hour. The cyclone caused massive building and infrastructure damage to all power, water, sanitation and communications as well as huge commercial and industrial losses. More than 80 per cent of all buildings were destroyed or seriously damaged. The cyclone resulted in the death of 71 people, which included 22 who were lost at sea. Cyclone Tracy caused the largest ever evacuation and reconstruction operations in peacetime Australia. A total of 35,362 people (of the approx 47,000 population) were evacuated; 25,628 by air (15,950 in civilian aircraft and 9678 in military aircraft) and the remaining 9734 by road, to southern cities for many months.  By 1978, it was estimated that Darwin had regained the population level it had in December 1974.",Cyclone,1974,,"$200,000,000 ","$7,397,400,000 ",,,,,,,,,,
Undeclared,Cyclone SELMA,1-Dec-74,9-Dec-74,FY74,,,Tropical Cyclone category 1 formed in the Indian Ocean but did not make landfall.,Cyclone,1974,,,,,,,,,,,,,
Undeclared,Cyclone PENNY,6-Nov-74,16-Nov-74,FY74,,,Tropical Cyclone category 2 formed in the Indian Ocean but did not make landfall.,Cyclone,1974,,,,,,,,,,,,,
Undeclared,Cyclone NORAH,28-Oct-74,4-Nov-74,FY74,,,Tropical Cyclone category 2 formed in the Indian Ocean but did not make landfall.,Cyclone,1974,,,,,,,,,,,,,
Undeclared,Cyclone MARCIA,17-Oct-74,25-Oct-74,FY74,,,Tropical Cyclone category 2 formed in the Indian Ocean but did not make landfall.,Cyclone,1974,,,,,,,,,,,,,
CAT744,Gippsland Flooding,8-May-74,8-May-74,FY73,,,Riverine flooding event,Flood,1974,,"$4,000,000 ","$236,400,000 ",,,,,,,,,,
CAT743,Western Sydney Flood,24-Apr-74,24-Apr-74,FY73,,,"On 24 April 1974, severe flash flooding caused heavy damage in Sydney's western suburbs and the Blue Mountains. During a three-day period, rainfall of approximately 200 mm of was recorded. One person died as a result of the flooding.",Flood,1974,,"$20,000,000 ","$964,300,000 ",,,,,,,,,,
Undeclared,Cyclone ALICE,21-Mar-74,29-Mar-74,FY73,FNQ,,Tropical Cyclone cetegory 2 formed in the Pacific Ocean but did not make landfall.,Cyclone,1974,,,,,,,,,,,,,
Undeclared,Cyclone JENNY,17-Mar-74,31-Mar-74,FY73,,,"Tropical Cyclone category 2, formed in the Pacific Ocean and crossed the coast in north western NT. Reports of damage are unknown.",Cyclone,1974,,,,,,,,,,,,,
Undeclared,Cyclone JESSIE,16-Mar-74,25-Mar-74,FY73,,,Tropical Cyclone category 3 formed in the Indian Ocean but did not make landfall.,Cyclone,1974,,,,,,,,,,,,,
Undeclared,Cyclone ISOBEL,9-Mar-74,17-Mar-74,FY73,,,Tropical Cyclone category 3 formed in the Indian Ocean but did not make landfall.,Cyclone,1974,,,,,,,,,,,,,
CAT742,Cyclone ZOE,6-Mar-74,14-Mar-74,FY73,,,Port Macquarie to Brisbane,Cyclone,1974,,"$2,000,000 ","$318,000,000 ",,,,,,,,,,
Undeclared,Cyclone HELEN,28-Feb-74,8-Mar-74,FY73,,,Tropical Cyclone category 3 formed in the Indian Ocean but did not make landfall.,Cyclone,1974,,,,,,,,,,,,,
Undeclared,Cyclone YVONNE,8-Feb-74,13-Feb-74,FY73,FNQ,,Tropical Cyclone category 1 fromed in the Pacific Ocean and crossed the coast near Dunk Island and moved to the Gulf of Carpentaria before making groundfall again in the NT.? Reports of damage are unclear.,Cyclone,1974,,,,,,,,,,,,,
CAT745,Metropolitian Sydney Hailstorm,1-Feb-74,1-Feb-74,FY73,,,Widespread hail damage to vehicles and property,Hail,1974,,"$20,000,000 ","$964,300,000 ",,,,,,,,,,
Undeclared,Cyclone PAM,30-Jan-74,6-Feb-74,FY73,FNQ,,Tropical Cyclone formed in the Pacific Ocean as a category 3 but did not make landfall in Australia,Cyclone,1974,,,,,,,,,,,,,
CAT741,Brisbane Floods,24-Jan-74,24-Jan-74,FY73,SEQ,,"On 24 January 1974, torrential rain and record breaking floods were a direct result of Tropical Cyclone Wanda, which crossed north of Brisbane. Record flooding occurred in the Bulloo, Paroo, middle and lower reaches of the Flinders, Norman, Gilbert, Cooper, Diamantina, Georgina and Eyre rivers and creeks as well as Nerang, Brisbane City metropolitan, upper Brisbane, Bremer, Warrill and Logan rivers. By 29 January the Brisbane area had recorded 900 mm of rain. Brisbane also received 314 mm of rain in a 24 hour period surpassing the previous record established in 1931. Six thousand houses were inundated by flood waters, where 56 were either completely destroyed or deemed uninhabitable. There was widespread damage to infrastructure including roads, railways and bridges as well as power lines, resulted in serious power failures throughout the affected regions. Business and industries sustained millions of dollars in losses due to the heavy deluge.",Flood,1974,,"$68,000,000 ","$5,258,600,000 ",,,,,,,,,,
Undeclared,Cyclone WANDA,20-Jan-74,25-Jan-74,FY73,FNQ,,Tropical Cyclone category 1 crossed the coast of SE QLD south of Bundaberg. Caused considerable flooding in the region and particularly Brisbane where 14 people were killed as a result.,Cyclone,1974,,,,,,,,,,,,,
Undeclared,Cyclone VERA,17-Jan-74,21-Jan-74,FY73,FNQ,,"Tropical Cyclone category 2, formed in the Pacific Ocean but did not make landfall on the mainland of Australia.",Cyclone,1974,,,,,,,,,,,,,
Undeclared,Cyclone FIONA-GWENDA,6-Jan-74,13-Jan-74,FY73,,,Tropical Cyclone operationally considered as two dirrectent cyclones. Formed in the Indian Ocean as a Category 2. Made landfall between Broome and Derby. No significant damage reported.,Cyclone,1974,,,,,,,,,,,,,
Undeclared,Picton 5.6 Earthquake,3-Sep-73,3-Sep-73,FY73,,,"Minor but wide spread damage in Picton, Bowral and Wollongong.",Earthquake,1973,,"$2,800,000 ","$159,400,000 ",,,,,,,,,,
Undeclared,Cyclone MARCELLE,29-Apr-73,9-May-73,FY72,,,Tropical Cyclone category 4 formed west of Indonesia in the Indian Ocean and briefly crossed the ocean near Busselton. Reported damage not known.,Cyclone,1973,,,,,,,,,,,,,
Undeclared,Cyclone PAULA,26-Mar-73,1-Apr-73,FY72,,,Tropical Cyclone category 1 formed in the Indian Ocean south of Indonesia and dissapated before making landfall.,Cyclone,1973,,,,,,,,,,,,,
Undeclared,Cyclone BELLA,19-Mar-73,25-Mar-73,FY72,FNQ,,Tropical Cyclone category 1 formed in the Arafura Sea and crossed the coast line near Groote Eylandt. No damage reported.,Cyclone,1973,,,,,,,,,,,,,
Undeclared,Cyclone NELLIE,13-Mar-73,23-Mar-73,FY72,,,Tropical Cyclone category 3 formed in the Indian Ocean but did not make landfall.,Cyclone,1973,,,,,,,,,,,,,
CAT731,Cyclone MADGE,12-Mar-73,18-Mar-73,FY72,FNQ,,"Tropical Cyclone Madge crossed the coast near Cooktown causing widespread rain, which resulted in subsequent flooding to neighbouring towns along the coast. Coinciding Tropical Cyclone Bella also brought about extensive rain towards the end of March. The heavy rainfall caused river levels to rise and flood across Queensland including the Herbert, Tully, Nicholson, Gregory, Georgina, Burke, Hamilton, Diamantina, Thomson and Cloncurry.  The Bruce Highway, connecting Cairns and Townsville, was inundated with water and was subsequently cut in six places. There was also damage to buildings and houses along with reports of heavy crop and livestock losses.",Cyclone,1973,,"$30,000,000 ","$2,126,800,000 ",,,,,,,,,,
Undeclared,Cyclone KIRSTY,2-Mar-73,2-Mar-73,FY72,FNQ,,Tropical Cyclone formed in the Pacific Ocean but did not make landfall.,Cyclone,1973,,,,,,,,,,,,,
Undeclared,Cyclone LEAH,27-Feb-73,28-Feb-73,FY72,,,Tropical Low formed in the Indian Ocean and crossed the coast south of Darwin. Damage reports are unknown,Cyclone,1973,,,,,,,,,,,,,
Undeclared,Cyclone MAUD,28-Jan-73,31-Jan-73,FY72,,,Tropical Cyclone category 2 formed in the Indian Ocean but did not make landfall.,Cyclone,1973,,,,,,,,,,,,,
Undeclared,Cyclone ADELINE,27-Jan-73,29-Jan-73,FY72,FNQ,,Tropical Cyclone Adeline developed as a category 3 in the Gulf of Carpentaria and made landfall near the Northern Territory-Queensland border. Damage unknown,Cyclone,1973,,,,,,,,,,,,,
Undeclared,Cylone KERRY,19-Jan-73,24-Jan-73,FY72,,,"Tropical Cyclone category 4 formed in the Atlantic Ocean and crossed the coast near Karratha causing damage in Dampie, Roebourne and Karrartha.",Cyclone,1973,,,,,,,,,,,,,
Undeclared,Cyclone JEAN,10-Jan-73,17-Jan-73,FY72,,,Tropical Cyclone category 4 formed in the Atlantic Ocean but did not make landfall in Australia,Cyclone,1973,,,,,,,,,,,,,
Undeclared,Cyclone IDA,29-May-72,3-Jun-72,FY71,FNQ,,Tropical Cyclone Category 3 formed in the Pacific Ocean but did not make landfall in Australia,Cyclone,1972,,,,,,,,,,,,,
Undeclared,Cyclone HANNAH,7-May-72,11-May-72,FY71,FNQ,,Tropical Cyclone Category 3 which formed off the coast of PNG did not make landfall in Australia,Cyclone,1972,,,,,,,,,,,,,
Undeclared,Cyclone GAIL,11-Apr-72,17-Apr-72,FY71,FNQ,,Tropical Cyclone Category 4 fromed in the Pacific Ocean but did not make landfall.,Cyclone,1972,,,,,,,,,,,,,
Undeclared,Cyclone FAITH,10-Apr-72,24-Apr-72,FY71,FNQ,,Tropical Cyclone Category 1 formed in the Torres Strait crossing the coast in isolated far north QLD. Reported damage not known.,Cyclone,1972,,,,,,,,,,,,,
Undeclared,Cyclone CAROL,6-Apr-72,14-Apr-72,FY71,,,Tropical Cyuclone Category 3 formed in the Indian Ocean but did not make landfall,Cyclone,1972,,,,,,,,,,,,,
Undeclared,Cyclone EMILY,27-Mar-72,2-Apr-72,FY71,FNQ,,Tropical Cyclone Emily crossed the Queensland coast just to the southeast of Gladstone. The cyclone had been very severe and generated huge seas. It claimed the lives of 8 seaman in three separate incidents off the southern and central Queensland coasts. Flooding occurred with Kingaroy being isolated for a time and Breakfast Creek flooded some houses in Brisbane.,Cyclone,1972,,,,,,,,,,,,,
Undeclared,Cyclone VICKY,29-Feb-72,3-Mar-72,FY71,,,Tropical Cyclone formed in the Indian Ocean and crossed the NW coast as a Category 2. Reported damage not known.,Cyclone,1972,,,,,,,,,,,,,
Undeclared,Cyclone ANGELA,29-Feb-72,3-Mar-72,FY71,,,Tropical Cyclone Category 1 which formed in the Indian Ocean but did not make landfall.,Cyclone,1972,,,,,,,,,,,,,
Undeclared,Cyclone TESSIE,20-Feb-72,27-Feb-72,FY71,,,Tropical Cyclone Category 3 which formed in the Indian Ocesan but did not make landfall in Australia,Cyclone,1972,,,,,,,,,,,,,
CAT721,Cyclone DAISY,5-Feb-72,13-Feb-72,FY71,SEQ,,Daisy made landfall on Fraser Island and the bar at Sandy Cape dropped to 968.8 hPa. Some 200 homes were damaged at Pialba and more houses were unroofed in widely scattered townships. Forestry officials reported serious damage to forests near Maryborough and on Fraser Island. Flooding occurred throughout southeast Queensland with severe floods in Brisbane creeks. There was much damage to commercial stock in Brisbane. On the Gold Coast the mouth of Tallebudgera Creek silted up causing severe flooding upstream to commercial and domestic properties. Peak swell heights to 8.3 m were read at the South Nobby wave recording station on the Gold Coast. Severe erosion occurred down to Brunswick Heads and on the western side of Fraser Island where a 3 m storm surge was reported.,Cyclone,1972,,"$2,000,000 ","$189,500,000 ",,,,,,,,,,
Undeclared,Cyclone WENDY,4-Feb-72,9-Feb-72,FY71,FNQ,,Tropical Cyclone Category 2 which formed in the Pacific Ocean but did not make landfall in Australia,Cyclone,1972,,,,,,,,,,,,,
Undeclared,Cyclone CARLOTTA,11-Jan-72,21-Jan-72,FY71,FNQ,,Tropical Cyclone Category 2 which formed in the Pacific Ocean but did not make landfall in Australia,Cyclone,1972,,,,,,,,,,,,,
Undeclared,Cyclone BRONWYN,2-Jan-72,11-Jan-72,FY71,FNQ,,Formed in Gulf of Carpentaria crossed coast north of Weipa as a Tropical Low more than half of QLD received in excess of 50mm of rain in 48 hours,Cyclone,1972,,,,,,,,,,,,,
CAT712,Cyclone ALTHEA,19-Dec-71,29-Dec-71,FY71,FNQ,,"On 24 December 1971, Tropical Cyclone Althea swept across Townsville resulting in three deaths. On Magnetic Island 90 per cent of the houses were damaged or destroyed. Two tornadoes damaged trees and houses at Bowen. There was major flooding in Burdekin, resulting in a storm surge measuring 2.9 m in the Townsville Harbour and a 3.66 m storm surge north at Toolakea. Although the Toolakea storm surge occurred at low tide, the surge and large waves caused extensive damage along the Strand and at Cape Pallarenda.",Cyclone,1971,,"$25,000,000 ","$1,134,000,000 ",,,,,,,,,,
Undeclared,Cyclone KITTY,2-Dec-71,5-Dec-71,FY71,,,"A category 1 event in the Arafura sea, with limited damage reported in Darwin and Tiwi Island communities",Cyclone,1971,,,,,,,,,,,,,
Undeclared,Cyclone SALLY,30-Nov-71,4-Dec-71,FY71,,,"A category 4 storm event that crossed the coast in the vicinity of Broome WA, with minor levels of damage reported locally.",Cyclone,1971,,"$3,000,000 ","$313,200,000 ",,,,,,,,,,
Undeclared,Kin Kin Tornado,14-Aug-71,14-Aug-71,FY71,FNQ,,"On 14 August 1971 a tornado struck Kin Kin, a small community between Noosa and Gympie north of Brisbane, killing three people, destroying eight farmhouses and causing considerable damage to part of the town. The storm descended on the valley 9.30pm, a massive hail storm leaving a significant damage.",Storm,1971,,"$250,000 ",,,,,,,,,,,
Undeclared,Kin Kin Tornado,14-Aug-71,14-Aug-71,FY71,,,"On 14 August 1971 a tornado struck Kin Kin, a small community between Noosa and Gympie north of Brisbane, killing three people, destroying eight farmhouses and causing considerable damage to part of the town. The storm descended on the valley 9.30pm, a massive hail storm leaving a significant damage.",Cyclone,1971,,"$250,000 ","$31,700,000 ",,,,,,,,,,
Undeclared,Cyclone MAVIS,23-Mar-71,29-Mar-71,FY70,,,"23 to 29 March 1971 crossed coast near Denham, Western Australia causing minor flooding.",Cyclone,1971,,,,,,,,,,,,,
Undeclared,Cyclone LENA,13-Mar-71,19-Mar-71,FY70,FNQ,,"Coral sea event, Category 2, no Australian landfall",Cyclone,1971,,,,,,,,,,,,,
Undeclared,Cyclone MAGGIE-MURIEL,7-Mar-71,20-Mar-71,FY70,,,"Indian Ocean, Category 4, no Australian Landfall",Cyclone,1971,,,,,,,,,,,,,
Undeclared,Cyclone FIONA,16-Feb-71,28-Feb-71,FY70,FNQ,,"Category 3 cyclone impacting Far North QLD, with major flooding reporting in remote communities.",Cyclone,1971,,"$3,000,000 ","$141,200,000 ",,,,,,,,,,
Undeclared,Severe Tropical Cyclone IDA,15-Feb-71,20-Feb-71,FY70,FNQ,,"Coral sea cyclone event, no Australian landfall. This event was not declared as an insurance catastrophe for Australia. STC IDA casued an estimated $70mil (AUD) damage in the Solomon Islands",Cyclone,1971,,"$70,000,000 ",,,,,,,,,,,
CAT711,Gippsland Flood,12-Feb-71,12-Feb-71,FY70,,,Major flood event across much of the Gippsland Catchment.,Flood,1971,,"$2,000,000 ","$99,700,000 ",,,,,,,,,,
Undeclared,Cyclone GERTIE,11-Feb-71,16-Feb-71,FY70,FNQ,,Category 2 cyclone event with landafll in the vicinty of Townsville. Building damage due to winds and riverine flooding reported.,Cyclone,1971,,"$4,000,000 ","$284,800,000 ",,,,,,,,,,
Undeclared,Cyclone DORA,10-Feb-71,17-Feb-71,FY70,FNQ,,"Cyclone Dora formed in the Coral sea east of Proserpine on February 10, 1971, it took a southeasterly track over the next 4 days away from the QLD coast turning into a low pressure system well east of the QLD NSW border. On February 17 the system reintensified into a cyclone east of the Gold Coast and crossed the coast north of Brisbane at Redcliffe. Widespread structural damage was reported with power lines down and roofs removed.",Cyclone,1971,,"$6,000,000 ","$376,300,000 ",,,,,,,,,,
Undeclared,Cyclone AGGIE,31-Jan-71,3-Feb-71,FY70,,,"NT and Arnhem Land Category 1 cyclone event, minor flooding in remote communities.",Cyclone,1971,,,,,,,,,,,,,
Undeclared,Cyclone SHEILA,29-Jan-71,4-Feb-71,FY70,,,"A category 5 storms that crossed coast near Roebourne, Western Australia with significant but unrecorded damage",Cyclone,1971,,"$3,000,000 ","$59,700,000 ",,,,,,,,,,
Undeclared,Cyclone RITA,22-Jan-71,30-Jan-71,FY70,,,"A category 2 storm passing over Exmouth, Western Australia with minor flood damage only.",Cyclone,1971,,,,,,,,,,,,,
Undeclared,Cyclone POLLY,20-Jan-71,29-Jan-71,FY70,,,An Indian Ocean category 2 storm with no Australian landfall,Cyclone,1971,,,,,,,,,,,,,
Undeclared,Cyclone Loris,26-Dec-70,31-Dec-70,FY70,,,"Category 2 storm, 26 to 31 December 1970 crossed the Pilbara coast near Mandora with no serious damage",Cyclone,1970,,,,,,,,,,,,,
Undeclared,Cyclone Janet,20-Dec-70,24-Dec-70,FY70,,,"Category 2 storm, 19 to 25 December 1970 in central Indian Ocean",Cyclone,1970,,,,,,,,,,,,,
CAT702,East Coast Low,10-Dec-70,25-Dec-70,FY70,SEQ,,"Widespread flooding caused by an east coast low, 16 fatalities reported across all states.",Storm,1970,,"$5,000,000 ","$366,700,000 ",,,,,,,,,,
Undeclared,Cyclone Beverley-Eva,26-Nov-70,1-Dec-70,FY70,,,"Category 3 storm, 26 November to 1 December 1970 in Arafura Sea.",Cyclone,1970,,,,,,,,,,,,,
Undeclared,Cyclone Carmen,20-Nov-70,26-Nov-70,FY70,,,A Category 1 storm starting on November 20 and left the Gulf on November 26.,Cyclone,1970,,,,,,,,,,,,,
Undeclared,Cyclone Andrea,31-Oct-70,10-Nov-70,FY70,,,Indian Ocean Category 3 strom with no Australian landfall,Cyclone,1970,,,,,,,,,,,,,
Undeclared,Cyclone Lulu,4-May-70,9-May-70,FY69,,,"Category 2, 4 to 9 May caused flooding around the Pilbara region of Western Australia",Cyclone,1970,,,,,,,,,,,,,
Undeclared,Cyclone Kathy,19-Mar-70,30-Mar-70,FY69,,,Indian Ocean Category 3 strom with no Australian landfall,Cyclone,1970,,,,,,,,,,,,,
Undeclared,Cyclone Cindy,11-Mar-70,22-Mar-70,FY69,,,"Category 3 storm, 11 to 22 March 1970 in Gulf of Carpentaria",Cyclone,1970,,,,,,,,,,,,,
Undeclared,Cyclone Dawn,10-Feb-70,19-Feb-70,FY69,FNQ,,"Category 5, 10 to 19 February 1970 in Coral Sea with heavy rain",Cyclone,1970,,,,,,,,,,,,,
Undeclared,Cyclone Florence,10-Feb-70,12-Feb-70,FY69,FNQ,,"Coral Sea Category 1 event, no significant landfal",Cyclone,1970,,,,,,,,,,,,,
Undeclared,Cyclone Ingrid,9-Feb-70,17-Feb-70,FY69,,,"Category 5, 9 to 17 February 1970 crossed coast near Carnarvon, Western Australia causing severe agricultural damage.",Cyclone,1970,,,,,,,,,,,,,
Undeclared,Cyclone Judy,9-Feb-70,24-Feb-70,FY69,,,Indian Ocean Category 3 strom with no Australian landfall,Cyclone,1970,,,,,,,,,,,,,
Undeclared,Cyclone Glynis,26-Jan-70,6-Feb-70,FY69,,,"Category 1, 27 January to 7 February 1970 crossed coast near Mandurah, Western Australia but no major damage",Cyclone,1970,,,,,,,,,,,,,
CAT701,Cyclone Ada,17-Jan-70,18-Jan-70,FY69,FNQ,,"On 17 January 1970, Tropical Cyclone Ada moved through the Whitsunday Island group. Day Dream Island was the worst affected with its resort destroyed. On Hayman Island 75 per cent of buildings were destroyed. Heavy rains and flooding brought havoc and dislocation of traffic and communications in the coastal strip between Bowen and Mackay. Shute Harbor, Airlie Beach and Cannonvale received damage of up to 80 per cent of buildings. Fourteen people died as a result of the category four cyclone.",Cyclone,1970,,"$12,000,000 ","$614,800,000 ",,,,,,,,,,
Undeclared,Cyclone Diane,3-Jan-70,17-Jan-70,FY69,,,Indian Ocean Category 3 strom with no Australian landfall,Cyclone,1970,,,,,,,,,,,,,
Undeclared,Boolara 5.3 Earthquake,20-Jun-69,20-Jun-69,FY68,,Boolara,"Cracked walls and stacked chimneys in and around epicentral area. Felt in central and eastern Victoria including Geelong, Benalla and Orbost and on Flinders Island. This event was not declared as a catastrophe for insurance purposes.",Earthquake,1969,,"$250,000 ","$21,800,000 ",,,,,,,,,,
Undeclared,Cyclone Esther,25-Apr-69,30-Apr-69,FY68,FNQ,,Coral Sea event with no landfall and no reported signifciant damage.,Cyclone,1969,,,,,,,,,,,,,
Undeclared,Cyclone Leonie,29-Mar-69,6-Apr-69,FY68,,,"Indian Ocean, No Landfall",Cyclone,1969,,,,,,,,,,,,,
Undeclared,Cyclone Audrey,28-Feb-69,9-Mar-69,FY68,,,"A category 2 cyclone that traveled through the northern part of the NT and into WA. Reported: Rough to very rough seas 350 - 500km around centre from 2nd to 4th and also along NW coast and Bonaparte Gulf from 4th to 6th. Very high tides at Gove and Yirrkala.Four fishermen from Goulburn Is. drowned in a small boat. Some tree damage, but wind damage surprisingly light. Milingimbi lost its school roof. At Maningrida lines and aerials were blown down. This event was not declared as a catastrophe for insurance purposes.",Cyclone,1969,,,,,,,,,,,,,
Undeclared,Cyclone Irene,18-Feb-69,23-Feb-69,FY68,FNQ,,Coral Sea event with no landfall and no reported signifciant damage.,Cyclone,1969,,,,,,,,,,,,,
Undeclared,Cyclone Gladys,15-Feb-69,20-Feb-69,FY68,,,A category 1 storm that made landfall at Eight Mile Beach as a tropicl low. No signifciant damage reported.,Cyclone,1969,,,,,,,,,,,,,
Undeclared,Cyclone Colleen,27-Jan-69,5-Feb-69,FY68,FNQ,,Coral Sea event with no Australian landfall and no reported signifciant damage in Australia. Note: Damage occured during landfall in New Caledonia.,Cyclone,1969,,,,,,,,,,,,,
Undeclared,Cyclone Bridget,23-Jan-69,26-Jan-69,FY68,FNQ,,Coral Sea event with no landfall and no reported signifciant damage.,Cyclone,1969,,,,,,,,,,,,,
CAT691,Lara Bushfire,8-Jan-69,8-Jan-69,FY68,,,"On 8 January 1969, 230 fires, burnt more than 324,000 hectares. Twenty-one of these fires were highly destructive with the worst occurring on the urban fringe of Melbourne.  A fire at Anakie near the Geelong-Ballan Road which had been extinguished the previous day flared up again and moved quickly towards Lara where it destroyed a 90 year old gothic church and 40 houses.  The worst death toll occurred when a fast-moving grass fire approached the four-lane Melbourne-Geelong Expressway at Lara. Seventeen people died when they left their cars and, in the dense smoke, tried to outrun the fire. Six people who sheltered in their cars survived.  The fire burnt to the edge of suburban Melbourne affecting Altona, Diamond Valley and Kangaroo Ground. In total 23 people died, 100 were injured, and 230 homes and 21 buildings were destroyed.",Bushfire,1969,,"$7,845,000 ","$756,300,000 ",,,,,,,,,,
Undeclared,Blue Mountains Bushfire,15-Oct-68,3-Dec-69,FY68,,,"During the period 15 October until 3 December, a bushfire damaged the Blue Mountain region. Winds recorded up to 100 km per hour, intensified the fire front. Due to an unusually dry spring, conditions allowed the fire to burn for approximately four weeks. Widespread damage was caused to infrastructure, houses and buildings. A total of 1,500,000 ha were burnt and 14 people died. Other areas affected included; Valley Heights, Warrimoo, Blaxland and Emu Plains.  This event was not declared as a catastrophe for insurance purposes. This insured loss estimate is based on market submissions to ICA from greater than 50% of market, modeled to estimate the industry loss estimate.",Bushfire,1968,,"$1,500,000 ","$129,700,000 ",,,,,,,,,,
CAT681,Meckering 6.9 Earthquake,14-Oct-68,14-Oct-68,FY68,,Meckering,"The small town of Meckering, 130km east of Perth, was destroyed by the second strongest onshore earthquake recorded in Australia. Twenty people were injured and 50 buildings damaged. In Perth buildings swayed for three minutes, and tremors were felt up to 700km from the epicentre. Before the earthquake, Meckering had 51 dwellings, 12 businesses and 15 public buildings. Only 16 houses and three businesses survived. The ground ruptured in a scarp 37km long, and where the fault crossed the highway, the road was split by a step 1.5m high. Railway lines buckled and a water main folded upon itself.",Earthquake,1968,,"$1,500,000 ","$73,700,000 ",,50,21,,,,,,,
Undeclared,Gisele,2-Apr-68,7-Apr-68,FY67,FNQ,,"Coral Sea, No landfall",Cyclone,1968,,,,,,,,,,,,,
Undeclared,Cyclone 196828,25-Feb-68,28-Feb-68,FY67,FNQ,,"Coral Sea, No landfall",Cyclone,1968,,,,,,,,,,,,,
Undeclared,Cyclone 196821,19-Feb-68,19-May-68,FY67,,,"Gulf cyclone, no signifciant damage reported to ICA",Cyclone,1968,,,,,,,,,,,,,
Undeclared,Bonnie,19-Feb-68,27-Feb-68,FY67,,,"Gulf cyclone, no signifciant damage reported to ICA",Cyclone,1968,,,,,,,,,,,,,
Undeclared,Gina,13-Feb-68,26-Feb-68,FY67,,,"Indian Ocean, No Landfall",Cyclone,1968,,,,,,,,,,,,,
Undeclared,Ella,5-Feb-68,7-Feb-68,FY67,,,"Indian Ocean, No Landfall",Cyclone,1968,,,,,,,,,,,,,
Undeclared,Dixie,25-Jan-68,27-Jan-68,FY67,FNQ,,"Gulf cyclone, no signifciant damage reported to ICA",Cyclone,1968,,,,,,,,,,,,,
Undeclared,Doreen,19-Jan-68,24-Jan-68,FY67,,,Category 3 cyclone event that struck the Cocos Islands,Cyclone,1968,,,,,,,,,,,,,
Undeclared,Cyclone BERTHA,19-Jan-68,26-Jan-68,FY67,,,NT and WA,Cyclone,1968,,,,,,,,,,,,,
Undeclared,Brenda,13-Jan-68,18-Jan-68,FY67,FNQ,,"Coral Sea, No landfall",Cyclone,1968,,,,,,,,,,,,,
Undeclared,Cyclone BETSY,11-Jan-68,17-Jan-68,FY67,,,"Timor Sea, No Landfall",Cyclone,1968,,,,,,,,,,,,,
Undeclared,Cyclone Annie,10-Nov-67,16-Nov-67,FY67,FNQ,,Cyclone Annie was a Category 2 cyclone in the Coral Sea that did not make landfall. This event was not declared as a catastrophe for insurance purposes.,Cyclone,1967,,,,,,,,,,,,,
CAT673,SEQ Hailstorm,12-Jun-67,12-Jun-67,FY66,SEQ,Brisbane,"A signifciant hailstom hitting metro Brisbane and surrounding suburbs. No deaths, minor injuriesd and significant damage to property and vehicles. This insured loss estimate is based on market submissions to ICA from greater than 50% of market, modeled to estimate the industry loss estimate",Hail,1967,,"$18,000,000 ","$2,242,400,000 ",,,,,,,,,,
Undeclared,Cyclone Laura,6-Apr-67,15-Apr-67,FY66,,,0,Cyclone,1967,,,,,,,,,,,,,
Undeclared,Cyclone GLENDA,26-Mar-67,6-Apr-67,FY66,FNQ,,"Cyclone Glenda was a Category 2 cyclone in the Coral Sea that did not make landfall. Tropical Cyclone Glenda moved south 500 km east of Brisbane, resulting in large waves eroding Gold Coast beaches. Waves up to 16 m off the South Queensland Coast were reported where six men lost their lives in two separate boating incidents. Glenda was last of a series of cyclones and beaches along the south coast of Queensland were further eroded. The erosion came within 20 yards of the new Coolangatta SLSC and the patio was damaged by subsidence. The Maranui at 1520UTC 4 April was located at 30.00S 158.50E wind turned southerly/75 knots MSLP 985.4 hPa. At 2000UTC located at 29.60S 158.00E wind SW/70knots MSLP 981.6hPa. On 2300UTC 1 April the 9000 ton White Ocean was 100 mi south of the centre in waves generally less than 20 feet in height. But occasionally waves were much higher and crashed into the superstructure 50 feet above the waterline. The Capt and 3rd officer were caught on the forecastle on one of these waves. The third officer was killed and the Capt badly injured. The 33ft Beagle was anchored in the lee of Double Island Point at 0830UTC 2 April when the boat was caught broadside by a huge wave and broken up with 5 of the crew of 6 were drowned. The previous day the Malveena reported waves to 50feet along the open coast near here. This event was not declared as a catastrophe for insurance purposes.",Cyclone,1967,,,,,,,,,,,,,
Undeclared,Cyclone DULCIE,13-Mar-67,17-Mar-67,FY66,FNQ,,Coral Sea cyclone (13-17 March 1967) with no landfall and no reported significant damage.,Cyclone,1967,,,,,,,,,,,,,
Undeclared,Cyclone ELAINE,13-Mar-67,19-Mar-67,FY66,SEQ,"Brisbane, Logan, Cairns","Cyclone Elaine was a Category 1 cyclone in the Coral Sea that did not make landfall. Monsoonal rains associated with Cyclone Elaine caused flood damage throughout Queensland, as far south as Brisbane.  Falls exceeding 1200 mm over a 4 day period occured in the Barron and Herbert river catchments. Major flooding was also reported in the Barron, Johnstone and Tully catchments, with damage occuring to sugar industry infrastructure.  Reporting at the time indicated a signifciant loss of sugar crops due to flooding and silt (upto 2m in some locations). This event was not declared as a catastrophe for insurance purposes. This insured loss estimate is based on market submissions to ICA from greater than 50% of market, modeled to estimate the industry loss estimate.",Cyclone,1967,,"$12,000,000 ","$2,744,400,000 ",,,,,,,,,,
Undeclared,Cylone CYNTHIA,13-Mar-67,19-Mar-67,FY66,,"Goote Eylandt, Angurugu, Roper River",Cyclone Cynthia was a Category 1 cyclone impacting communities in the Gulf of Carpentaria.  Damage reported included 2 barges and 2 launches damaged on Groote and 3 small boats at Angurugu. Highway and railway cut. Roper River Mission storage dam wall gave way. On Groote Eylandt several bridges severely damaged. No reports of major structural damage due to wind.This event was not declared as a catastrophe for insurance purposes.,Cyclone,1967,,,,,,,,,,,,,
Undeclared,Cyclone Gwen,4-Mar-67,6-Mar-67,FY66,,,"Indian Ocean, No Landfall",Cyclone,1967,,,,,,,,,,,,,
Undeclared,Cyclone BARBARA,17-Feb-67,21-Feb-67,FY66,SEQ,"Brisbane, Gold Coast, Byron Bay, Lismore, Murwillumbah, Ballina, Lismore, Kyogle","Cyclone Barbara was a Category 1 cyclone in the Coral Sea that crossed the coast at Bryon Bay in NSW. Coastal erosion was exrtensive and there was some property damage reported as well as localised flooding due to high rainfall. Flooding occured in the Northern Rivers regions after Barbara was doengraded to a tropical low. This event was not declared as a catastrophe for insurance purposes. This insured loss estimate is based on market submissions to ICA from greater than 50% of market, modeled to estimate the industry loss estimate.",Cyclone,1967,,"$2,000,000 ","$701,400,000 ",,,,,,,,,,
Undeclared,Unamed,12-Feb-67,16-Feb-68,FY66,,,"Gulf cyclone, no signifciant damage reported to ICA",Cyclone,1967,,,,,,,,,,,,,
CAT672,Bushfire,7-Feb-67,7-Feb-67,FY66,,,"An event which became known as the Black Tuesday bushfires. Reported at the time as the most deadly bushfires that Tasmania has ever experienced, leaving 62 people dead, 900 injured and over seven thousand homeless. 110 separate fire fronts burnt through some 2,640 square kilometres (652,000 acres) of land in Southern Tasmania within the space of five hours. Fires raged from near Hamilton and Bothwell to the D'Entrecasteaux Channel as well as Snug. There was extensive damage to agricultural property along the Channel, the Derwent Valley and the Huon Valley. Fires also destroyed forest, public infrastructure and properties around Mount Wellington and many small towns along the Derwent estuary and east of Hobart. The worst of the fires was the Hobart Fire, which encroached upon the city of Hobart. In total, the fires claimed 62 lives in a single day. Property loss was also extensive with 1293 homes and over 1700 other buildings destroyed. The fires destroyed 80 bridges, 4800 sections of power lines, 1500 motor vehicles and over 100 other structures. It was estimated that at least 62,000 farm animals were killed. The resulting insurance payout was the then largest in Australian history.",Bushfire,1967,,"$40,000,000 ","$4,103,600,000 ",,,,,,,,,,
CAT671,Cyclone DINAH,22-Jan-67,31-Jan-67,FY66,FNQ,"Bundaberg, Maryborough, Sunshine Coast, Gold Coast, Bli Bli, Noosa, Sandgate","Cyclone Dinah was a Category 4 cyclone in the Coral Sea that did not make landfall, however signficant damage was reported along the QLD coast from high winds and extreme rainfalls. Houses were unroofed at Bundaberg, Maryborough and on the Sunshine and Gold Coasts. A storm surge inundated cane farms at Bli Bli and there was knee-deep sea water in Hastings Street, Noosa. There was also sea-flooding to 1.5 metres depth in houses at Sandgate and more than 100 homes were inundated at Cribb Island, one being washed into the sea. The storm surge also impacted the Gold Coast as water lapped the decking of the Jubilee Bridge, about 1.5 m above the highest normal tide and a section of the esplanade collapsed at Surfer's Paradise. A similar surge affected the Tweed River, isolating the town of Fingal, and banana and sugar cane crops were destroyed in the region. Although 'Dinah' remained off the coast, trees were blown down from Rockhampton to Grafton (NSW) and just to the north a car was overturned by wind at Evans Head. This insured loss estimate is based on market submissions to ICA from greater than 50% of market, modeled to estimate the industry loss estimate",Cyclone,1967,,"$33,500,000 ","$6,189,500,000 ",,,,,,,,,,
Undeclared,Cyclone ELSIE,16-Jan-67,23-Jan-67,FY66,,Canarvon,"Cyclone Elsie was a Category 3 cyclone that made landfall in Western Australia near Nigaloo Reef. Minor damage was reported from wind driven water penetration, flooding from heavy rainfalls (7in / 24hrs) and some structural damage. Crop damage was reported in Canarvon, with 60% of the Banana Crop written off. This event was not declared as a catastrophe for insurance purposes.This insured loss estimate is based on market submissions to ICA from greater than 50% of market, modeled to estimate the industry loss estimate",Cyclone,1967,,"$2,000,000 ","$199,300,000 ",,,,,,,,,,
Undeclared,Cyclone Edith,6-Jan-67,9-Jan-67,FY66,,,"Indian Ocean, No Landfall",Cyclone,1967,,,,,,,,,,,,,